date,price,return,volatility,regime,sentiment_mean,post_volume,sentiment_std,sentiment_lag1,volatility_lag1,volume_lag1,sentiment_std_lag1
2022-01-09,41911.6015625,0.0042569704720818,0.0205428773027454,pre_etf,0.1975546218487395,238,0.4245625872659702,0.0759745161290322,0.0189584352851018,310.0,0.4095927227617809
2022-01-10,41821.26171875,-0.0021554853640055,0.0212631594989742,pre_etf,0.1190094915254237,295,0.3892488086194295,0.1975546218487395,0.0205428773027454,238.0,0.4245625872659702
2022-01-11,42735.85546875,0.0218691094532414,0.0254271881696731,pre_etf,0.1571383561643835,292,0.400255542214692,0.1190094915254237,0.0212631594989742,295.0,0.3892488086194295
2022-01-12,43949.1015625,0.0283894186846727,0.0215156684801505,pre_etf,0.1771489726027397,292,0.4246562022817963,0.1571383561643835,0.0254271881696731,292.0,0.400255542214692
2022-01-13,42591.5703125,-0.0308887144841734,0.0246299226495974,pre_etf,0.1751889344262295,244,0.4011114581927448,0.1771489726027397,0.0215156684801505,292.0,0.4246562022817963
2022-01-14,43099.69921875,0.0119302693589786,0.0192310650100059,pre_etf,0.1549767716535433,254,0.4169350634880941,0.1751889344262295,0.0246299226495974,244.0,0.4011114581927448
2022-01-15,43177.3984375,0.0018027786773091,0.0192770569302542,pre_etf,0.1481230769230769,221,0.4123987171101843,0.1549767716535433,0.0192310650100059,254.0,0.4169350634880941
2022-01-16,43113.87890625,-0.0014711291913973,0.0194362208850591,pre_etf,0.1711557692307692,208,0.401800213369953,0.1481230769230769,0.0192770569302542,221.0,0.4123987171101843
2022-01-17,42250.55078125,-0.0200243667909649,0.0214779083070537,pre_etf,0.1126521929824561,228,0.4109903152706533,0.1711557692307692,0.0194362208850591,208.0,0.401800213369953
2022-01-18,42375.6328125,0.0029604828561313,0.0196211687201552,pre_etf,0.1450536496350365,274,0.3708183619878659,0.1126521929824561,0.0214779083070537,228.0,0.4109903152706533
2022-01-19,41744.328125,-0.0148978232441587,0.0150993575265295,pre_etf,0.1129271255060728,247,0.3889184037160247,0.1450536496350365,0.0196211687201552,274.0,0.3708183619878659
2022-01-20,40680.41796875,-0.025486340397292,0.0137677171934445,pre_etf,0.1559559259259259,270,0.3910024932916564,0.1129271255060728,0.0150993575265295,247.0,0.3889184037160247
2022-01-21,36457.31640625,-0.1038116561571248,0.0373359106841363,pre_etf,0.1193504504504504,444,0.3990780484262302,0.1559559259259259,0.0137677171934445,270.0,0.3910024932916564
2022-01-22,35030.25,-0.0391434846807691,0.0359874596964356,pre_etf,0.0719223382045929,479,0.4232386514108532,0.1193504504504504,0.0373359106841363,444.0,0.3990780484262302
2022-01-23,36276.8046875,0.035585092527173,0.042770501134737,pre_etf,0.1338753462603878,361,0.4230568014482404,0.0719223382045929,0.0359874596964356,479.0,0.4232386514108532
2022-01-24,36654.328125,0.010406744495611,0.0446914503351383,pre_etf,0.1404921621621621,370,0.4076814684882058,0.1338753462603878,0.042770501134737,361.0,0.4230568014482404
2022-01-25,36954.00390625,0.0081757270308715,0.0451633939079694,pre_etf,0.1610169014084507,355,0.4074854884199652,0.1404921621621621,0.0446914503351383,370.0,0.4076814684882058
2022-01-26,36852.12109375,-0.0027570168785626,0.0455541125894809,pre_etf,0.1924208695652174,345,0.4034916954339028,0.1610169014084507,0.0451633939079694,355.0,0.4074854884199652
2022-01-27,37138.234375,0.0077638212607122,0.0462162429236253,pre_etf,0.1572870748299319,294,0.4254773910280731,0.1924208695652174,0.0455541125894809,345.0,0.4034916954339028
2022-01-28,37784.33203125,0.017397102127314,0.0228912983958742,pre_etf,0.1629446886446886,273,0.3976693533744206,0.1572870748299319,0.0462162429236253,294.0,0.4254773910280731
2022-01-29,38138.1796875,0.0093649308384582,0.0118650151730692,pre_etf,0.1294441176470588,238,0.401149475422714,0.1629446886446886,0.0228912983958742,273.0,0.3976693533744206
2022-01-30,37917.6015625,-0.0057836563466686,0.0079904006401776,pre_etf,0.2087861607142857,224,0.4117513304755947,0.1294441176470588,0.0118650151730692,238.0,0.401149475422714
2022-01-31,38483.125,0.0149145361045013,0.0085334508853573,pre_etf,0.1547708333333333,216,0.4059073712998833,0.2087861607142857,0.0079904006401776,224.0,0.4117513304755947
2022-02-01,38743.2734375,0.0067600652883568,0.0085180020564678,pre_etf,0.1158162866449511,307,0.4044293688326816,0.1547708333333333,0.0085334508853573,216.0,0.4059073712998833
2022-02-02,36952.984375,-0.0462090294303103,0.0219278195895585,pre_etf,0.1652058139534883,258,0.3780181322791609,0.1158162866449511,0.0085180020564678,307.0,0.4044293688326816
2022-02-03,37154.6015625,0.0054560461329451,0.0218192604960563,pre_etf,0.120963025210084,238,0.3853925505719839,0.1652058139534883,0.0219278195895585,258.0,0.3780181322791609
2022-02-04,41500.875,0.116978066100073,0.0496101592676014,pre_etf,0.1230137457044673,291,0.3741973030414672,0.120963025210084,0.0218192604960563,238.0,0.3853925505719839
2022-02-05,41441.1640625,-0.0014387874352046,0.0499632370115337,pre_etf,0.1076798507462686,268,0.3970474803029971,0.1230137457044673,0.0496101592676014,291.0,0.3741973030414672
2022-02-06,42412.43359375,0.0234373129525311,0.0493537840862965,pre_etf,0.1734447115384615,208,0.4251247780124204,0.1076798507462686,0.0499632370115337,268.0,0.3970474803029971
2022-02-07,43840.28515625,0.0336658720453715,0.0497211148997338,pre_etf,0.1161034810126582,316,0.3873596296547394,0.1734447115384615,0.0493537840862965,208.0,0.4251247780124204
2022-02-08,44118.4453125,0.0063448528050995,0.0497395180564412,pre_etf,0.1054003802281368,263,0.4155378245428555,0.1161034810126582,0.0497211148997338,316.0,0.3873596296547394
2022-02-09,44338.796875,0.0049945450466173,0.041506893615924,pre_etf,0.1479536741214057,313,0.3607013826288552,0.1054003802281368,0.0497395180564412,263.0,0.4155378245428555
2022-02-10,43565.11328125,-0.0174493592131327,0.0443028434954687,pre_etf,0.1770863333333333,300,0.4030245901274263,0.1479536741214057,0.041506893615924,313.0,0.3607013826288552
2022-02-11,42407.9375,-0.0265619826070333,0.021152102088444,pre_etf,0.1417235294117647,238,0.3951545263529134,0.1770863333333333,0.0443028434954687,300.0,0.4030245901274263
2022-02-12,42244.46875,-0.0038546734323026,0.0212614430422457,pre_etf,0.0884248756218905,201,0.4012243851987432,0.1417235294117647,0.021152102088444,238.0,0.3951545263529134
2022-02-13,42197.515625,-0.0011114620775056,0.0192460057691743,pre_etf,0.1434918181818182,220,0.4123255451507869,0.0884248756218905,0.0212614430422457,201.0,0.4012243851987432
2022-02-14,42586.91796875,0.0092280869615768,0.0132989296872195,pre_etf,0.1890760869565217,230,0.405396943319438,0.1434918181818182,0.0192460057691743,220.0,0.4123255451507869
2022-02-15,44575.203125,0.0466876977974548,0.0234364931051391,pre_etf,0.1022459459459459,296,0.4149870378826638,0.1890760869565217,0.0132989296872195,230.0,0.405396943319438
2022-02-16,43961.859375,-0.0137597522164965,0.0240613624015066,pre_etf,0.1137537878787878,264,0.4346855582905393,0.1022459459459459,0.0234364931051391,296.0,0.4149870378826638
2022-02-17,40538.01171875,-0.0778822302997733,0.0378491320488715,pre_etf,0.1634630036630036,273,0.4419110077946266,0.1137537878787878,0.0240613624015066,264.0,0.4346855582905393
2022-02-18,40030.9765625,-0.0125076473845776,0.0371664873340998,pre_etf,0.1291485401459854,274,0.4161885098051502,0.1634630036630036,0.0378491320488715,273.0,0.4419110077946266
2022-02-19,40122.15625,0.0022777282826873,0.0373413451813903,pre_etf,0.1678269911504424,226,0.4201338183925793,0.1291485401459854,0.0371664873340998,274.0,0.4161885098051502
2022-02-20,38431.37890625,-0.0421407397253231,0.0394728181162351,pre_etf,0.1728307692307692,221,0.4393903091514694,0.1678269911504424,0.0373413451813903,226.0,0.4201338183925793
2022-02-21,37075.28125,-0.0352862086879078,0.0389552223184615,pre_etf,0.136076953125,256,0.4152275364608976,0.1728307692307692,0.0394728181162351,221.0,0.4393903091514694
2022-02-22,38286.02734375,0.0326564237122273,0.0351947017168356,pre_etf,0.1211992481203007,266,0.4172400094775985,0.136076953125,0.0389552223184615,256.0,0.4152275364608976
2022-02-23,37296.5703125,-0.0258438156136229,0.0350794750888376,pre_etf,0.1250316279069767,215,0.4057438367382504,0.1211992481203007,0.0351947017168356,266.0,0.4172400094775985
2022-02-24,38332.609375,0.0277784003681638,0.0296824540524956,pre_etf,0.0788038834951456,309,0.4415468818607752,0.1250316279069767,0.0350794750888376,215.0,0.4057438367382504
2022-02-25,39214.21875,0.0229989397897596,0.0316676365465198,pre_etf,0.1314745967741935,248,0.4221352479605166,0.0788038834951456,0.0296824540524956,309.0,0.4415468818607752
2022-02-26,39105.1484375,-0.0027813970538428,0.0315978523935097,pre_etf,0.132194930875576,217,0.435481619208698,0.1314745967741935,0.0316676365465198,248.0,0.4221352479605166
2022-02-27,37709.78515625,-0.0356823420189836,0.0303416965212102,pre_etf,0.1604333333333333,207,0.4335767885316258,0.132194930875576,0.0315978523935097,217.0,0.435481619208698
2022-02-28,43193.234375,0.1454118392886461,0.0599902294759123,pre_etf,0.1137287162162162,296,0.4215073632905798,0.1604333333333333,0.0303416965212102,207.0,0.4335767885316258
2022-03-01,44354.63671875,0.026888524570001,0.0598831053469973,pre_etf,0.1029914285714285,280,0.3936885781389799,0.1137287162162162,0.0599902294759123,296.0,0.4215073632905798
2022-03-02,43924.1171875,-0.0097063027250092,0.0579841647959039,pre_etf,0.0970049122807017,285,0.4171624429147492,0.1029914285714285,0.0598831053469973,280.0,0.3936885781389799
2022-03-03,42451.7890625,-0.0335198114219356,0.0619831029410938,pre_etf,0.1449650205761317,243,0.3906369170488967,0.0970049122807017,0.0579841647959039,285.0,0.4171624429147492
2022-03-04,39137.60546875,-0.0780693503604916,0.0712258220086654,pre_etf,0.1261688118811881,202,0.4223102742403145,0.1449650205761317,0.0619831029410938,243.0,0.3906369170488967
2022-03-05,39400.5859375,0.0067193806468304,0.0712146780102282,pre_etf,0.1597738805970149,134,0.403989611444097,0.1261688118811881,0.0712258220086654,202.0,0.4223102742403145
2022-03-06,38419.984375,-0.0248879944083952,0.0703452675171942,pre_etf,0.1694128078817734,203,0.3953316902054409,0.1597738805970149,0.0712146780102282,134.0,0.403989611444097
2022-03-07,38062.0390625,-0.0093166438852826,0.0333277631876982,pre_etf,0.1029184466019417,206,0.4338082721939689,0.1694128078817734,0.0703452675171942,203.0,0.3953316902054409
2022-03-08,38737.26953125,0.0177402599908331,0.0314261209092255,pre_etf,0.16148,210,0.4200013689656431,0.1029184466019417,0.0333277631876982,206.0,0.4338082721939689
2022-03-09,41982.92578125,0.083786397164149,0.0501717644220166,pre_etf,0.1366513833992095,253,0.4303886577436124,0.16148,0.0314261209092255,210.0,0.4200013689656431
2022-03-10,39437.4609375,-0.0606309540457713,0.0536344447745502,pre_etf,0.1673616071428571,224,0.4289172849786533,0.1366513833992095,0.0501717644220166,253.0,0.4303886577436124
2022-03-11,38794.97265625,-0.0162913196229393,0.0447708488106908,pre_etf,0.1322470588235294,204,0.398440586816697,0.1673616071428571,0.0536344447745502,224.0,0.4289172849786533
2022-03-12,38904.01171875,0.0028106492938184,0.0446913921457287,pre_etf,0.1370380368098159,163,0.4180773745813839,0.1322470588235294,0.0447708488106908,204.0,0.398440586816697
2022-03-13,37849.6640625,-0.0271012579338149,0.0448961687951675,pre_etf,0.1573060109289617,183,0.4351123239052413,0.1370380368098159,0.0446913921457287,163.0,0.4180773745813839
2022-03-14,39666.75390625,0.0480080837903738,0.0482872985036381,pre_etf,0.149929207920792,202,0.4390516312619706,0.1573060109289617,0.0448961687951675,183.0,0.4351123239052413
2022-03-15,39338.78515625,-0.0082681015637209,0.0483150565330569,pre_etf,0.1124248780487804,205,0.4149180264133564,0.149929207920792,0.0482872985036381,202.0,0.4390516312619706
2022-03-16,41143.9296875,0.045887144813449,0.0390041942914622,pre_etf,0.1818341121495327,214,0.3940166037645695,0.1124248780487804,0.0483150565330569,205.0,0.4149180264133564
2022-03-17,40951.37890625,-0.0046799317107646,0.0296526825357888,pre_etf,0.183834496124031,258,0.4049233851872907,0.1818341121495327,0.0390041942914622,214.0,0.3940166037645695
2022-03-18,41801.15625,0.0207508847429873,0.0283362503129751,pre_etf,0.1240279792746114,193,0.413223135399931,0.183834496124031,0.0296526825357888,258.0,0.4049233851872907
2022-03-19,42190.65234375,0.0093178306222092,0.0281265476389158,pre_etf,0.1195986394557823,147,0.4635146459222595,0.1240279792746114,0.0283362503129751,193.0,0.413223135399931
2022-03-20,41247.82421875,-0.022346848712323,0.0270625832465969,pre_etf,0.1869682432432432,148,0.4734745146884654,0.1195986394557823,0.0281265476389158,147.0,0.4635146459222595
2022-03-21,41077.99609375,-0.0041172626245532,0.0225050750385076,pre_etf,0.2425531073446327,177,0.3959350474796036,0.1869682432432432,0.0270625832465969,148.0,0.4734745146884654
2022-03-22,42358.80859375,0.0311800141632243,0.0234823135505366,pre_etf,0.1313183673469387,196,0.423714971285745,0.2425531073446327,0.0225050750385076,177.0,0.3959350474796036
2022-03-23,42892.95703125,0.0126100911530078,0.0179174673089616,pre_etf,0.1345492957746479,213,0.4062198141609471,0.1313183673469387,0.0234823135505366,196.0,0.423714971285745
2022-03-24,43960.93359375,0.024898646221148,0.0184313432509215,pre_etf,0.1742504716981132,212,0.4165458843767942,0.1345492957746479,0.0179174673089616,213.0,0.4062198141609471
2022-03-25,44348.73046875,0.0088213976205258,0.0178492782990377,pre_etf,0.1917560606060606,198,0.423597372092044,0.1742504716981132,0.0184313432509215,212.0,0.4165458843767942
2022-03-26,44500.828125,0.003429583093865,0.0179495634325987,pre_etf,0.1700752747252747,182,0.4241918489839228,0.1917560606060606,0.0178492782990377,198.0,0.423597372092044
2022-03-27,46820.4921875,0.0521263122561272,0.0191460844877489,pre_etf,0.1959254335260115,173,0.4216368697478557,0.1700752747252747,0.0179495634325987,182.0,0.4241918489839228
2022-03-28,47128.00390625,0.0065678873583499,0.017395605371077,pre_etf,0.1629917012448132,241,0.4032748234940745,0.1959254335260115,0.0191460844877489,173.0,0.4216368697478557
2022-03-29,47465.73046875,0.007166154611,0.0171778198966404,pre_etf,0.1342760162601626,246,0.4250885288275839,0.1629917012448132,0.017395605371077,241.0,0.4032748234940745
2022-03-30,47062.6640625,-0.0084917350321905,0.0196512590619767,pre_etf,0.1422775330396475,227,0.4069357666878352,0.1342760162601626,0.0171778198966404,246.0,0.4250885288275839
2022-03-31,45538.67578125,-0.0323821082297023,0.0252449428162215,pre_etf,0.170903947368421,228,0.4218474203069066,0.1422775330396475,0.0196512590619767,227.0,0.4069357666878352
2022-04-01,46281.64453125,0.0163151153882676,0.0255749184304534,pre_etf,0.134282329317269,249,0.420658137971116,0.170903947368421,0.0252449428162215,228.0,0.4218474203069066
2022-04-02,45868.94921875,-0.0089170407983524,0.0262304765339134,pre_etf,0.1397543307086614,254,0.3853194191109718,0.134282329317269,0.0255749184304534,249.0,0.420658137971116
2022-04-03,46453.56640625,0.0127453799892374,0.0169132592758188,pre_etf,0.1531732620320855,187,0.4574052126162855,0.1397543307086614,0.0262304765339134,254.0,0.3853194191109718
2022-04-04,46622.67578125,0.0036403959498199,0.0167301580589161,pre_etf,0.1868254545454545,220,0.4371063623915481,0.1531732620320855,0.0169132592758188,187.0,0.4574052126162855
2022-04-05,45555.9921875,-0.0228790728090081,0.0179691320589732,pre_etf,0.1876542452830188,212,0.3964442695913824,0.1868254545454545,0.0167301580589161,220.0,0.4371063623915481
2022-04-06,43206.73828125,-0.0515684939224001,0.0250583533014982,pre_etf,0.1424072398190045,221,0.4243731487758057,0.1876542452830188,0.0179691320589732,212.0,0.3964442695913824
2022-04-07,43503.84765625,0.0068764592473051,0.0240746672529496,pre_etf,0.2012667938931298,262,0.4074112482676059,0.1424072398190045,0.0250583533014982,221.0,0.4243731487758057
2022-04-08,42287.6640625,-0.0279557707943397,0.0229457152100814,pre_etf,0.1612842696629213,267,0.4347074915506664,0.2012667938931298,0.0240746672529496,262.0,0.4074112482676059
2022-04-09,42782.13671875,0.0116930709513578,0.0247457284575371,pre_etf,0.2285680412371133,194,0.4137412114612567,0.1612842696629213,0.0229457152100814,267.0,0.4347074915506664
2022-04-10,42207.671875,-0.0134276800508243,0.0226926034576558,pre_etf,0.1723633540372671,161,0.4433858640746005,0.2285680412371133,0.0247457284575371,194.0,0.4137412114612567
2022-04-11,39521.90234375,-0.0636322595381245,0.0279271472862985,pre_etf,0.1390200836820083,239,0.4447143291517985,0.1723633540372671,0.0226926034576558,161.0,0.4433858640746005
2022-04-12,40127.18359375,0.0153150838928612,0.0314590362691824,pre_etf,0.1559518181818182,220,0.4529453865960975,0.1390200836820083,0.0279271472862985,239.0,0.4447143291517985
2022-04-13,41166.73046875,0.0259063004651518,0.0311137986518953,pre_etf,0.0954737864077669,206,0.4103555481468008,0.1559518181818182,0.0314590362691824,220.0,0.4529453865960975
2022-04-14,39935.515625,-0.0299080065317459,0.0315885229700535,pre_etf,0.2168648888888889,225,0.426960072011498,0.0954737864077669,0.0311137986518953,206.0,0.4103555481468008
2022-04-15,40553.46484375,0.0154736757264544,0.0321275524832322,pre_etf,0.1473333333333333,192,0.4363577869762371,0.2168648888888889,0.0315885229700535,225.0,0.426960072011498
2022-04-16,40424.484375,-0.0031805042860567,0.0312807545767272,pre_etf,0.1653772727272727,154,0.4246038488218676,0.1473333333333333,0.0321275524832322,192.0,0.4363577869762371
2022-04-17,39716.953125,-0.0175025423561756,0.0314439847217354,pre_etf,0.1961594594594594,185,0.397665793329636,0.1653772727272727,0.0312807545767272,154.0,0.4246038488218676
2022-04-18,40826.21484375,0.0279291746086074,0.0222509914955138,pre_etf,0.1199820224719101,178,0.4464825487537551,0.1961594594594594,0.0314439847217354,185.0,0.397665793329636
2022-04-19,41502.75,0.0165710967533785,0.0223541593666192,pre_etf,0.2536923076923077,208,0.3955837046443597,0.1199820224719101,0.0222509914955138,178.0,0.4464825487537551
2022-04-20,41374.37890625,-0.003093074404708,0.0204488530766851,pre_etf,0.1700364532019704,203,0.3843245126723292,0.2536923076923077,0.0223541593666192,208.0,0.3955837046443597
2022-04-21,40527.36328125,-0.0204719840488541,0.0182750724881766,pre_etf,0.190017816091954,174,0.3966916125419076,0.1700364532019704,0.0204488530766851,203.0,0.3843245126723292
2022-04-22,39740.3203125,-0.0194200388337162,0.0188167258228914,pre_etf,0.1553617021276595,188,0.4450935033908311,0.190017816091954,0.0182750724881766,174.0,0.3966916125419076
2022-04-23,39486.73046875,-0.0063811726165236,0.0188680803658933,pre_etf,0.175362893081761,159,0.4316888026675456,0.1553617021276595,0.0188167258228914,188.0,0.4450935033908311
2022-04-24,39469.29296875,-0.0004416040475622,0.0177826563004746,pre_etf,0.1750875776397515,161,0.440041103301408,0.175362893081761,0.0188680803658933,159.0,0.4316888026675456
2022-04-25,40458.30859375,0.0250578500553089,0.0170277333417389,pre_etf,0.1456301136363636,176,0.4419256328543312,0.1750875776397515,0.0177826563004746,161.0,0.440041103301408
2022-04-26,38117.4609375,-0.0578582678716236,0.0253223249377866,pre_etf,0.1751368983957219,187,0.3870676463856161,0.1456301136363636,0.0170277333417389,176.0,0.4419256328543312
2022-04-27,39241.12109375,0.029478882606909,0.0297880620211588,pre_etf,0.1672163366336634,202,0.4180216463252389,0.1751368983957219,0.0253223249377866,187.0,0.3870676463856161
2022-04-28,39773.828125,0.013575224570606,0.0300285886071362,pre_etf,0.1930174757281553,206,0.426981248900489,0.1672163366336634,0.0297880620211588,202.0,0.4180216463252389
2022-04-29,38609.82421875,-0.0292655738992938,0.0311737264999684,pre_etf,0.1540659898477157,197,0.4289003730598487,0.1930174757281553,0.0300285886071362,206.0,0.426981248900489
2022-04-30,37714.875,-0.0231793134741956,0.0320496095272819,pre_etf,0.1347176056338028,142,0.3884485922703023,0.1540659898477157,0.0311737264999684,197.0,0.4289003730598487
2022-05-01,38469.09375,0.0199979119644437,0.0335461721339285,pre_etf,0.1174145454545454,165,0.4606295170549339,0.1347176056338028,0.0320496095272819,142.0,0.3884485922703023
2022-05-02,38529.328125,0.0015657861708791,0.0313550328340344,pre_etf,0.1102846889952153,209,0.3965615938857612,0.1174145454545454,0.0335461721339285,165.0,0.4606295170549339
2022-05-03,37750.453125,-0.0202151202188917,0.0232695269665782,pre_etf,0.1540632768361582,177,0.440018405421473,0.1102846889952153,0.0313550328340344,209.0,0.3965615938857612
2022-05-04,39698.37109375,0.0515998566242374,0.028934666624228,pre_etf,0.1835313636363636,220,0.3974104884345236,0.1540632768361582,0.0232695269665782,177.0,0.440018405421473
2022-05-05,36575.140625,-0.0786740206890179,0.0411986533873698,pre_etf,0.1001167999999999,250,0.39322622268433,0.1835313636363636,0.028934666624228,220.0,0.3974104884345236
2022-05-06,36040.921875,-0.0146060614086839,0.0404918695478674,pre_etf,0.1645057142857142,245,0.4167836802404265,0.1001167999999999,0.0411986533873698,250.0,0.39322622268433
2022-05-07,35501.953125,-0.0149543552706363,0.0401320463979463,pre_etf,0.1268842424242424,165,0.4027272064300662,0.1645057142857142,0.0404918695478674,245.0,0.4167836802404265
2022-05-08,34059.265625,-0.0406368487649226,0.0396482708044554,pre_etf,0.2463629441624365,197,0.4031815893328984,0.1268842424242424,0.0401320463979463,165.0,0.4027272064300662
2022-05-09,30296.953125,-0.1104636999935314,0.0518464156477885,pre_etf,0.1171961904761904,315,0.4046170131251058,0.2463629441624365,0.0396482708044554,197.0,0.4031815893328984
2022-05-10,31022.90625,0.0239612584805093,0.0561132041771592,pre_etf,0.076516,300,0.4163070508000308,0.1171961904761904,0.0518464156477885,315.0,0.4046170131251058
2022-05-11,28936.35546875,-0.0672583917327216,0.0456330365554985,pre_etf,0.0916568306010928,366,0.4386861738391109,0.076516,0.0561132041771592,300.0,0.4163070508000308
2022-05-12,29047.751953125,0.0038497067986085,0.045610863247018,pre_etf,0.0793850815850815,429,0.4431542191229295,0.0916568306010928,0.0456330365554985,366.0,0.4386861738391109
2022-05-13,29283.103515625,0.0081022298345081,0.047764751815493,pre_etf,0.1108343653250774,323,0.4669035368889983,0.0793850815850815,0.045610863247018,429.0,0.4431542191229295
2022-05-14,30101.265625,0.0279397335374114,0.0522848123930599,pre_etf,0.096672,200,0.4660207950543791,0.1108343653250774,0.047764751815493,323.0,0.4669035368889983
2022-05-15,31305.11328125,0.0399932571356789,0.0562449311326411,pre_etf,0.073588,225,0.4253487671773431,0.096672,0.0522848123930599,200.0,0.4660207950543791
2022-05-16,29862.91796875,-0.0460690015571287,0.0401412088107161,pre_etf,0.14434,225,0.4057129145317625,0.073588,0.0562449311326411,225.0,0.4253487671773431
2022-05-17,30425.857421875,0.01885078523519,0.0396474783326333,pre_etf,0.1507779342723004,213,0.4045227972812422,0.14434,0.0401412088107161,225.0,0.4057129145317625
2022-05-18,28720.271484375,-0.0560571198980821,0.0366947300309207,pre_etf,0.0724995833333333,240,0.4417164240647256,0.1507779342723004,0.0396474783326333,213.0,0.4045227972812422
2022-05-19,30314.333984375,0.0555030442824064,0.0424532497156125,pre_etf,0.186412676056338,213,0.4203953637551936,0.0724995833333333,0.0366947300309207,240.0,0.4417164240647256
2022-05-20,29200.740234375,-0.036734890846488,0.0455129259333002,pre_etf,0.119902427184466,206,0.419552807855514,0.186412676056338,0.0424532497156125,213.0,0.4203953637551936
2022-05-21,29432.2265625,0.0079274130130611,0.0441081030945775,pre_etf,0.1546079787234042,188,0.4082857002609861,0.119902427184466,0.0455129259333002,206.0,0.419552807855514
2022-05-22,30323.72265625,0.0302897944828226,0.042684352741531,pre_etf,0.1798057291666666,192,0.4394392374039284,0.1546079787234042,0.0441081030945775,188.0,0.4082857002609861
2022-05-23,29098.91015625,-0.0403912314422766,0.0417908788196205,pre_etf,0.131828,200,0.4358408571713988,0.1798057291666666,0.042684352741531,192.0,0.4394392374039284
2022-05-24,29655.5859375,0.0191304684010797,0.0418153161098598,pre_etf,0.1653041237113402,194,0.4418040433597466,0.131828,0.0417908788196205,200.0,0.4358408571713988
2022-05-25,29562.361328125,-0.0031435767133879,0.0347994683767085,pre_etf,0.1620995145631067,206,0.4081328673537543,0.1653041237113402,0.0418153161098598,194.0,0.4418040433597466
2022-05-26,29267.224609375,-0.0099835299174566,0.0267147427226074,pre_etf,0.1360184466019417,206,0.4468260824423142,0.1620995145631067,0.0347994683767085,206.0,0.4081328673537543
2022-05-27,28627.57421875,-0.021855519242508,0.0242161727349698,pre_etf,0.1443838888888889,180,0.4467173944689247,0.1360184466019417,0.0267147427226074,206.0,0.4468260824423142
2022-05-28,28814.900390625,0.0065435572865377,0.0241216068177744,pre_etf,0.0902235294117647,187,0.3600674926015072,0.1443838888888889,0.0242161727349698,180.0,0.4467173944689247
2022-05-29,29445.95703125,0.0219003582198853,0.022348323444328,pre_etf,0.1059038709677419,155,0.4174901642645556,0.0902235294117647,0.0241216068177744,187.0,0.3600674926015072
2022-05-30,31726.390625,0.0774447096873045,0.0324428666759114,pre_etf,0.1725777777777778,126,0.4260855898786325,0.1059038709677419,0.022348323444328,155.0,0.4174901642645556
2022-05-31,31792.310546875,0.0020777630413166,0.0325338633176876,pre_etf,0.1137910614525139,179,0.3875587475996405,0.1725777777777778,0.0324428666759114,126.0,0.4260855898786325
2022-06-01,29799.080078125,-0.0626953635789118,0.0428305054839973,pre_etf,0.1374178217821782,101,0.424036271890988,0.1137910614525139,0.0325338633176876,179.0,0.3875587475996405
2022-06-02,30467.48828125,0.0224304979003586,0.0430806964040406,pre_etf,0.1443356783919598,199,0.4242455807802037,0.1374178217821782,0.0428305054839973,101.0,0.424036271890988
2022-06-03,29704.390625,-0.0250462935836958,0.0434466580662262,pre_etf,0.102924,200,0.3879517646337133,0.1443356783919598,0.0430806964040406,199.0,0.4242455807802037
2022-06-04,29832.9140625,0.0043267488339528,0.0434509107467463,pre_etf,0.1416048484848484,165,0.408461253917625,0.102924,0.0434466580662262,200.0,0.3879517646337133
2022-06-05,29906.662109375,0.0024720363126611,0.0428659226410168,pre_etf,0.2032377483443708,151,0.459622151735056,0.1416048484848484,0.0434509107467463,165.0,0.408461253917625
2022-06-06,31370.671875,0.0489526300284133,0.0353050145847205,pre_etf,0.2042490825688073,218,0.4597477935376622,0.2032377483443708,0.0428659226410168,151.0,0.459622151735056
2022-06-07,31155.478515625,-0.0068596987731873,0.0353338502259902,pre_etf,0.1696645631067961,206,0.4486356296068503,0.2042490825688073,0.0353050145847205,218.0,0.4597477935376622
2022-06-08,30214.35546875,-0.030207305158321,0.0273077728371085,pre_etf,0.1453797872340425,188,0.3909963957818447,0.1696645631067961,0.0353338502259902,206.0,0.4486356296068503
2022-06-09,30111.998046875,-0.0033877082693644,0.0258390616146878,pre_etf,0.1695016393442623,183,0.4416192215760425,0.1453797872340425,0.0273077728371085,188.0,0.3909963957818447
2022-06-10,29083.8046875,-0.0341456371568045,0.0274085599309589,pre_etf,0.1385454545454545,187,0.4038789665103183,0.1695016393442623,0.0258390616146878,183.0,0.4416192215760425
2022-06-11,28360.810546875,-0.0248589944951643,0.0283659414546525,pre_etf,0.052386875,160,0.4416495288174079,0.1385454545454545,0.0274085599309589,187.0,0.4038789665103183
2022-06-12,26762.6484375,-0.0563510731378267,0.0334052995597905,pre_etf,0.1125021739130434,230,0.3799954765814031,0.052386875,0.0283659414546525,160.0,0.4416495288174079
2022-06-13,22487.388671875,-0.159747260276172,0.053579073480291,pre_etf,0.0829536964980544,514,0.4255436236504832,0.1125021739130434,0.0334052995597905,230.0,0.3799954765814031
2022-06-14,22206.79296875,-0.0124779140530416,0.0529495070938299,pre_etf,0.1113874186550976,461,0.4392077264977,0.0829536964980544,0.053579073480291,514.0,0.4255436236504832
2022-06-15,22572.83984375,0.0164835541770984,0.0579572537618771,pre_etf,0.095066581632653,392,0.4562717998918192,0.1113874186550976,0.0529495070938299,461.0,0.4392077264977
2022-06-16,20381.650390625,-0.0970719443496029,0.0591112027827512,pre_etf,0.1054400696864111,287,0.4457970966267437,0.095066581632653,0.0579572537618771,392.0,0.4562717998918192
2022-06-17,20471.482421875,0.0044074954445947,0.0627978548323088,pre_etf,0.1044436426116838,291,0.4468365255952068,0.1054400696864111,0.0591112027827512,287.0,0.4457970966267437
2022-06-18,19017.642578125,-0.0710178097408561,0.0624974027880116,pre_etf,0.0925383093525179,556,0.4457262826177469,0.1044436426116838,0.0627978548323088,291.0,0.4468365255952068
2022-06-19,20553.271484375,0.0807475952890373,0.0804307489798539,pre_etf,0.1096273901808785,387,0.4387688672106609,0.0925383093525179,0.0624974027880116,556.0,0.4457262826177469
2022-06-20,20599.537109375,0.002251010260589,0.0585927095716413,pre_etf,0.119,254,0.4598250789605833,0.1096273901808785,0.0804307489798539,387.0,0.4387688672106609
2022-06-21,20710.59765625,0.0053914098304885,0.0589036894136592,pre_etf,0.1249318548387096,248,0.4261449202205091,0.119,0.0585927095716413,254.0,0.4598250789605833
2022-06-22,19987.029296875,-0.0349371066631987,0.0584879482268593,pre_etf,0.1614781512605042,238,0.4324275473880309,0.1249318548387096,0.0589036894136592,248.0,0.4261449202205091
2022-06-23,21085.876953125,0.0549780380029665,0.0510075120416301,pre_etf,0.177282894736842,228,0.4420018938867942,0.1614781512605042,0.0584879482268593,238.0,0.4324275473880309
2022-06-24,21231.65625,0.0069135989553137,0.0510034762062492,pre_etf,0.1453218181818182,220,0.4391467717081637,0.177282894736842,0.0510075120416301,228.0,0.4420018938867942
2022-06-25,21502.337890625,0.0127489649153018,0.0379996404370385,pre_etf,0.0891126666666666,150,0.3757299555570573,0.1453218181818182,0.0510034762062492,220.0,0.4391467717081637
2022-06-26,21027.294921875,-0.0220926194707933,0.0285325372398307,pre_etf,0.1766873493975903,166,0.4168979373931091,0.0891126666666666,0.0379996404370385,150.0,0.3757299555570573
2022-06-27,20735.478515625,-0.0138779813254257,0.0293012407782418,pre_etf,0.1532271739130434,184,0.4496662457766612,0.1766873493975903,0.0285325372398307,166.0,0.4168979373931091
2022-06-28,20280.634765625,-0.0219355318787197,0.03046319113652,pre_etf,0.1387077981651376,218,0.4545142293542109,0.1532271739130434,0.0293012407782418,184.0,0.4496662457766612
2022-06-29,20104.0234375,-0.0087083727982888,0.027268423535235,pre_etf,0.1669176165803108,193,0.4147146441135232,0.1387077981651376,0.03046319113652,218.0,0.4545142293542109
2022-06-30,19784.7265625,-0.0158822375029873,0.0137613334467278,pre_etf,0.1014810606060606,264,0.4344656151441643,0.1669176165803108,0.027268423535235,193.0,0.4147146441135232
2022-07-01,19269.3671875,-0.0260483445839889,0.0130383923117752,pre_etf,0.1210230769230769,221,0.4137304530527296,0.1014810606060606,0.0137613334467278,264.0,0.4344656151441643
2022-07-02,19242.255859375,-0.0014069651515379,0.0085961420487494,pre_etf,0.1525513368983957,187,0.4600118839463378,0.1210230769230769,0.0130383923117752,221.0,0.4137304530527296
2022-07-03,19297.076171875,0.0028489545560892,0.0104726798763691,pre_etf,0.1191973821989528,191,0.4058566374361838,0.1525513368983957,0.0085961420487494,187.0,0.4600118839463378
2022-07-04,20231.26171875,0.0484107301310523,0.0250589499089358,pre_etf,0.1585524509803921,204,0.4169576163548613,0.1191973821989528,0.0104726798763691,191.0,0.4058566374361838
2022-07-05,20190.115234375,-0.0020338071321012,0.0236759112649781,pre_etf,0.1225276243093922,181,0.4336074639443072,0.1585524509803921,0.0250589499089358,204.0,0.4169576163548613
2022-07-06,20548.24609375,0.0177379304287108,0.0242331875416626,pre_etf,0.0892695652173913,207,0.3883778627360244,0.1225276243093922,0.0236759112649781,181.0,0.4336074639443072
2022-07-07,21637.587890625,0.0530138578205141,0.0286895406894107,pre_etf,0.1618338624338624,189,0.4387419182942438,0.0892695652173913,0.0242331875416626,207.0,0.3883778627360244
2022-07-08,21731.1171875,0.0043225380457274,0.0236082028221031,pre_etf,0.084681067961165,206,0.4461232943227584,0.1618338624338624,0.0286895406894107,189.0,0.4387419182942438
2022-07-09,21592.20703125,-0.0063922234209801,0.0243394678282351,pre_etf,0.1319168918918919,148,0.419403887522738,0.084681067961165,0.0236082028221031,206.0,0.4461232943227584
2022-07-10,20860.44921875,-0.0338899034934659,0.0309292340108546,pre_etf,0.100831007751938,129,0.4086157250397466,0.1319168918918919,0.0243394678282351,148.0,0.419403887522738
2022-07-11,19970.556640625,-0.04265931997884,0.0319977176550293,pre_etf,0.1136994350282485,177,0.4410310461779995,0.100831007751938,0.0309292340108546,129.0,0.4086157250397466
2022-07-12,19323.9140625,-0.0323797974068269,0.0340833305147651,pre_etf,0.1738132530120482,249,0.406404239733851,0.1136994350282485,0.0319977176550293,177.0,0.4410310461779995
2022-07-13,20212.07421875,0.0459617111407861,0.0386838391202195,pre_etf,0.1833696202531645,237,0.418077329038793,0.1738132530120482,0.0340833305147651,249.0,0.406404239733851
2022-07-14,20569.919921875,0.0177045512129101,0.0320993713239629,pre_etf,0.1576911214953271,214,0.4750665963353621,0.1833696202531645,0.0386838391202195,237.0,0.418077329038793
2022-07-15,20836.328125,0.012951348577769,0.0327549652826333,pre_etf,0.130633,200,0.3946618375789659,0.1576911214953271,0.0320993713239629,214.0,0.4750665963353621
2022-07-16,21190.31640625,0.0169889953319211,0.0338268836694881,pre_etf,0.1735793548387096,155,0.4645738198784604,0.130633,0.0327549652826333,200.0,0.3946618375789659
2022-07-17,20779.34375,-0.0193943614796041,0.0319546706584329,pre_etf,0.1919151315789473,152,0.4352373188006788,0.1735793548387096,0.0338268836694881,155.0,0.4645738198784604
2022-07-18,22485.689453125,0.0821174009946776,0.0384173539629859,pre_etf,0.159572972972973,148,0.4274283689193872,0.1919151315789473,0.0319546706584329,152.0,0.4352373188006788
2022-07-19,23389.43359375,0.0401919693193753,0.0318848117022356,pre_etf,0.1394486910994764,191,0.4295815436173891,0.159572972972973,0.0384173539629859,148.0,0.4274283689193872
2022-07-20,23231.732421875,-0.0067424108943424,0.0331544270949018,pre_etf,0.1252437768240343,233,0.4034539364675864,0.1394486910994764,0.0318848117022356,191.0,0.4295815436173891
2022-07-21,23164.62890625,-0.0028884421706671,0.034340906903796,pre_etf,0.1197112612612612,222,0.3956789844575883,0.1252437768240343,0.0331544270949018,233.0,0.4034539364675864
2022-07-22,22714.978515625,-0.0194110767949181,0.0371362482826183,pre_etf,0.1274198630136986,146,0.3884346592405104,0.1197112612612612,0.034340906903796,222.0,0.3956789844575883
2022-07-23,22465.478515625,-0.0109839417117817,0.0381248760769082,pre_etf,0.0762938461538461,130,0.4112844493248077,0.1274198630136986,0.0371362482826183,146.0,0.3884346592405104
2022-07-24,22609.1640625,0.0063958373633157,0.0361187316753436,pre_etf,0.0791371900826446,121,0.4075027061530248,0.0762938461538461,0.0381248760769082,130.0,0.4112844493248077
2022-07-25,21361.701171875,-0.0551751001132353,0.0286188376167349,pre_etf,0.1557701030927835,194,0.3795490589068661,0.0791371900826446,0.0361187316753436,121.0,0.4075027061530248
2022-07-26,21239.75390625,-0.0057086869928485,0.0199704130870003,pre_etf,0.1796881355932203,177,0.4382243494871502,0.1557701030927835,0.0286188376167349,194.0,0.3795490589068661
2022-07-27,22930.548828125,0.0796052030234431,0.0407247450033571,pre_etf,0.1525046783625731,171,0.4598025387966734,0.1796881355932203,0.0199704130870003,177.0,0.4382243494871502
2022-07-28,23843.88671875,0.0398306162434614,0.0435280248011205,pre_etf,0.1822820895522388,201,0.4096940841379234,0.1525046783625731,0.0407247450033571,171.0,0.4598025387966734
2022-07-29,23804.6328125,-0.0016462880701044,0.0423745044160897,pre_etf,0.1607578947368421,152,0.4280735669779288,0.1822820895522388,0.0435280248011205,201.0,0.4096940841379234
2022-07-30,23656.20703125,-0.0062351636515082,0.042066646002676,pre_etf,0.1142081481481481,135,0.4148748349375452,0.1607578947368421,0.0423745044160897,152.0,0.4280735669779288
2022-07-31,23336.896484375,-0.0134979604487392,0.0428694317270331,pre_etf,0.1901620689655172,145,0.4172821857083986,0.1142081481481481,0.042066646002676,135.0,0.4148748349375452
2022-08-01,23314.19921875,-0.0009725914343493,0.0341272383832115,pre_etf,0.1310935897435897,156,0.4783061980106651,0.1901620689655172,0.0428694317270331,145.0,0.4172821857083986
2022-08-02,22978.1171875,-0.014415336683737,0.0350706427495179,pre_etf,0.0718111675126903,197,0.3823213175780948,0.1310935897435897,0.0341272383832115,156.0,0.4783061980106651
2022-08-03,22846.5078125,-0.0057275961266136,0.0184878320072828,pre_etf,0.1568056818181818,176,0.4171365888963757,0.0718111675126903,0.0350706427495179,197.0,0.3823213175780948
2022-08-04,22630.95703125,-0.0094347365041087,0.0053089292891939,pre_etf,0.230584375,160,0.4229515779631206,0.1568056818181818,0.0184878320072828,176.0,0.4171365888963757
2022-08-05,23289.314453125,0.0290910110856517,0.0149095443409463,pre_etf,0.2334769662921348,178,0.3964964859425062,0.230584375,0.0053089292891939,160.0,0.4229515779631206
2022-08-06,22961.279296875,-0.0140852216543447,0.0154755081530252,pre_etf,0.1856786885245901,122,0.4584665228780817,0.2334769662921348,0.0149095443409463,178.0,0.3964964859425062
2022-08-07,23175.890625,0.0093466624986442,0.0155837544858948,pre_etf,0.1311733333333333,135,0.4009563928721858,0.1856786885245901,0.0154755081530252,122.0,0.4584665228780817
2022-08-08,23809.486328125,0.0273385697825798,0.0188821001709131,pre_etf,0.1716425,160,0.4025532426287775,0.1311733333333333,0.0155837544858948,135.0,0.4009563928721858
2022-08-09,23164.318359375,-0.0270970973442586,0.021302591162162,pre_etf,0.2070648854961832,131,0.4166183468251643,0.1716425,0.0188821001709131,160.0,0.4025532426287775
2022-08-10,23947.642578125,0.0338159839887097,0.0241646198299853,pre_etf,0.1434546762589928,139,0.4302347672606877,0.2070648854961832,0.021302591162162,131.0,0.4166183468251643
2022-08-11,23957.529296875,0.0004128472653517,0.0233205182357448,pre_etf,0.1792566666666666,180,0.447916077172883,0.1434546762589928,0.0241646198299853,139.0,0.4302347672606877
2022-08-12,24402.818359375,0.0185866020231928,0.0220719785070841,pre_etf,0.1370904761904761,147,0.4444558035154213,0.1792566666666666,0.0233205182357448,180.0,0.447916077172883
2022-08-13,24424.068359375,0.0008708010561344,0.0203591587350942,pre_etf,0.2063548872180451,133,0.4065357300011905,0.1370904761904761,0.0220719785070841,147.0,0.4444558035154213
2022-08-14,24319.333984375,-0.0042881625394648,0.020967982160176,pre_etf,0.1745373015873016,126,0.463690722052383,0.2063548872180451,0.0203591587350942,133.0,0.4065357300011905
2022-08-15,24136.97265625,-0.0074986152269698,0.0194399937092758,pre_etf,0.1444045161290322,155,0.4012458146954819,0.1745373015873016,0.020967982160176,126.0,0.463690722052383
2022-08-16,23883.291015625,-0.010510085263709,0.0159908028548622,pre_etf,0.2284816326530612,147,0.4219667543582284,0.1444045161290322,0.0194399937092758,155.0,0.4012458146954819
2022-08-17,23335.998046875,-0.0229153079611996,0.0126809345449357,pre_etf,0.1218682758620689,145,0.4414292329882446,0.2284816326530612,0.0159908028548622,147.0,0.4219667543582284
2022-08-18,23212.73828125,-0.005281958173694,0.0125611753413095,pre_etf,0.2219694656488549,131,0.4346012754225911,0.1218682758620689,0.0126809345449357,145.0,0.4414292329882446
2022-08-19,20877.552734375,-0.1005993139879252,0.0356726682283279,pre_etf,0.0907541095890411,146,0.3537662906938289,0.2219694656488549,0.0125611753413095,131.0,0.4346012754225911
2022-08-20,21166.060546875,0.0138190436480118,0.0373212195506352,pre_etf,0.1202856115107913,139,0.439162076079929,0.0907541095890411,0.0356726682283279,146.0,0.3537662906938289
2022-08-21,21534.12109375,0.0173891852033534,0.0396323083568886,pre_etf,0.2627458333333333,120,0.3795501777914016,0.1202856115107913,0.0373212195506352,139.0,0.439162076079929
2022-08-22,21398.908203125,-0.006279006699941,0.039681196841955,pre_etf,0.0929297297297297,148,0.4246080584819577,0.2627458333333333,0.0396323083568886,120.0,0.3795501777914016
2022-08-23,21528.087890625,0.0060367419811229,0.0405692596222383,pre_etf,0.1480328358208955,134,0.4702953207168218,0.0929297297297297,0.039681196841955,148.0,0.4246080584819577
2022-08-24,21395.01953125,-0.006181150878381,0.0404475508390148,pre_etf,0.1983,124,0.4093095550679446,0.1480328358208955,0.0405692596222383,134.0,0.4702953207168218
2022-08-25,21600.904296875,0.0096230230275919,0.0412196300465785,pre_etf,0.2092212328767123,146,0.3717076107518964,0.1983,0.0404475508390148,124.0,0.4093095550679446
2022-08-26,20260.01953125,-0.0620753995849602,0.0272152715893966,pre_etf,0.1901496551724137,145,0.3820192630985412,0.2092212328767123,0.0412196300465785,146.0,0.3717076107518964
2022-08-27,20041.73828125,-0.0107739901071325,0.0261034100332907,pre_etf,0.1156279411764705,136,0.4597697682602676,0.1901496551724137,0.0272152715893966,145.0,0.3820192630985412
2022-08-28,19616.814453125,-0.021201944769558,0.023966942136406,pre_etf,0.1181254385964912,114,0.4052808495923118,0.1156279411764705,0.0261034100332907,136.0,0.4597697682602676
2022-08-29,20297.994140625,0.0347242764174429,0.0301026087789351,pre_etf,0.1689790849673202,153,0.4140867957664244,0.1181254385964912,0.023966942136406,114.0,0.4052808495923118
2022-08-30,19796.80859375,-0.0246913829712814,0.0301045223654929,pre_etf,0.1567361445783132,166,0.4070644821463126,0.1689790849673202,0.0301026087789351,153.0,0.4140867957664244
2022-08-31,20049.763671875,0.0127775685119702,0.0314851048306932,pre_etf,0.1055511764705882,170,0.4259988463242753,0.1567361445783132,0.0301045223654929,166.0,0.4070644821463126
2022-09-01,20127.140625,0.0038592451457939,0.0309944736915163,pre_etf,0.1067191780821917,146,0.4265931805580464,0.1055511764705882,0.0314851048306932,170.0,0.4259988463242753
2022-09-02,19969.771484375,-0.0078187529742566,0.0207995381200078,pre_etf,0.1210932773109243,119,0.4497125145213709,0.1067191780821917,0.0309944736915163,146.0,0.4265931805580464
2022-09-03,19832.087890625,-0.0068946003642419,0.0205733610342469,pre_etf,0.1709739130434782,138,0.4171275345076494,0.1210932773109243,0.0207995381200078,119.0,0.4497125145213709
2022-09-04,19986.712890625,0.0077967080850369,0.0187408483084921,pre_etf,0.1245824561403508,114,0.431839867331541,0.1709739130434782,0.0205733610342469,138.0,0.4171275345076494
2022-09-05,19812.37109375,-0.0087228849400632,0.0126040253842791,pre_etf,0.1403622222222222,135,0.4130594377139652,0.1245824561403508,0.0187408483084921,114.0,0.431839867331541
2022-09-06,18837.66796875,-0.0491966923286369,0.0204619039082726,pre_etf,0.1612720279720279,143,0.4181086933965207,0.1403622222222222,0.0126040253842791,135.0,0.4130594377139652
2022-09-07,19290.32421875,0.024029314602578,0.0225947763863848,pre_etf,0.1141621621621621,148,0.3794461750802717,0.1612720279720279,0.0204619039082726,143.0,0.4181086933965207
2022-09-08,19329.833984375,0.0020481649337233,0.0224827990917688,pre_etf,0.1179511278195488,133,0.4350738949107489,0.1141621621621621,0.0225947763863848,148.0,0.3794461750802717
2022-09-09,21381.15234375,0.1061218819071676,0.0476807269761732,pre_etf,0.1186858208955223,134,0.4123463653112651,0.1179511278195488,0.0224827990917688,133.0,0.4350738949107489
2022-09-10,21680.5390625,0.0140023659125891,0.0470424978809851,pre_etf,0.1960631147540983,122,0.372065821112078,0.1186858208955223,0.0476807269761732,134.0,0.4123463653112651
2022-09-11,21769.255859375,0.004092001431295,0.0471410526124569,pre_etf,0.1766213740458015,131,0.4668342922951492,0.1960631147540983,0.0470424978809851,122.0,0.372065821112078
2022-09-12,22370.44921875,0.0276166242548017,0.0463186718620316,pre_etf,0.1550050279329609,179,0.3912624690584044,0.1766213740458015,0.0471410526124569,131.0,0.4668342922951492
2022-09-13,20296.70703125,-0.0927000690608337,0.058273767904149,pre_etf,0.1952711409395973,149,0.4432288645736613,0.1550050279329609,0.0463186718620316,179.0,0.3912624690584044
2022-09-14,20241.08984375,-0.0027402074343571,0.0582443785058738,pre_etf,0.146373381294964,139,0.430871465176915,0.1952711409395973,0.058273767904149,149.0,0.4432288645736613
2022-09-15,19701.2109375,-0.0266724228002328,0.0597542021568962,pre_etf,0.1113373983739837,123,0.4036031006473963,0.146373381294964,0.0582443785058738,139.0,0.430871465176915
2022-09-16,19772.583984375,0.0036227746152976,0.039883499021552,pre_etf,0.1642248120300752,133,0.4397957916975226,0.1113373983739837,0.0597542021568962,123.0,0.4036031006473963
2022-09-17,20127.576171875,0.0179537579802684,0.0403120470225446,pre_etf,0.1702216981132075,106,0.4359449135153961,0.1642248120300752,0.039883499021552,133.0,0.4397957916975226
2022-09-18,19419.505859375,-0.0351791147852871,0.0407811399782121,pre_etf,0.1612626262626262,99,0.4314203598049781,0.1702216981132075,0.0403120470225446,106.0,0.4359449135153961
2022-09-19,19544.12890625,0.006417415961943,0.0377230435403176,pre_etf,0.104428125,128,0.4485548495569115,0.1612626262626262,0.0407811399782121,99.0,0.4314203598049781
2022-09-20,18890.7890625,-0.0334289569457899,0.0214091185133852,pre_etf,0.0421328767123287,146,0.4477634049068061,0.104428125,0.0377230435403176,128.0,0.4485548495569115
2022-09-21,18547.400390625,-0.0181775716588069,0.0213311494479699,pre_etf,0.1423556338028169,142,0.4286170547807054,0.0421328767123287,0.0214091185133852,146.0,0.4477634049068061
2022-09-22,19413.55078125,0.0466992878992791,0.0295016060529522,pre_etf,0.1120767441860465,129,0.4103485386899067,0.1423556338028169,0.0213311494479699,142.0,0.4286170547807054
2022-09-23,19297.638671875,-0.005970680514919,0.0294343908463597,pre_etf,0.1402490909090909,110,0.3798881208421292,0.1120767441860465,0.0295016060529522,129.0,0.4103485386899067
2022-09-24,18937.01171875,-0.0186876207631864,0.0283030114127891,pre_etf,0.161918018018018,111,0.4370138920609022,0.1402490909090909,0.0294343908463597,110.0,0.3798881208421292
2022-09-25,18802.09765625,-0.0071243586107314,0.0257379131990941,pre_etf,0.1631309523809523,84,0.4213741224596025,0.161918018018018,0.0283030114127891,111.0,0.4370138920609022
2022-09-26,19222.671875,0.0223684732650133,0.0274937070767671,pre_etf,0.1507152671755725,131,0.3966789772547691,0.1631309523809523,0.0257379131990941,84.0,0.4213741224596025
2022-09-27,19110.546875,-0.0058329560390522,0.0240002735516831,pre_etf,0.1676317365269461,167,0.4049378817585617,0.1507152671755725,0.0274937070767671,131.0,0.3966789772547691
2022-09-28,19426.720703125,0.0165444678372135,0.0227136198142076,pre_etf,0.161177358490566,159,0.4043536996502275,0.1676317365269461,0.0240002735516831,167.0,0.4049378817585617
2022-09-29,19573.05078125,0.0075324127196341,0.0146590333806575,pre_etf,0.141615243902439,164,0.4168271439406352,0.161177358490566,0.0227136198142076,159.0,0.4043536996502275
2022-09-30,19431.7890625,-0.0072171538473359,0.0147686857124728,pre_etf,0.1286449999999999,160,0.4280097243355415,0.141615243902439,0.0146590333806575,164.0,0.4168271439406352
2022-10-01,19312.095703125,-0.0061596674907298,0.012568703022073,pre_etf,0.146048031496063,127,0.4147331907384102,0.1286449999999999,0.0147686857124728,160.0,0.4280097243355415
2022-10-02,19044.107421875,-0.0138767063590429,0.0136743447189765,pre_etf,0.0752532934131736,167,0.4527361883471301,0.146048031496063,0.012568703022073,127.0,0.4147331907384102
2022-10-03,19623.580078125,0.0304279241559197,0.0158503179244425,pre_etf,0.1410051948051948,154,0.4369511895673713,0.0752532934131736,0.0136743447189765,167.0,0.4527361883471301
2022-10-04,20336.84375,0.0363472755244134,0.0195030182709115,pre_etf,0.152207453416149,161,0.4121563554272813,0.1410051948051948,0.0158503179244425,154.0,0.4369511895673713
2022-10-05,20160.716796875,-0.00866048612509,0.0202102897007799,pre_etf,0.0862733333333333,135,0.3892039478408786,0.152207453416149,0.0195030182709115,161.0,0.4121563554272813
2022-10-06,19955.443359375,-0.0101818521418751,0.0210045956885063,pre_etf,0.1631120567375886,141,0.3927075699505344,0.0862733333333333,0.0202102897007799,135.0,0.3892039478408786
2022-10-07,19546.849609375,-0.020475303035953,0.0226109558453213,pre_etf,0.1138149253731343,134,0.3974199438951619,0.1631120567375886,0.0210045956885063,141.0,0.3927075699505344
2022-10-08,19416.568359375,-0.0066650766033169,0.0226386426092564,pre_etf,0.107458947368421,95,0.3591988779701996,0.1138149253731343,0.0226109558453213,134.0,0.3974199438951619
2022-10-09,19446.42578125,0.0015377290838616,0.0216812091661778,pre_etf,0.2379509090909091,110,0.4400195237005946,0.107458947368421,0.0226386426092564,95.0,0.3591988779701996
2022-10-10,19141.484375,-0.0156811030304613,0.0188456247769382,pre_etf,0.1997944827586207,145,0.4120482134982828,0.2379509090909091,0.0216812091661778,110.0,0.4400195237005946
2022-10-11,19051.41796875,-0.0047052989457616,0.0072144840256089,pre_etf,0.1136862745098039,153,0.4138752742545982,0.1997944827586207,0.0188456247769382,145.0,0.4120482134982828
2022-10-12,19157.4453125,0.0055653255796452,0.0091547738644532,pre_etf,0.0932233082706767,133,0.446248225849494,0.1136862745098039,0.0072144840256089,153.0,0.4138752742545982
2022-10-13,19382.904296875,0.0117687395525483,0.0114472530550529,pre_etf,0.1686012987012987,154,0.4482939212922516,0.0932233082706767,0.0091547738644532,133.0,0.446248225849494
2022-10-14,19185.65625,-0.0101763927558988,0.0094844140149287,pre_etf,0.1302991304347826,115,0.4721136700577284,0.1686012987012987,0.0114472530550529,154.0,0.4482939212922516
2022-10-15,19067.634765625,-0.0061515479500473,0.0094498547362215,pre_etf,0.1385864406779661,118,0.4208215501605526,0.1302991304347826,0.0094844140149287,115.0,0.4721136700577284
2022-10-16,19268.09375,0.0105130493026006,0.0106317534881737,pre_etf,0.1743572916666666,96,0.3760807952792203,0.1385864406779661,0.0094498547362215,118.0,0.4208215501605526
2022-10-17,19550.7578125,0.0146700585002084,0.0099399379253373,pre_etf,0.1372591240875912,137,0.4652456309740088,0.1743572916666666,0.0106317534881737,96.0,0.3760807952792203
2022-10-18,19334.416015625,-0.011065647631146,0.0110029184265188,pre_etf,0.1488055944055944,143,0.3775383175733131,0.1372591240875912,0.0099399379253373,137.0,0.4652456309740088
2022-10-19,19139.53515625,-0.0100794799914053,0.0117589981759071,pre_etf,0.131810625,160,0.3915321862954147,0.1488055944055944,0.0110029184265188,143.0,0.3775383175733131
2022-10-20,19053.740234375,-0.0044826021726542,0.0105757988026037,pre_etf,0.1438820895522388,134,0.4083805892691786,0.131810625,0.0117589981759071,160.0,0.3915321862954147
2022-10-21,19172.46875,0.0062312445831922,0.0103804619803116,pre_etf,0.1024137614678899,109,0.4408900199780848,0.1438820895522388,0.0105757988026037,134.0,0.4083805892691786
2022-10-22,19208.189453125,0.0018631248583989,0.0100317234878164,pre_etf,0.161075,108,0.3753611577067522,0.1024137614678899,0.0103804619803116,109.0,0.4408900199780848
2022-10-23,19567.0078125,0.0186804883537121,0.0116538163802405,pre_etf,0.2065673684210526,95,0.4372268171882107,0.161075,0.0100317234878164,108.0,0.3753611577067522
2022-10-24,19345.572265625,-0.0113167812369114,0.0111705973658354,pre_etf,0.1419208633093525,139,0.3850979665447878,0.2065673684210526,0.0116538163802405,95.0,0.4372268171882107
2022-10-25,20095.857421875,0.0387833012096094,0.0178896757438646,pre_etf,0.1706812121212121,165,0.4081893038219146,0.1419208633093525,0.0111705973658354,139.0,0.3850979665447878
2022-10-26,20770.44140625,0.0335683106330508,0.0190546788771001,pre_etf,0.1204826086956521,138,0.4370970694965685,0.1706812121212121,0.0178896757438646,165.0,0.4081893038219146
2022-10-27,20285.8359375,-0.0233314959115013,0.0227330333937418,pre_etf,0.1665738562091503,153,0.4218828616064756,0.1204826086956521,0.0190546788771001,138.0,0.4370970694965685
2022-10-28,20595.3515625,0.0152577210006827,0.0227917603892601,pre_etf,0.1717591304347825,115,0.3711879603536703,0.1665738562091503,0.0227330333937418,153.0,0.4218828616064756
2022-10-29,20818.4765625,0.0108337553414852,0.0224751486220583,pre_etf,0.2100597484276729,159,0.3692326548842176,0.1717591304347825,0.0227917603892601,115.0,0.3711879603536703
2022-10-30,20635.603515625,-0.0087841704615604,0.0234464782138155,pre_etf,0.0296386363636363,132,0.3939985098293452,0.2100597484276729,0.0224751486220583,159.0,0.3692326548842176
2022-10-31,20495.7734375,-0.0067761564627427,0.0228836149482493,pre_etf,0.2211007692307692,130,0.4410393519850621,0.0296386363636363,0.0234464782138155,132.0,0.3939985098293452
2022-11-01,20485.2734375,-0.0005123007449325,0.0186462049570889,pre_etf,0.2229761538461538,130,0.4300542197299929,0.2211007692307692,0.0228836149482493,130.0,0.4410393519850621
2022-11-02,20159.50390625,-0.0159026205944438,0.0138373144214913,pre_etf,0.1899008,125,0.3926218258636624,0.2229761538461538,0.0186462049570889,130.0,0.4300542197299929
2022-11-03,20209.98828125,0.002504246891926,0.0110381286145614,pre_etf,0.1183795620437956,137,0.4014190080457017,0.1899008,0.0138373144214913,125.0,0.3926218258636624
2022-11-04,21147.23046875,0.0463751969796804,0.0205775797312484,pre_etf,0.0830526315789473,114,0.4172084865821875,0.1183795620437956,0.0110381286145614,137.0,0.4014190080457017
2022-11-05,21282.69140625,0.006405611254872,0.0203984261246068,pre_etf,0.1625178571428571,112,0.4215306119315259,0.0830526315789473,0.0205775797312484,114.0,0.4172084865821875
2022-11-06,20926.486328125,-0.0167368436315528,0.0213832659540737,pre_etf,0.1268775510204081,98,0.3763488685130515,0.1625178571428571,0.0203984261246068,112.0,0.4215306119315259
2022-11-07,20602.81640625,-0.0154669979852274,0.0222265579324664,pre_etf,0.1151021428571428,140,0.4025850604017547,0.1268775510204081,0.0213832659540737,98.0,0.3763488685130515
2022-11-08,18541.271484375,-0.1000613159494843,0.0442530885528353,pre_etf,0.1331302083333333,192,0.4233481277891449,0.1151021428571428,0.0222265579324664,140.0,0.4025850604017547
2022-11-09,15880.7802734375,-0.1434902246687631,0.0663012603648221,pre_etf,0.1038612535612535,351,0.4351025960228836,0.1331302083333333,0.0442530885528353,192.0,0.4233481277891449
2022-11-10,17586.771484375,0.1074248986235879,0.0846024738027203,pre_etf,0.0572285211267605,284,0.4324191241565538,0.1038612535612535,0.0663012603648221,351.0,0.4351025960228836
2022-11-11,17034.29296875,-0.0314144364766353,0.0799469161229537,pre_etf,0.0828911646586345,249,0.4462474281147638,0.0572285211267605,0.0846024738027203,284.0,0.4324191241565538
2022-11-12,16799.185546875,-0.0138020064763657,0.0788711181798573,pre_etf,0.0822018939393939,264,0.4288579805563769,0.0828911646586345,0.0799469161229537,249.0,0.4462474281147638
2022-11-13,16353.365234375,-0.0265382099183333,0.0786726718398308,pre_etf,0.164906374501992,251,0.4191650415280394,0.0822018939393939,0.0788711181798573,264.0,0.4288579805563769
2022-11-14,16618.19921875,0.0161944639882631,0.0806603988533312,pre_etf,0.1668683794466403,253,0.4413358784051004,0.164906374501992,0.0786726718398308,251.0,0.4191650415280394
2022-11-15,16884.61328125,0.0160314639987833,0.0749601107301378,pre_etf,0.122306329113924,237,0.437724655252254,0.1668683794466403,0.0806603988533312,253.0,0.4413358784051004
2022-11-16,16669.439453125,-0.0127437818409466,0.0477299333135749,pre_etf,0.1044497942386831,243,0.444116318931981,0.122306329113924,0.0749601107301378,237.0,0.437724655252254
2022-11-17,16687.517578125,0.0010845070736082,0.0191057213045848,pre_etf,0.087105652173913,230,0.4523005006560105,0.1044497942386831,0.0477299333135749,243.0,0.444116318931981
2022-11-18,16697.77734375,0.0006148167681003,0.0159455417294552,pre_etf,0.1513770334928229,209,0.4590643930539634,0.087105652173913,0.0191057213045848,230.0,0.4523005006560105
2022-11-19,16711.546875,0.0008246325823211,0.015194565651078,pre_etf,0.1288361963190184,163,0.4881340838388523,0.1513770334928229,0.0159455417294552,209.0,0.4590643930539634
2022-11-20,16291.83203125,-0.0251152599390952,0.0147947172634991,pre_etf,0.1600782051282051,156,0.4344445547303155,0.1288361963190184,0.015194565651078,163.0,0.4881340838388523
2022-11-21,15787.2841796875,-0.0309693747513911,0.0165854906155603,pre_etf,0.1679700534759358,187,0.4615347484693007,0.1600782051282051,0.0147947172634991,156.0,0.4344445547303155
2022-11-22,16189.76953125,0.0254942741881059,0.0190024127968499,pre_etf,0.1207059701492537,201,0.4849182078084706,0.1679700534759358,0.0165854906155603,187.0,0.4615347484693007
2022-11-23,16610.70703125,0.0260002157033485,0.0220509711997123,pre_etf,0.1581158798283261,233,0.4177918602566881,0.1207059701492537,0.0190024127968499,201.0,0.4849182078084706
2022-11-24,16604.46484375,-0.0003757930043709,0.0220426493324067,pre_etf,0.1582043478260869,207,0.4206561575028735,0.1581158798283261,0.0220509711997123,233.0,0.4177918602566881
2022-11-25,16521.841796875,-0.0049759536156385,0.0220965839193693,pre_etf,0.1196349514563106,206,0.4345292125145722,0.1582043478260869,0.0220426493324067,207.0,0.4206561575028735
2022-11-26,16464.28125,-0.0034839061881034,0.0220874637625326,pre_etf,0.1692122448979592,147,0.4494335751578563,0.1196349514563106,0.0220965839193693,206.0,0.4345292125145722
2022-11-27,16444.626953125,-0.0011937537130568,0.0196120637279949,pre_etf,0.1664617449664429,149,0.4005061030673961,0.1692122448979592,0.0220874637625326,147.0,0.4494335751578563
2022-11-28,16217.322265625,-0.0138224289397337,0.0155259636421569,pre_etf,0.119894387755102,196,0.4237990628359729,0.1664617449664429,0.0196120637279949,149.0,0.4005061030673961
2022-11-29,16444.982421875,0.0140380854817543,0.0133239995062325,pre_etf,0.18804625,240,0.4170502777985168,0.119894387755102,0.0155259636421569,196.0,0.4237990628359729
2022-11-30,17168.56640625,0.0440002893169708,0.0191296319281091,pre_etf,0.1014411458333333,192,0.4229232746684341,0.18804625,0.0133239995062325,240.0,0.4170502777985168
2022-12-01,16967.1328125,-0.0117326973600236,0.0201066977414675,pre_etf,0.1867184210526316,190,0.4191820361064142,0.1014411458333333,0.0191296319281091,192.0,0.4229232746684341
2022-12-02,17088.66015625,0.0071625150279055,0.0197989567203638,pre_etf,0.2364807860262008,229,0.4582134440748749,0.1867184210526316,0.0201066977414675,190.0,0.4191820361064142
2022-12-03,16908.236328125,-0.0105581026525951,0.0204729755569615,pre_etf,0.1663457746478873,142,0.3811122653652162,0.2364807860262008,0.0197989567203638,229.0,0.4582134440748749
2022-12-04,17130.486328125,0.013144481522908,0.0205854648292145,pre_etf,0.191709420289855,138,0.3915754471190996,0.1663457746478873,0.0204729755569615,142.0,0.3811122653652162
2022-12-05,16974.826171875,-0.0090867330482284,0.0198902449538872,pre_etf,0.1278448275862069,174,0.4551318903703089,0.191709420289855,0.0205854648292145,138.0,0.3915754471190996
2022-12-06,17089.50390625,0.0067557530907154,0.0196318269336667,pre_etf,0.13628,175,0.470849801197108,0.1278448275862069,0.0198902449538872,174.0,0.4551318903703089
2022-12-07,16848.126953125,-0.0141242808714139,0.0111977800150845,pre_etf,0.1176361111111111,180,0.4447860841393421,0.13628,0.0196318269336667,175.0,0.470849801197108
2022-12-08,17233.474609375,0.022871839541696,0.0138386297053513,pre_etf,0.185113440860215,186,0.4560521886707043,0.1176361111111111,0.0111977800150845,180.0,0.4447860841393421
2022-12-09,17133.15234375,-0.0058213603407883,0.0139494226503565,pre_etf,0.1875707182320442,181,0.4086325533261082,0.185113440860215,0.0138386297053513,186.0,0.4560521886707043
2022-12-10,17128.724609375,-0.00025843080632,0.0131122981208971,pre_etf,0.1052164705882353,170,0.4203191183679087,0.1875707182320442,0.0139494226503565,181.0,0.4086325533261082
2022-12-11,17104.193359375,-0.0014321702613265,0.0121563426297333,pre_etf,0.3268851515151515,330,0.4590214860022124,0.1052164705882353,0.0131122981208971,170.0,0.4203191183679087
2022-12-12,17206.4375,0.0059777236188083,0.0116341411048175,pre_etf,0.1657552123552123,259,0.4679432210656871,0.3268851515151515,0.0121563426297333,330.0,0.4590214860022124
2022-12-13,17781.318359375,0.0334108010083435,0.0167076698712398,pre_etf,0.0874923076923076,247,0.4435706984620194,0.1657552123552123,0.0116341411048175,259.0,0.4679432210656871
2022-12-14,17815.650390625,0.001930792225645,0.0144679929503509,pre_etf,0.1388296610169491,236,0.448510035431135,0.0874923076923076,0.0167076698712398,247.0,0.4435706984620194
2022-12-15,17364.865234375,-0.0253027616935732,0.017424341489904,pre_etf,0.1813039106145251,179,0.4262234775910282,0.1388296610169491,0.0144679929503509,236.0,0.448510035431135
2022-12-16,16647.484375,-0.041312204252233,0.0238073931653514,pre_etf,0.1475840182648402,219,0.4372853979254572,0.1813039106145251,0.017424341489904,179.0,0.4262234775910282
2022-12-17,16795.091796875,0.0088666502727983,0.0242822460876977,pre_etf,0.1500486486486486,185,0.4308459467075901,0.1475840182648402,0.0238073931653514,219.0,0.4372853979254572
2022-12-18,16757.9765625,-0.0022098857704312,0.024278049403422,pre_etf,0.2075949044585987,157,0.4464622671620861,0.1500486486486486,0.0242822460876977,185.0,0.4308459467075901
2022-12-19,16439.6796875,-0.0189937534411085,0.0246289345347877,pre_etf,0.1543574999999999,160,0.4193626077736809,0.2075949044585987,0.024278049403422,157.0,0.4464622671620861
2022-12-20,16906.3046875,0.0283840688425822,0.0233189369265147,pre_etf,0.1566450292397661,171,0.4230301121480239,0.1543574999999999,0.0246289345347877,160.0,0.4193626077736809
2022-12-21,16817.53515625,-0.0052506761761861,0.0230192491461944,pre_etf,0.2150726153846154,325,0.3113322124368995,0.1566450292397661,0.0233189369265147,171.0,0.4230301121480239
2022-12-22,16830.341796875,0.0007615052090579,0.0218261800516098,pre_etf,0.1658379120879121,182,0.4026151975323513,0.2150726153846154,0.0230192491461944,325.0,0.3113322124368995
2022-12-23,16796.953125,-0.0019838380157674,0.0145425211547184,pre_etf,0.1699094786729858,211,0.3667527206445823,0.1658379120879121,0.0218261800516098,182.0,0.4026151975323513
2022-12-24,16847.755859375,0.0030245208161823,0.0142041357367243,pre_etf,0.1875571428571428,133,0.4020269042115921,0.1699094786729858,0.0145425211547184,211.0,0.3667527206445823
2022-12-25,16841.986328125,-0.0003424510242288,0.0141615037718724,pre_etf,0.244768,125,0.4279655131191704,0.1875571428571428,0.0142041357367243,133.0,0.4020269042115921
2022-12-26,16919.8046875,0.0046204977167716,0.0111537365476263,pre_etf,0.1527463414634146,164,0.4044426299325757,0.244768,0.0141615037718724,125.0,0.4279655131191704
2022-12-27,16717.173828125,-0.0119759573539699,0.0056031801928139,pre_etf,0.1455593333333333,150,0.3482881752702919,0.1527463414634146,0.0111537365476263,164.0,0.4044426299325757
2022-12-28,16552.572265625,-0.0098462553654299,0.0063258779426574,pre_etf,0.180474074074074,216,0.4311059855378729,0.1455593333333333,0.0056031801928139,150.0,0.3482881752702919
2022-12-29,16642.341796875,0.0054232979508825,0.0069136992937594,pre_etf,0.1570943589743589,195,0.4365672576269688,0.180474074074074,0.0063258779426574,216.0,0.4311059855378729
2022-12-30,16602.5859375,-0.0023888380529755,0.0069193062456677,pre_etf,0.2482960526315789,152,0.4605636947675721,0.1570943589743589,0.0069136992937594,195.0,0.4365672576269688
2022-12-31,16547.49609375,-0.0033181483870876,0.006615168927725,pre_etf,0.1421046153846153,130,0.4343569497815066,0.2482960526315789,0.0069193062456677,152.0,0.4605636947675721
2023-01-01,16625.080078125,0.0046885633896178,0.0071465444118843,pre_etf,0.1958057851239669,121,0.4177093268245915,0.1421046153846153,0.006615168927725,130.0,0.4343569497815066
2023-01-02,16688.470703125,0.0038129515588565,0.0070306760994854,pre_etf,0.1259333333333333,168,0.4659542425257489,0.1958057851239669,0.0071465444118843,121.0,0.4177093268245915
2023-01-03,16679.857421875,-0.0005161216628667,0.005465164762526,pre_etf,0.1866566210045662,219,0.4362628913365625,0.1259333333333333,0.0070306760994854,168.0,0.4659542425257489
2023-01-04,16863.23828125,0.0109941502937851,0.0050638291514231,pre_etf,0.1626774038461538,208,0.4393998286189117,0.1866566210045662,0.005465164762526,219.0,0.4362628913365625
2023-01-05,16836.736328125,-0.0015715814888571,0.0051200015780956,pre_etf,0.2038635714285714,140,0.4130337131902883,0.1626774038461538,0.0050638291514231,208.0,0.4393998286189117
2023-01-06,16951.96875,0.0068441068167415,0.0050888207017796,pre_etf,0.0681076433121019,157,0.3933079449446577,0.2038635714285714,0.0051200015780956,140.0,0.4130337131902883
2023-01-07,16955.078125,0.0001834226481807,0.0045037988317188,pre_etf,0.1728157894736842,133,0.4746528854254898,0.0681076433121019,0.0050888207017796,157.0,0.3933079449446577
2023-01-08,17091.14453125,0.0080251123142494,0.0048173352311036,pre_etf,0.1672122994652406,187,0.4165537719856066,0.1728157894736842,0.0045037988317188,133.0,0.4746528854254898
2023-01-09,17196.5546875,0.0061675305628166,0.004886458580008,pre_etf,0.1383865921787709,179,0.3778206676425629,0.1672122994652406,0.0048173352311036,187.0,0.4165537719856066
2023-01-10,17446.29296875,0.014522576515372,0.0056590283210034,pre_etf,0.1640088082901554,193,0.4026979020141442,0.1383865921787709,0.004886458580008,179.0,0.3778206676425629
2023-01-11,17934.896484375,0.0280061510201732,0.0099561327619595,pre_etf,0.1631005681818181,176,0.3880895411403566,0.1640088082901554,0.0056590283210034,193.0,0.4026979020141442
2023-01-12,18869.587890625,0.0521157959882461,0.0179945281218789,pre_etf,0.1680121693121693,189,0.3301283865505044,0.1631005681818181,0.0099561327619595,176.0,0.3880895411403566
2023-01-13,19909.57421875,0.0551144166026911,0.0223709820978568,pre_etf,0.1326430107526881,186,0.4103522058461222,0.1680121693121693,0.0179945281218789,189.0,0.3301283865505044
2023-01-14,20976.298828125,0.0535784742383091,0.0222189667811185,pre_etf,0.1151953271028037,214,0.3730439847150094,0.1326430107526881,0.0223709820978568,186.0,0.4103522058461222
2023-01-15,20880.798828125,-0.0045527574136173,0.0247573304229614,pre_etf,0.1411946524064171,187,0.3935565904208981,0.1151953271028037,0.0222189667811185,214.0,0.3730439847150094
2023-01-16,21169.6328125,0.0138325160235708,0.0237122153537661,pre_etf,0.1795796407185628,167,0.4114295443261805,0.1411946524064171,0.0247573304229614,187.0,0.3935565904208981
2023-01-17,21161.51953125,-0.0003832509199314,0.0259377837335796,pre_etf,0.0939784810126582,158,0.4263795984265264,0.1795796407185628,0.0237122153537661,167.0,0.4114295443261805
2023-01-18,20688.78125,-0.022339524368838,0.0322314496833438,pre_etf,0.1341939759036144,166,0.364657281808017,0.0939784810126582,0.0259377837335796,158.0,0.4263795984265264
2023-01-19,21086.79296875,0.0192380456799503,0.0292036637724132,pre_etf,0.1247611428571428,175,0.3916424169243145,0.1341939759036144,0.0322314496833438,166.0,0.364657281808017
2023-01-20,22676.552734375,0.0753912540413792,0.0342572574615005,pre_etf,0.1888416666666666,192,0.4404604603173443,0.1247611428571428,0.0292036637724132,175.0,0.3916424169243145
2023-01-21,22777.625,0.0044571265663226,0.0309226164162452,pre_etf,0.1080015228426395,197,0.4117421445760905,0.1888416666666666,0.0342572574615005,192.0,0.4404604603173443
2023-01-22,22720.416015625,-0.0025116307944748,0.0307470576189149,pre_etf,0.1455329268292683,164,0.4089005592750274,0.1080015228426395,0.0309226164162452,197.0,0.4117421445760905
2023-01-23,22934.431640625,0.009419529327844,0.0307610511917883,pre_etf,0.1418746987951807,166,0.4348484660739629,0.1455329268292683,0.0307470576189149,164.0,0.4089005592750274
2023-01-24,22636.46875,-0.0129919457039084,0.0319462322398219,pre_etf,0.1844064171122994,187,0.3940523986246311,0.1418746987951807,0.0307610511917883,166.0,0.4348484660739629
2023-01-25,23117.859375,0.0212661537590752,0.0286489008115067,pre_etf,0.1272802469135802,162,0.3858660009165005,0.1844064171122994,0.0319462322398219,187.0,0.3940523986246311
2023-01-26,23032.77734375,-0.0036803594082767,0.0295556174698645,pre_etf,0.2084333333333333,159,0.405101149373374,0.1272802469135802,0.0286489008115067,162.0,0.3858660009165005
2023-01-27,23078.728515625,0.0019950339114214,0.0108583146508242,pre_etf,0.1813970930232558,172,0.4163146243920913,0.2084333333333333,0.0295556174698645,159.0,0.405101149373374
2023-01-28,23031.08984375,-0.002064180955322,0.0109482857879731,pre_etf,0.1819062893081761,159,0.418592515020372,0.1813970930232558,0.0108583146508242,172.0,0.4163146243920913
2023-01-29,23774.56640625,0.032281432079158,0.0156438781508895,pre_etf,0.1802458333333333,144,0.4598619354793319,0.1819062893081761,0.0109482857879731,159.0,0.418592515020372
2023-01-30,22840.138671875,-0.0393036709232834,0.023197716496124,pre_etf,0.1855978260869565,184,0.4009715948617291,0.1802458333333333,0.0156438781508895,144.0,0.4598619354793319
2023-01-31,23139.283203125,0.0130973167697252,0.0229235487639679,pre_etf,0.1738765060240964,166,0.3930458295305452,0.1855978260869565,0.023197716496124,184.0,0.4009715948617291
2023-02-01,23723.76953125,0.0252594828886516,0.023485923458429,pre_etf,0.1360140625,192,0.4274276645702218,0.1738765060240964,0.0229235487639679,166.0,0.3930458295305452
2023-02-02,23471.87109375,-0.0106179769268196,0.0240018424519271,pre_etf,0.0688319526627218,169,0.4360892490530084,0.1360140625,0.023485923458429,192.0,0.4274276645702218
2023-02-03,23449.322265625,-0.0009606745041729,0.0240473902481993,pre_etf,0.0954522875816993,153,0.4420255872096342,0.0688319526627218,0.0240018424519271,169.0,0.4360892490530084
2023-02-04,23331.84765625,-0.0050097230122172,0.0241666021407566,pre_etf,0.1028511450381679,131,0.4310288017088011,0.0954522875816993,0.0240473902481993,153.0,0.4420255872096342
2023-02-05,22955.666015625,-0.0161230969003104,0.0207815425435855,pre_etf,0.2271413793103448,116,0.4348626245986927,0.1028511450381679,0.0241666021407566,131.0,0.4310288017088011
2023-02-06,22760.109375,-0.0085188833332865,0.0146041594904304,pre_etf,0.0815967741935484,155,0.3926129028483821,0.2271413793103448,0.0207815425435855,116.0,0.4348626245986927
2023-02-07,23264.291015625,0.0221519867201869,0.0163022557057047,pre_etf,0.119277037037037,135,0.4613998618643797,0.0815967741935484,0.0146041594904304,155.0,0.3926129028483821
2023-02-08,22939.3984375,-0.0139652903201216,0.0129166803940735,pre_etf,0.1621993670886076,158,0.3571083078042031,0.119277037037037,0.0163022557057047,135.0,0.4613998618643797
2023-02-09,21819.0390625,-0.0488399631774345,0.021229248583367,pre_etf,0.1132245614035087,171,0.3844951496431018,0.1621993670886076,0.0129166803940735,158.0,0.3571083078042031
2023-02-10,21651.18359375,-0.0076930733873835,0.0208917405073507,pre_etf,0.1833784722222222,144,0.3943019375109921,0.1132245614035087,0.021229248583367,171.0,0.3844951496431018
2023-02-11,21870.875,0.0101468543416451,0.0223666400813656,pre_etf,0.1615158273381295,139,0.4057469060592646,0.1833784722222222,0.0208917405073507,144.0,0.3943019375109921
2023-02-12,21788.203125,-0.0037799985140054,0.022195291426217,pre_etf,0.1673048780487804,123,0.4109382574687097,0.1615158273381295,0.0223666400813656,139.0,0.4057469060592646
2023-02-13,21808.1015625,0.0009132665684197,0.0223883420218023,pre_etf,0.1380649635036496,137,0.4166325363927604,0.1673048780487804,0.022195291426217,123.0,0.4109382574687097
2023-02-14,22220.8046875,0.0189243031456558,0.0217389302641719,pre_etf,0.1538513698630137,146,0.4180152962448411,0.1380649635036496,0.0223883420218023,137.0,0.4166325363927604
2023-02-15,24307.841796875,0.0939226611603778,0.0431363317321004,pre_etf,0.1707886075949367,158,0.349691825377186,0.1538513698630137,0.0217389302641719,146.0,0.4180152962448411
2023-02-16,23623.474609375,-0.028154173176657,0.0390187777903028,pre_etf,0.1458509090909091,165,0.3511421803302693,0.1707886075949367,0.0431363317321004,158.0,0.349691825377186
2023-02-17,24565.6015625,0.0398809645364834,0.0391518207396671,pre_etf,0.1017335570469798,149,0.4221078041517065,0.1458509090909091,0.0390187777903028,165.0,0.3511421803302693
2023-02-18,24641.27734375,0.003080558848008,0.0395027291248077,pre_etf,0.1983161538461538,130,0.3717168572786179,0.1017335570469798,0.0391518207396671,149.0,0.4221078041517065
2023-02-19,24327.642578125,-0.0127280238459127,0.0404518210512572,pre_etf,0.1852559210526315,152,0.3962899951167196,0.1983161538461538,0.0395027291248077,130.0,0.3717168572786179
2023-02-20,24829.1484375,0.020614650916729,0.0398637731824795,pre_etf,0.2289377358490566,159,0.4050683634564938,0.1852559210526315,0.0404518210512572,152.0,0.3962899951167196
2023-02-21,24436.353515625,-0.0158199111364509,0.0420315658877274,pre_etf,0.0842268456375838,149,0.3973558889933374,0.2289377358490566,0.0398637731824795,159.0,0.4050683634564938
2023-02-22,24188.84375,-0.0101287520442335,0.0235618087495916,pre_etf,0.09854453125,128,0.4394664217837001,0.0842268456375838,0.0420315658877274,149.0,0.3973558889933374
2023-02-23,23947.4921875,-0.0099778048506349,0.0208468914867818,pre_etf,0.1995239436619718,142,0.398407112238486,0.09854453125,0.0235618087495916,128.0,0.4394664217837001
2023-02-24,23198.126953125,-0.0312920128967053,0.0162071712106173,pre_etf,0.204648322147651,149,0.4038364621845499,0.1995239436619718,0.0208468914867818,142.0,0.398407112238486
2023-02-25,23175.375,-0.0009807668166905,0.015810741636545,pre_etf,0.1514174825174825,143,0.4946722527592948,0.204648322147651,0.0162071712106173,149.0,0.4038364621845499
2023-02-26,23561.212890625,0.0166486147743025,0.018248245090571,pre_etf,0.195762676056338,142,0.3923212619380632,0.1514174825174825,0.015810741636545,143.0,0.4946722527592948
2023-02-27,23522.87109375,-0.001627326956935,0.0147671328592116,pre_etf,0.1492098484848484,132,0.3865884579969575,0.195762676056338,0.018248245090571,142.0,0.3923212619380632
2023-02-28,23147.353515625,-0.0159639347011842,0.0147805936144257,pre_etf,0.123464331210191,157,0.465257289449879,0.1492098484848484,0.0147671328592116,132.0,0.3865884579969575
2023-03-01,23646.55078125,0.0215660621974789,0.0183150947489528,pre_etf,0.198325641025641,117,0.4559170243914713,0.123464331210191,0.0147805936144257,157.0,0.465257289449879
2023-03-02,23475.466796875,-0.0072350503021632,0.0181719512355248,pre_etf,0.1960503267973856,153,0.3768942608108133,0.198325641025641,0.0183150947489528,117.0,0.4559170243914713
2023-03-03,22362.6796875,-0.0474021291675925,0.0228221062744766,pre_etf,0.1237447761194029,134,0.4057139198338431,0.1960503267973856,0.0181719512355248,153.0,0.3768942608108133
2023-03-04,22353.349609375,-0.0004172164631153,0.0228396315934087,pre_etf,0.1740246268656716,134,0.4153597075815017,0.1237447761194029,0.0228221062744766,134.0,0.4057139198338431
2023-03-05,22435.513671875,0.0036756935285233,0.0212703411624491,pre_etf,0.1040762295081967,122,0.4161567445589032,0.1740246268656716,0.0228396315934087,134.0,0.4153597075815017
2023-03-06,22429.7578125,-0.0002565512632864,0.0213318205966342,pre_etf,0.0952037593984962,133,0.3940239316309115,0.1040762295081967,0.0212703411624491,122.0,0.4161567445589032
2023-03-07,22219.76953125,-0.0093620396174306,0.0209908067639259,pre_etf,0.1913473684210526,114,0.4449629114922196,0.0952037593984962,0.0213318205966342,133.0,0.3940239316309115
2023-03-08,21718.080078125,-0.0225785174062863,0.0178542734650421,pre_etf,0.188411475409836,122,0.3926738202674391,0.1913473684210526,0.0209908067639259,114.0,0.4449629114922196
2023-03-09,20363.021484375,-0.0623931115860858,0.0258246206092109,pre_etf,0.1475988439306358,173,0.4208787321877384,0.188411475409836,0.0178542734650421,122.0,0.3926738202674391
2023-03-10,20187.244140625,-0.0086321837790565,0.0229167401324049,pre_etf,0.1225491803278688,183,0.4284580899233354,0.1475988439306358,0.0258246206092109,173.0,0.4208787321877384
2023-03-11,20632.41015625,0.022051846825845,0.0264788932213273,pre_etf,0.1010738219895287,191,0.4261215390565783,0.1225491803278688,0.0229167401324049,183.0,0.4284580899233354
2023-03-12,22163.94921875,0.0742297700996441,0.0419411863326492,pre_etf,0.1449351351351351,148,0.410041171462744,0.1010738219895287,0.0264788932213273,191.0,0.4261215390565783
2023-03-13,24197.533203125,0.0917518788869382,0.0546897551669881,pre_etf,0.1150152985074626,268,0.4574120521973772,0.1449351351351351,0.0419411863326492,148.0,0.410041171462744
2023-03-14,24746.07421875,0.0226692948830899,0.053924283068973,pre_etf,0.1145114285714285,175,0.4187483599360084,0.1150152985074626,0.0546897551669881,268.0,0.4574120521973772
2023-03-15,24375.9609375,-0.0149564443223711,0.0530684551860356,pre_etf,0.1312708333333333,240,0.4066535636378788,0.1145114285714285,0.053924283068973,175.0,0.4187483599360084
2023-03-16,25052.7890625,0.0277662130627542,0.0395844965828787,pre_etf,0.1263019354838709,155,0.4266107892631292,0.1312708333333333,0.0530684551860356,240.0,0.4066535636378788
2023-03-17,27423.9296875,0.0946457745317153,0.0416742372675668,pre_etf,0.1616141078838174,241,0.4589835288985197,0.1263019354838709,0.0395844965828787,155.0,0.4266107892631292
2023-03-18,26965.87890625,-0.016702594648891,0.0474718476841309,pre_etf,0.1512083333333333,216,0.4345910352621561,0.1616141078838174,0.0416742372675668,241.0,0.4589835288985197
2023-03-19,28038.67578125,0.0397834937525938,0.04504526300925,pre_etf,0.1767603375527426,237,0.4431336337982883,0.1512083333333333,0.0474718476841309,216.0,0.4345910352621561
2023-03-20,27767.236328125,-0.0096808941778383,0.0397471833018349,pre_etf,0.1373604562737642,263,0.4128389413364012,0.1767603375527426,0.04504526300925,237.0,0.4431336337982883
2023-03-21,28175.81640625,0.0147144668377081,0.0397886386659814,pre_etf,0.1281331606217616,193,0.4403812470448902,0.1373604562737642,0.0397471833018349,263.0,0.4128389413364012
2023-03-22,27307.4375,-0.0308200086815363,0.0424332924132531,pre_etf,0.1205310483870967,248,0.4014107854402049,0.1281331606217616,0.0397886386659814,193.0,0.4403812470448902
2023-03-23,28333.97265625,0.0375917790254027,0.0430035675838154,pre_etf,0.1358020100502512,199,0.3987063738156085,0.1205310483870967,0.0424332924132531,248.0,0.4014107854402049
2023-03-24,27493.28515625,-0.0296706540307385,0.0300316908568296,pre_etf,0.1717046391752577,194,0.4250106575062684,0.1358020100502512,0.0430035675838154,199.0,0.3987063738156085
2023-03-25,27494.70703125,5.17171735541222e-05,0.0290613517875714,pre_etf,0.1458266666666666,180,0.4641244376097773,0.1717046391752577,0.0300316908568296,194.0,0.4250106575062684
2023-03-26,27994.330078125,0.0181716083138161,0.0254420565704104,pre_etf,0.1826511904761905,168,0.4392737840616529,0.1458266666666666,0.0290613517875714,180.0,0.4641244376097773
2023-03-27,27139.888671875,-0.0305219451176532,0.0278739447927782,pre_etf,0.1142890625,192,0.443232218142044,0.1826511904761905,0.0254420565704104,168.0,0.4392737840616529
2023-03-28,27268.130859375,0.0047252289443948,0.0270642386549544,pre_etf,0.1524531914893617,188,0.4424468452202759,0.1142890625,0.0278739447927782,192.0,0.443232218142044
2023-03-29,28348.44140625,0.0396180637553154,0.0286328097524828,pre_etf,0.1408085365853658,164,0.4355891449973967,0.1524531914893617,0.0270642386549544,188.0,0.4424468452202759
2023-03-30,28033.5625,-0.0111074503792854,0.0253197714853115,pre_etf,0.1599212871287128,202,0.4367454261421021,0.1408085365853658,0.0286328097524828,164.0,0.4355891449973967
2023-03-31,28478.484375,0.0158710429685844,0.0224923453863659,pre_etf,0.1023384057971014,138,0.4285380783228283,0.1599212871287128,0.0253197714853115,202.0,0.4367454261421021
2023-04-01,28411.03515625,-0.0023684272611504,0.0226040389310263,pre_etf,0.08589173553719,121,0.3293391685347029,0.1023384057971014,0.0224923453863659,138.0,0.4285380783228283
2023-04-02,28199.30859375,-0.007452264985615,0.0221695959563105,pre_etf,0.1809719178082192,146,0.4036045744491713,0.08589173553719,0.0226040389310263,121.0,0.3293391685347029
2023-04-03,27790.220703125,-0.0145070184705049,0.0189343961838485,pre_etf,0.1072283783783783,148,0.4167532347144668,0.1809719178082192,0.0221695959563105,146.0,0.4036045744491713
2023-04-04,28168.08984375,0.0135971982612757,0.0193199731112846,pre_etf,0.0837,171,0.4000555990771046,0.1072283783783783,0.0189343961838485,148.0,0.4167532347144668
2023-04-05,28177.984375,0.0003512673846499,0.0117428478602249,pre_etf,0.1056585714285714,140,0.4313796551813952,0.0837,0.0193199731112846,171.0,0.4000555990771046
2023-04-06,28044.140625,-0.004749940528704,0.0110376612371352,pre_etf,0.1144868749999999,160,0.3626880082606605,0.1056585714285714,0.0117428478602249,140.0,0.4313796551813952
2023-04-07,27925.859375,-0.0042176813895504,0.0085973410402169,pre_etf,0.1533119496855345,159,0.3988237287680526,0.1144868749999999,0.0110376612371352,160.0,0.3626880082606605
2023-04-08,27947.794921875,0.0007854922772632,0.0087035050855769,pre_etf,0.1064256756756756,148,0.3997718553663799,0.1533119496855345,0.0085973410402169,159.0,0.3988237287680526
2023-04-09,28333.05078125,0.0137848392136818,0.0101883556707691,pre_etf,0.161883448275862,145,0.3880839261705073,0.1064256756756756,0.0087035050855769,148.0,0.3997718553663799
2023-04-10,29652.98046875,0.0465862182541065,0.0180803448658477,pre_etf,0.1406639240506329,158,0.3350732756097029,0.161883448275862,0.0101883556707691,145.0,0.3880839261705073
2023-04-11,30235.05859375,0.0196296667585718,0.0184510281773921,pre_etf,0.0399468899521531,209,0.3274577825143624,0.1406639240506329,0.0180803448658477,158.0,0.3350732756097029
2023-04-12,30139.052734375,-0.0031753158035832,0.0188128644310969,pre_etf,0.0820198830409356,171,0.4112896664395864,0.0399468899521531,0.0184510281773921,209.0,0.3274577825143624
2023-04-13,30399.06640625,0.0086271348395248,0.0177364450798288,pre_etf,0.1818534031413612,191,0.3976631036130957,0.0820198830409356,0.0188128644310969,171.0,0.4112896664395864
2023-04-14,30485.69921875,0.0028498510889198,0.0168575537585717,pre_etf,0.1044145833333333,192,0.3602075294727065,0.1818534031413612,0.0177364450798288,191.0,0.3976631036130957
2023-04-15,30318.49609375,-0.0054846413001793,0.0177412354983927,pre_etf,0.1830420689655172,145,0.3980084776576452,0.1044145833333333,0.0168575537585717,192.0,0.3602075294727065
2023-04-16,30315.35546875,-0.0001035877568033,0.0182554695970914,pre_etf,0.0857897810218978,137,0.4020918131699948,0.1830420689655172,0.0177412354983927,145.0,0.3980084776576452
2023-04-17,29445.044921875,-0.0287085713961738,0.0148685417344855,pre_etf,0.1304725352112676,142,0.4197297349188968,0.0857897810218978,0.0182554695970914,137.0,0.4020918131699948
2023-04-18,30397.552734375,0.032348662229154,0.0182006181701737,pre_etf,0.187236875,160,0.3897859113436461,0.1304725352112676,0.0148685417344855,142.0,0.4197297349188968
2023-04-19,28822.6796875,-0.0518092051895368,0.0271172680867799,pre_etf,0.1102212328767123,146,0.3961041413409295,0.187236875,0.0182006181701737,160.0,0.3897859113436461
2023-04-20,28245.98828125,-0.020008250880993,0.0266924486047384,pre_etf,0.17968345323741,139,0.3820337380952907,0.1102212328767123,0.0271172680867799,146.0,0.3961041413409295
2023-04-21,27276.91015625,-0.0343085225183388,0.0273670576642603,pre_etf,0.1060277777777777,144,0.4282621536278827,0.17968345323741,0.0266924486047384,139.0,0.3820337380952907
2023-04-22,27817.5,0.0198185879798462,0.0304036363644086,pre_etf,0.1124261744966443,149,0.3705558952978569,0.1060277777777777,0.0273670576642603,144.0,0.4282621536278827
2023-04-23,27591.384765625,-0.0081285246472544,0.0300371118639761,pre_etf,0.1771456790123456,162,0.3908205578772359,0.1124261744966443,0.0304036363644086,149.0,0.3705558952978569
2023-04-24,27525.33984375,-0.0023936791297725,0.0293786869059998,pre_etf,0.1810945121951219,164,0.4033246702119783,0.1771456790123456,0.0300371118639761,162.0,0.3908205578772359
2023-04-25,28307.59765625,0.0284195514729537,0.0284759738356317,pre_etf,0.1267899470899471,189,0.4163845508744436,0.1810945121951219,0.0293786869059998,164.0,0.4033246702119783
2023-04-26,28422.701171875,0.0040661703978821,0.0217705577115474,pre_etf,0.140324,175,0.3808430483370632,0.1267899470899471,0.0284759738356317,189.0,0.4163845508744436
2023-04-27,29473.787109375,0.0369805083318428,0.0243279911979825,pre_etf,0.1288947058823529,170,0.4044608607042578,0.140324,0.0217705577115474,175.0,0.3808430483370632
2023-04-28,29340.26171875,-0.0045303099370805,0.0177466447094236,pre_etf,0.1040904191616766,167,0.393453556181044,0.1288947058823529,0.0243279911979825,170.0,0.4044608607042578
2023-04-29,29248.48828125,-0.0031279011203009,0.0178798065496442,pre_etf,0.1165411764705882,119,0.361207325650642,0.1040904191616766,0.0177466447094236,167.0,0.393453556181044
2023-04-30,29268.806640625,0.0006946806679244,0.0168924345020852,pre_etf,0.1219426470588235,136,0.3750896235878987,0.1165411764705882,0.0178798065496442,119.0,0.361207325650642
2023-05-01,28091.568359375,-0.0402216016424802,0.0250646128024312,pre_etf,0.1495090277777777,144,0.3584334834885845,0.1219426470588235,0.0168924345020852,136.0,0.3750896235878987
2023-05-02,28680.537109375,0.0209660330268972,0.0239472524953696,pre_etf,0.078143125,160,0.3459813549020503,0.1495090277777777,0.0250646128024312,144.0,0.3584334834885845
2023-05-03,29006.30859375,0.0113586256468158,0.02420337024183,pre_etf,0.1226977272727272,132,0.3797066540430471,0.078143125,0.0239472524953696,160.0,0.3459813549020503
2023-05-04,28847.7109375,-0.005467695268338,0.0190963452484624,pre_etf,0.1676601123595505,178,0.4383212175516027,0.1226977272727272,0.02420337024183,132.0,0.3797066540430471
2023-05-05,29534.384765625,0.0238034078202153,0.0215405774951146,pre_etf,0.1366120805369127,149,0.3873334494583326,0.1676601123595505,0.0190963452484624,178.0,0.4383212175516027
2023-05-06,28904.623046875,-0.021323001096775,0.0231775344088568,pre_etf,0.06651875,128,0.3772099030834847,0.1366120805369127,0.0215405774951146,149.0,0.3873334494583326
2023-05-07,28454.978515625,-0.0155561458290186,0.0237334560366719,pre_etf,0.0871529801324503,151,0.4184337761714027,0.06651875,0.0231775344088568,128.0,0.3772099030834847
2023-05-08,27694.2734375,-0.0267336374092599,0.0206255336152869,pre_etf,0.0918817351598173,219,0.386039935466471,0.0871529801324503,0.0237334560366719,151.0,0.4184337761714027
2023-05-09,27658.775390625,-0.0012817829272578,0.018080849258252,pre_etf,0.130720197044335,203,0.3864461883254228,0.0918817351598173,0.0206255336152869,219.0,0.386039935466471
2023-05-10,27621.755859375,-0.0013384371045779,0.016750860276268,pre_etf,0.104724064171123,187,0.3659948420644781,0.130720197044335,0.018080849258252,203.0,0.3864461883254228
2023-05-11,27000.7890625,-0.0224810761501332,0.0177241510148598,pre_etf,0.1793543624161074,149,0.4243540234609098,0.104724064171123,0.016750860276268,187.0,0.3659948420644781
2023-05-12,26804.990234375,-0.0072515965245228,0.0104653401695448,pre_etf,0.1537782051282051,156,0.3713451175067643,0.1793543624161074,0.0177241510148598,149.0,0.4243540234609098
2023-05-13,26784.078125,-0.0007801573211611,0.0108478171648785,pre_etf,0.1462508064516129,124,0.3632330369129925,0.1537782051282051,0.0104653401695448,156.0,0.3713451175067643
2023-05-14,26930.638671875,0.0054719279936015,0.0121379059419631,pre_etf,0.1745421428571428,140,0.4268750594877163,0.1462508064516129,0.0108478171648785,124.0,0.3632330369129925
2023-05-15,27192.693359375,0.0097307268012798,0.0103338284680548,pre_etf,0.0842215686274509,153,0.3622065122168016,0.1745421428571428,0.0121379059419631,140.0,0.4268750594877163
2023-05-16,27036.650390625,-0.0057384153414947,0.0103790329193836,pre_etf,0.1632755555555555,180,0.3996667336001547,0.0842215686274509,0.0103338284680548,153.0,0.3622065122168016
2023-05-17,27398.802734375,0.0133948672826562,0.0121600815893835,pre_etf,0.20402,220,0.4155113453769778,0.1632755555555555,0.0103790329193836,180.0,0.3996667336001547
2023-05-18,26832.208984375,-0.0206795076227598,0.0116399078075085,pre_etf,0.2024871794871794,195,0.3847547358948947,0.20402,0.0121600815893835,220.0,0.4155113453769778
2023-05-19,26890.12890625,0.0021585968530852,0.0113143170487824,pre_etf,0.1716993788819875,161,0.3778631428005539,0.2024871794871794,0.0116399078075085,195.0,0.3847547358948947
2023-05-20,27129.5859375,0.0089050161152013,0.0117155675741037,pre_etf,0.1526314285714285,140,0.4103665617181323,0.1716993788819875,0.0113143170487824,161.0,0.3778631428005539
2023-05-21,26753.826171875,-0.0138505529163128,0.0129434538410583,pre_etf,0.152291472868217,129,0.3997814316971775,0.1526314285714285,0.0117155675741037,140.0,0.4103665617181323
2023-05-22,26851.27734375,0.0036425134576618,0.0123011437685732,pre_etf,0.2179903614457831,166,0.413684810369897,0.152291472868217,0.0129434538410583,129.0,0.3997814316971775
2023-05-23,27225.7265625,0.0139453037543169,0.0134321134428304,pre_etf,0.1181445255474452,137,0.3855327690580971,0.2179903614457831,0.0123011437685732,166.0,0.413684810369897
2023-05-24,26334.818359375,-0.0327230276510641,0.0171712207355348,pre_etf,0.1058054545454545,165,0.4054721525511422,0.1181445255474452,0.0134321134428304,137.0,0.3855327690580971
2023-05-25,26476.20703125,0.0053688873014257,0.0161278511686767,pre_etf,0.1591687943262411,141,0.4231351938860257,0.1058054545454545,0.0171712207355348,165.0,0.4054721525511422
2023-05-26,26719.291015625,0.0091812238848294,0.0166253981691519,pre_etf,0.157425786163522,159,0.3171974743729636,0.1591687943262411,0.0161278511686767,141.0,0.4231351938860257
2023-05-27,26868.353515625,0.0055788344051805,0.0163473280059955,pre_etf,0.1280937007874016,127,0.4106216189245996,0.157425786163522,0.0166253981691519,159.0,0.3171974743729636
2023-05-28,28085.646484375,0.0453058267244435,0.0227814323480904,pre_etf,0.170700641025641,156,0.3962391496016084,0.1280937007874016,0.0163473280059955,127.0,0.4106216189245996
2023-05-29,27745.884765625,-0.0120973437068298,0.0239368967990071,pre_etf,0.180173125,160,0.3715416984346543,0.170700641025641,0.0227814323480904,156.0,0.3962391496016084
2023-05-30,27702.349609375,-0.0015690671469931,0.0236806797710486,pre_etf,0.2279836477987421,159,0.3990497150072518,0.180173125,0.0239368967990071,160.0,0.3715416984346543
2023-05-31,27219.658203125,-0.0174242045550767,0.0203337516459649,pre_etf,0.1639459854014598,137,0.3497058015664105,0.2279836477987421,0.0236806797710486,159.0,0.3990497150072518
2023-06-01,26819.97265625,-0.0146837092476463,0.0216289918600653,pre_etf,0.1995016,125,0.4143570612297657,0.1639459854014598,0.0203337516459649,137.0,0.3497058015664105
2023-06-02,27249.58984375,0.0160185542694759,0.0221531849094494,pre_etf,0.1406734375,128,0.4190686521256269,0.1995016,0.0216289918600653,125.0,0.4143570612297657
2023-06-03,27075.12890625,-0.0064023326039167,0.0223840322175138,pre_etf,0.162180487804878,123,0.3799810374169763,0.1406734375,0.0221531849094494,128.0,0.4190686521256269
2023-06-04,27119.06640625,0.001622799291266,0.0115315180654814,pre_etf,0.1721829931972789,147,0.3966725232936923,0.162180487804878,0.0223840322175138,123.0,0.3799810374169763
2023-06-05,25760.09765625,-0.0501111922380486,0.0207409170740651,pre_etf,0.1001132911392405,158,0.3998255989396418,0.1721829931972789,0.0115315180654814,147.0,0.3966725232936923
2023-06-06,27238.783203125,0.0574021716302086,0.0331643268020568,pre_etf,0.1796571428571428,175,0.4150559295407816,0.1001132911392405,0.0207409170740651,158.0,0.3998255989396418
2023-06-07,26345.998046875,-0.0327762495700458,0.0348250124572068,pre_etf,0.23503671875,128,0.3971851992451189,0.1796571428571428,0.0331643268020568,175.0,0.4150559295407816
2023-06-08,26508.216796875,0.0061572444403654,0.03466315306686,pre_etf,0.2047421383647799,159,0.3906666649287314,0.23503671875,0.0348250124572068,128.0,0.3971851992451189
2023-06-09,26480.375,-0.0010503081775867,0.0338443611263434,pre_etf,0.1619984496124031,129,0.4722900958998372,0.2047421383647799,0.03466315306686,159.0,0.3906666649287314
2023-06-10,25851.240234375,-0.0237585293118016,0.0347091076215904,pre_etf,0.1985615384615384,143,0.4749226940684961,0.1619984496124031,0.0338443611263434,129.0,0.4722900958998372
2023-06-11,25940.16796875,0.0034399794195076,0.034782980076475,pre_etf,0.1596964705882353,170,0.4668233597606688,0.1985615384615384,0.0347091076215904,143.0,0.4749226940684961
2023-06-12,25902.5,-0.0014521096700444,0.0288029506232291,pre_etf,0.2371692307692307,26,0.4739267046869005,0.1596964705882353,0.034782980076475,170.0,0.4668233597606688
2023-06-13,25918.728515625,0.0006265231396582,0.015009477015416,pre_etf,0.0649,8,0.6565949196966335,0.2371692307692307,0.0288029506232291,26.0,0.4739267046869005
2023-06-14,25124.67578125,-0.0306362533909141,0.0144059914961525,pre_etf,0.2658015151515151,66,0.3870918366456065,0.0649,0.015009477015416,8.0,0.6565949196966335
2023-06-15,25576.39453125,0.0179790877276557,0.0166744007565668,pre_etf,0.1470493421052631,152,0.3967879751430319,0.2658015151515151,0.0144059914961525,66.0,0.3870918366456065
2023-06-16,26327.462890625,0.029365685552642,0.0212138428153122,pre_etf,0.2085874213836477,159,0.4001603157758021,0.1470493421052631,0.0166744007565668,152.0,0.3967879751430319
2023-06-17,26510.67578125,0.0069590029007406,0.0186559035595306,pre_etf,0.08846,125,0.4428694590304636,0.2085874213836477,0.0212138428153122,159.0,0.4001603157758021
2023-06-18,26336.212890625,-0.0065808541458755,0.0190640715187228,pre_etf,0.1347388157894737,152,0.4499649567001758,0.08846,0.0186559035595306,125.0,0.4428694590304636
2023-06-19,26851.029296875,0.0195478525476706,0.0200003198453809,pre_etf,0.1588707762557077,219,0.3518796603678412,0.1347388157894737,0.0190640715187228,152.0,0.4499649567001758
2023-06-20,28327.48828125,0.0549870534961889,0.0271489254665575,pre_etf,0.1461430693069307,202,0.3767547528004081,0.1588707762557077,0.0200003198453809,219.0,0.3518796603678412
2023-06-21,30027.296875,0.0600056234027324,0.024283006696159,pre_etf,0.1389522821576763,241,0.4060829483268823,0.1461430693069307,0.0271489254665575,202.0,0.3767547528004081
2023-06-22,29912.28125,-0.0038303689299371,0.0267618934850399,pre_etf,0.1769258426966292,178,0.4157456003220466,0.1389522821576763,0.024283006696159,241.0,0.4060829483268823
2023-06-23,30695.46875,0.0261828074379983,0.0266610145769677,pre_etf,0.2234715909090909,176,0.4243892066619612,0.1769258426966292,0.0267618934850399,178.0,0.4157456003220466
2023-06-24,30548.6953125,-0.0047815994828226,0.0281281644502323,pre_etf,0.1770388888888888,162,0.4164950265150847,0.2234715909090909,0.0266610145769677,176.0,0.4243892066619612
2023-06-25,30480.26171875,-0.0022401478377375,0.0274641995788087,pre_etf,0.1741403225806451,124,0.3950778221000797,0.1770388888888888,0.0281281644502323,162.0,0.4164950265150847
2023-06-26,30271.130859375,-0.0068611897530509,0.0295010209072498,pre_etf,0.1960797546012269,163,0.355708082416236,0.1741403225806451,0.0274641995788087,124.0,0.3950778221000797
2023-06-27,30688.1640625,0.0137765980749888,0.0244920412850834,pre_etf,0.1639311111111111,180,0.3990509666681167,0.1960797546012269,0.0295010209072498,163.0,0.355708082416236
2023-06-28,30086.24609375,-0.0196140103892863,0.0149926836118069,pre_etf,0.1571494117647058,170,0.3812726288943786,0.1639311111111111,0.0244920412850834,180.0,0.3990509666681167
2023-06-29,30445.3515625,0.0119358682246701,0.0154332399859632,pre_etf,0.1445788819875776,161,0.3780864721545088,0.1571494117647058,0.0149926836118069,170.0,0.3812726288943786
2023-06-30,30477.251953125,0.0010477918298796,0.0114494648603627,pre_etf,0.2031722222222222,144,0.4179030445062762,0.1445788819875776,0.0154332399859632,161.0,0.3780864721545088
2023-07-01,30590.078125,0.0037019798257575,0.0114267943265635,pre_etf,0.2969892156862745,102,0.4635208126329747,0.2031722222222222,0.0114494648603627,144.0,0.4179030445062762
2023-07-02,30620.76953125,0.0010033124506771,0.0113746533636662,pre_etf,0.3007829059829059,117,0.4528264486934371,0.2969892156862745,0.0114267943265635,102.0,0.4635208126329747
2023-07-03,31156.439453125,0.017493679292688,0.0123543967265605,pre_etf,0.2008751824817518,137,0.4503901845623972,0.3007829059829059,0.0113746533636662,117.0,0.4528264486934371
2023-07-04,30777.58203125,-0.0121598433108826,0.0128790149072472,pre_etf,0.2342348148148148,135,0.4924567556313377,0.2008751824817518,0.0123543967265605,137.0,0.4503901845623972
2023-07-05,30514.166015625,-0.0085586975402272,0.0104525027698989,pre_etf,0.2553496598639456,147,0.4756982431588372,0.2342348148148148,0.0128790149072472,135.0,0.4924567556313377
2023-07-06,29909.337890625,-0.0198212241714321,0.0122004840388626,pre_etf,0.17215956284153,183,0.4449897360266173,0.2553496598639456,0.0104525027698989,147.0,0.4756982431588372
2023-07-07,30342.265625,0.0144746679434417,0.0137968285193154,pre_etf,0.256949593495935,123,0.443717886739005,0.17215956284153,0.0122004840388626,183.0,0.4449897360266173
2023-07-08,30292.541015625,-0.0016387902600796,0.0136694401026077,pre_etf,0.2569948717948718,117,0.5194943016590591,0.256949593495935,0.0137968285193154,123.0,0.443717886739005
2023-07-09,30171.234375,-0.0040045052860514,0.0136589110391444,pre_etf,0.2066,124,0.4807633878759397,0.2569948717948718,0.0136694401026077,117.0,0.5194943016590591
2023-07-10,30414.470703125,0.0080618620074273,0.0117426968430922,pre_etf,0.2280574468085106,141,0.4434534756132086,0.2066,0.0136589110391444,124.0,0.4807633878759397
2023-07-11,30620.951171875,0.0067888891036589,0.0115635909605932,pre_etf,0.2283716049382716,162,0.4710172188263912,0.2280574468085106,0.0117426968430922,141.0,0.4434534756132086
2023-07-12,30391.646484375,-0.0074884900280502,0.0114484266510072,pre_etf,0.2507869863013698,146,0.4656519770821446,0.2283716049382716,0.0115635909605932,162.0,0.4710172188263912
2023-07-13,31476.048828125,0.0356809343747637,0.0146293227493444,pre_etf,0.1833671428571428,140,0.4694088491812012,0.2507869863013698,0.0114484266510072,146.0,0.4656519770821446
2023-07-14,30334.068359375,-0.0362809345920698,0.0215063488182999,pre_etf,0.1770638461538461,130,0.5087854327609465,0.1833671428571428,0.0146293227493444,140.0,0.4694088491812012
2023-07-15,30295.806640625,-0.0012613447789694,0.0215015602959915,pre_etf,0.2611418032786885,122,0.4769343253713057,0.1770638461538461,0.0215063488182999,130.0,0.5087854327609465
2023-07-16,30249.1328125,-0.00154060357853,0.0214410792552929,pre_etf,0.2250178947368421,95,0.4808920706484378,0.2611418032786885,0.0215015602959915,122.0,0.4769343253713057
2023-07-17,30145.888671875,-0.0034131272874816,0.0212098580990653,pre_etf,0.193703125,128,0.4759028963578715,0.2250178947368421,0.0214410792552929,95.0,0.4808920706484378
2023-07-18,29856.5625,-0.0095975333493794,0.021101462725603,pre_etf,0.2165515384615384,130,0.4729410870492436,0.193703125,0.0212098580990653,128.0,0.4759028963578715
2023-07-19,29913.923828125,0.0019212301525,0.0210983922877356,pre_etf,0.2398050279329609,179,0.463135267967418,0.2165515384615384,0.021101462725603,130.0,0.4729410870492436
2023-07-20,29792.015625,-0.0040752996439197,0.0130635079397449,pre_etf,0.1405858974358974,156,0.4589207045777703,0.2398050279329609,0.0210983922877356,179.0,0.463135267967418
2023-07-21,29908.744140625,0.0039181140710413,0.0043814523863485,pre_etf,0.2297648648648649,185,0.455590517670662,0.1405858974358974,0.0130635079397449,156.0,0.4589207045777703
2023-07-22,29771.802734375,-0.0045786411360546,0.0044659533199726,pre_etf,0.1881720279720279,143,0.3995775826596986,0.2297648648648649,0.0043814523863485,185.0,0.455590517670662
2023-07-23,30084.5390625,0.0105044471413182,0.0066667811780757,pre_etf,0.2073407692307692,130,0.4453109058833262,0.1881720279720279,0.0044659533199726,143.0,0.3995775826596986
2023-07-24,29176.916015625,-0.030169086020877,0.013052816619674,pre_etf,0.2340693251533742,163,0.4880649993813803,0.2073407692307692,0.0066667811780757,130.0,0.4453109058833262
2023-07-25,29227.390625,0.0017299501204297,0.0130295814842317,pre_etf,0.1809646153846154,130,0.4818319400248863,0.2340693251533742,0.013052816619674,163.0,0.4880649993813803
2023-07-26,29354.97265625,0.0043651529788248,0.0132137467428448,pre_etf,0.1935924242424242,132,0.4440778065415796,0.1809646153846154,0.0130295814842317,130.0,0.4818319400248863
2023-07-27,29210.689453125,-0.0049151196567127,0.0132330133221358,pre_etf,0.2453051851851851,135,0.4486448604339613,0.1935924242424242,0.0132137467428448,132.0,0.4440778065415796
2023-07-28,29319.24609375,0.0037163327075591,0.0132163143457336,pre_etf,0.2456091666666666,120,0.4789942030483474,0.2453051851851851,0.0132330133221358,135.0,0.4486448604339613
2023-07-29,29356.91796875,0.0012848855280773,0.0132678373111199,pre_etf,0.2381193548387096,93,0.4510106812718723,0.2456091666666666,0.0132163143457336,120.0,0.4789942030483474
2023-07-30,29275.30859375,-0.0027799026821164,0.0120913891942841,pre_etf,0.2138353982300884,113,0.4807189516978623,0.2381193548387096,0.0132678373111199,93.0,0.4510106812718723
2023-07-31,29230.111328125,-0.0015438698273756,0.0034468893818578,pre_etf,0.1648419354838709,155,0.4552564798558884,0.2138353982300884,0.0120913891942841,113.0,0.4807189516978623
2023-08-01,29675.732421875,0.0152452752829999,0.0066763838477886,pre_etf,0.2724862903225806,124,0.4891836467187151,0.1648419354838709,0.0034468893818578,155.0,0.4552564798558884
2023-08-02,29151.958984375,-0.0176498908284369,0.0098941570302195,pre_etf,0.2335632,125,0.4270731095408644,0.2724862903225806,0.0066763838477886,124.0,0.4891836467187151
2023-08-03,29178.6796875,0.0009166006009861,0.0097489898074985,pre_etf,0.1321291044776119,134,0.4832517549065337,0.2335632,0.0098941570302195,125.0,0.4270731095408644
2023-08-04,29074.091796875,-0.0035843942133476,0.0096608178498625,pre_etf,0.1181255033557047,149,0.4400609724575894,0.1321291044776119,0.0097489898074985,134.0,0.4832517549065337
2023-08-05,29042.126953125,-0.0010994270766331,0.009602156069731,pre_etf,0.1695941666666666,120,0.4195638099716838,0.1181255033557047,0.0096608178498625,149.0,0.4400609724575894
2023-08-06,29041.85546875,-9.347950838400898e-06,0.0095976755525642,pre_etf,0.3055324786324787,117,0.4981276998073438,0.1695941666666666,0.009602156069731,120.0,0.4195638099716838
2023-08-07,29180.578125,0.0047766457759308,0.0098435127291373,pre_etf,0.2141823076923077,130,0.4439572572598663,0.3055324786324787,0.0095976755525642,117.0,0.4981276998073438
2023-08-08,29765.4921875,0.0200446358531494,0.0111756646404045,pre_etf,0.2390338983050847,118,0.470681181446188,0.2141823076923077,0.0098435127291373,130.0,0.4439572572598663
2023-08-09,29561.494140625,-0.0068535082702468,0.0087340442251248,pre_etf,0.2531511111111111,135,0.4442609971201491,0.2390338983050847,0.0111756646404045,118.0,0.470681181446188
2023-08-10,29429.591796875,-0.0044619647140478,0.0090778625071632,pre_etf,0.1991788079470198,151,0.4737418938070633,0.2531511111111111,0.0087340442251248,135.0,0.4442609971201491
2023-08-11,29397.71484375,-0.0010831598801986,0.0089029891072324,pre_etf,0.2283068027210884,147,0.463764787551388,0.1991788079470198,0.0090778625071632,151.0,0.4737418938070633
2023-08-12,29415.96484375,0.0006207965516027,0.0088390470503766,pre_etf,0.2066552,125,0.4183736581280948,0.2283068027210884,0.0089029891072324,147.0,0.463764787551388
2023-08-13,29282.9140625,-0.0045230806453818,0.0091572322365822,pre_etf,0.3058262295081967,122,0.4766729136200779,0.2066552,0.0088390470503766,125.0,0.4183736581280948
2023-08-14,29408.443359375,0.0042867761250493,0.0091273195231456,pre_etf,0.2710433823529412,136,0.4217826083382565,0.3058262295081967,0.0091572322365822,122.0,0.4766729136200779
2023-08-15,29170.34765625,-0.008096168172366,0.0043788515034599,pre_etf,0.2000068965517241,116,0.4823819226052857,0.2710433823529412,0.0091273195231456,136.0,0.4217826083382565
2023-08-16,28701.779296875,-0.0160631736342917,0.0065963025952541,pre_etf,0.2280772151898734,158,0.5120366346988506,0.2000068965517241,0.0043788515034599,116.0,0.4823819226052857
2023-08-17,26664.55078125,-0.070979171519405,0.0261084286507854,pre_etf,0.2646267515923566,157,0.4842856715985539,0.2280772151898734,0.0065963025952541,158.0,0.5120366346988506
2023-08-18,26049.556640625,-0.0230641103114871,0.0256572716704838,pre_etf,0.1439328671328671,143,0.4325093210387304,0.2646267515923566,0.0261084286507854,157.0,0.4842856715985539
2023-08-19,26096.205078125,0.0017907574452629,0.0257933551491675,pre_etf,0.1785117117117117,111,0.4704072206346595,0.1439328671328671,0.0256572716704838,143.0,0.4325093210387304
2023-08-20,26189.583984375,0.0035782561476065,0.0265981029220144,pre_etf,0.2843523364485981,107,0.5008500610463674,0.1785117117117117,0.0257933551491675,111.0,0.4704072206346595
2023-08-21,26124.140625,-0.0024988315741878,0.0258701880053444,pre_etf,0.1733277372262773,137,0.4932028161937641,0.2843523364485981,0.0265981029220144,107.0,0.5008500610463674
2023-08-22,26031.65625,-0.0035401882238949,0.0261717045211557,pre_etf,0.1724833333333333,132,0.4954550654272356,0.1733277372262773,0.0258701880053444,137.0,0.4932028161937641
2023-08-23,26431.640625,0.0153653064237893,0.0286979478572356,pre_etf,0.229828,150,0.4694881569819506,0.1724833333333333,0.0261717045211557,132.0,0.4954550654272356
2023-08-24,26162.373046875,-0.0101873198847262,0.0119542540498069,pre_etf,0.2001264285714286,140,0.4880323934599934,0.229828,0.0286979478572356,150.0,0.4694881569819506
2023-08-25,26047.66796875,-0.0043843529759125,0.0081022868864432,pre_etf,0.2356317073170731,123,0.4509971133848723,0.2001264285714286,0.0119542540498069,140.0,0.4880323934599934
2023-08-26,26008.462890625,-0.0015051281432193,0.0080778039037763,pre_etf,0.2117175438596491,114,0.458143913364792,0.2356317073170731,0.0081022868864432,123.0,0.4509971133848723
2023-08-27,26089.693359375,0.0031232321991347,0.008041705502874,pre_etf,0.1518136842105263,95,0.4630942313948381,0.2117175438596491,0.0080778039037763,114.0,0.458143913364792
2023-08-28,26106.150390625,0.0006307866874213,0.0080001261678767,pre_etf,0.2466411764705882,136,0.4635971719580422,0.1518136842105263,0.008041705502874,95.0,0.4630942313948381
2023-08-29,27727.392578125,0.0621019247664413,0.0245693121107913,pre_etf,0.2719901515151515,132,0.4422123846166836,0.2466411764705882,0.0080001261678767,136.0,0.4635971719580422
2023-08-30,27297.265625,-0.0155127083050838,0.0260287465459714,pre_etf,0.2284984126984127,126,0.4239062588797908,0.2719901515151515,0.0245693121107913,132.0,0.4422123846166836
2023-08-31,25931.47265625,-0.0500340578984273,0.0332362553549232,pre_etf,0.2604275,120,0.4894644373760798,0.2284984126984127,0.0260287465459714,126.0,0.4239062588797908
2023-09-01,25800.724609375,-0.0050420602257421,0.0332490135520246,pre_etf,0.1858312,125,0.4969585627913185,0.2604275,0.0332362553549232,120.0,0.4894644373760798
2023-09-02,25868.798828125,0.0026384615075991,0.0332731367945502,pre_etf,0.2024018018018018,111,0.4943997556232812,0.1858312,0.0332490135520246,125.0,0.4969585627913185
2023-09-03,25969.56640625,0.0038953327054152,0.033287649604877,pre_etf,0.3019104838709677,124,0.4909751954754146,0.2024018018018018,0.0332731367945502,111.0,0.4943997556232812
2023-09-04,25812.416015625,-0.0060513290120692,0.033355966927835,pre_etf,0.2887860869565217,115,0.5405971477177054,0.3019104838709677,0.033287649604877,124.0,0.4909751954754146
2023-09-05,25779.982421875,-0.0012565113521479,0.0187184540943916,pre_etf,0.2951891666666666,120,0.463575158265242,0.2887860869565217,0.033355966927835,115.0,0.5405971477177054
2023-09-06,25753.236328125,-0.0010374752516241,0.0188322568370869,pre_etf,0.2583376811594203,138,0.5015603498634711,0.2951891666666666,0.0187184540943916,120.0,0.463575158265242
2023-09-07,26240.1953125,0.018908652030005,0.0084024567120443,pre_etf,0.2830818181818181,143,0.4646727034776566,0.2583376811594203,0.0188322568370869,138.0,0.5015603498634711
2023-09-08,25905.654296875,-0.0127491816139658,0.0098216337924306,pre_etf,0.2227719696969697,132,0.4537305657629218,0.2830818181818181,0.0084024567120443,143.0,0.4646727034776566
2023-09-09,25895.677734375,-0.0003851113886439,0.0097845445485095,pre_etf,0.2113569343065693,137,0.4750723833077533,0.2227719696969697,0.0098216337924306,132.0,0.4537305657629218
2023-09-10,25832.2265625,-0.002450261102484,0.0096773171065679,pre_etf,0.203848854961832,131,0.4698443916490473,0.2113569343065693,0.0097845445485095,137.0,0.4750723833077533
2023-09-11,25162.654296875,-0.025920036896742,0.0136151455663998,pre_etf,0.1565194968553459,159,0.4382131782068809,0.203848854961832,0.0096773171065679,131.0,0.4698443916490473
2023-09-12,25833.34375,0.0266541615686504,0.0178339389975311,pre_etf,0.1621085271317829,129,0.4737797190597598,0.1565194968553459,0.0136151455663998,159.0,0.4382131782068809
2023-09-13,26228.32421875,0.0152895603671128,0.0186584094950691,pre_etf,0.1615054794520548,146,0.4508814084895192,0.1621085271317829,0.0178339389975311,129.0,0.4737797190597598
2023-09-14,26539.673828125,0.011870739692642,0.0178139641926442,pre_etf,0.2578795620437956,137,0.4197104201531108,0.1615054794520548,0.0186584094950691,146.0,0.4508814084895192
2023-09-15,26608.693359375,0.0026006171627044,0.0166363014567683,pre_etf,0.1985467532467532,154,0.4887979943061917,0.2578795620437956,0.0178139641926442,137.0,0.4197104201531108
2023-09-16,26568.28125,-0.0015187558753523,0.0166909795803392,pre_etf,0.2688549180327869,122,0.4566585034544588,0.1985467532467532,0.0166363014567683,154.0,0.4887979943061917
2023-09-17,26534.1875,-0.0012832501161511,0.0166239614733569,pre_etf,0.2141,106,0.4970223423166254,0.2688549180327869,0.0166909795803392,122.0,0.4566585034544588
2023-09-18,26754.28125,0.0082947235523982,0.0101418086390344,pre_etf,0.2485210144927536,138,0.497437534566948,0.2141,0.0166239614733569,106.0,0.4970223423166254
2023-09-19,27211.1171875,0.0170752461346723,0.0076874437608861,pre_etf,0.2046244094488189,127,0.4765763670240051,0.2485210144927536,0.0101418086390344,138.0,0.497437534566948
2023-09-20,27132.0078125,-0.0029072446550022,0.0076813756305275,pre_etf,0.2301162790697674,129,0.4685663256464301,0.2046244094488189,0.0076874437608861,127.0,0.4765763670240051
2023-09-21,26567.6328125,-0.0208010776017831,0.011632678883052,pre_etf,0.2162701298701298,154,0.469243907496793,0.2301162790697674,0.0076813756305275,129.0,0.4685663256464301
2023-09-22,26579.568359375,0.000449251424063,0.0115872797687545,pre_etf,0.1729762237762238,143,0.4712355257175711,0.2162701298701298,0.011632678883052,154.0,0.469243907496793
2023-09-23,26579.390625,-6.686879658768241e-06,0.0115704774465161,pre_etf,0.2299947826086956,115,0.4668614595666261,0.1729762237762238,0.0115872797687545,143.0,0.4712355257175711
2023-09-24,26256.826171875,-0.0121358859454664,0.0124807092134381,pre_etf,0.2031197080291971,137,0.4631531699124104,0.2299947826086956,0.0115704774465161,115.0,0.4668614595666261
2023-09-25,26298.48046875,0.001586417817688,0.0118509270730823,pre_etf,0.2597866666666666,120,0.4967809476064494,0.2031197080291971,0.0124807092134381,137.0,0.4631531699124104
2023-09-26,26217.25,-0.0030887894396227,0.0082271683332494,pre_etf,0.2125231292517007,147,0.5332488401194801,0.2597866666666666,0.0118509270730823,120.0,0.4967809476064494
2023-09-27,26352.716796875,0.005167086436411,0.0091304138246362,pre_etf,0.2425944,125,0.4702528421316593,0.2125231292517007,0.0082271683332494,147.0,0.5332488401194801
2023-09-28,27021.546875,0.0253799288809688,0.0114554844495193,pre_etf,0.3106844444444444,135,0.5160431085004873,0.2425944,0.0091304138246362,125.0,0.4702528421316593
2023-09-29,26911.720703125,-0.0040643924784561,0.0117129007238279,pre_etf,0.267681512605042,119,0.4922565785714247,0.3106844444444444,0.0114554844495193,135.0,0.5160431085004873
2023-09-30,26967.916015625,0.0020881352448591,0.0116847622434488,pre_etf,0.2404007407407407,135,0.4594433719343142,0.267681512605042,0.0117129007238279,119.0,0.4922565785714247
2023-10-01,27983.75,0.0376682419133327,0.0159372875531792,pre_etf,0.1574916030534351,131,0.5535329098739876,0.2404007407407407,0.0116847622434488,135.0,0.4594433719343142
2023-10-02,27530.78515625,-0.0161867099209362,0.0185610898108346,pre_etf,0.2290256097560975,164,0.4802324621941177,0.1574916030534351,0.0159372875531792,131.0,0.5535329098739876
2023-10-03,27429.978515625,-0.0036615970105057,0.0186126755354848,pre_etf,0.2199573529411764,136,0.4406797943299862,0.2290256097560975,0.0185610898108346,164.0,0.4802324621941177
2023-10-04,27799.39453125,0.0134676013477212,0.0187679068172356,pre_etf,0.2611268115942028,138,0.4685828901019853,0.2199573529411764,0.0186126755354848,136.0,0.4406797943299862
2023-10-05,27415.912109375,-0.0137946321616435,0.0184953412459786,pre_etf,0.2555032258064516,155,0.4958242639321036,0.2611268115942028,0.0187679068172356,138.0,0.4685828901019853
2023-10-06,27946.59765625,0.0193568444762239,0.0192718927648973,pre_etf,0.2005930555555555,144,0.4898991506968911,0.2555032258064516,0.0184953412459786,155.0,0.4958242639321036
2023-10-07,27968.83984375,0.0007958817661306,0.0193168584629197,pre_etf,0.270918,100,0.4532219859645118,0.2005930555555555,0.0192718927648973,144.0,0.4898991506968911
2023-10-08,27935.08984375,-0.0012067000343434,0.0130616877891644,pre_etf,0.2588885245901639,122,0.4490857212060896,0.270918,0.0193168584629197,100.0,0.4532219859645118
2023-10-09,27583.677734375,-0.0125795947441215,0.0123780109656947,pre_etf,0.25528203125,128,0.505684221349476,0.2588885245901639,0.0130616877891644,122.0,0.4490857212060896
2023-10-10,27391.01953125,-0.0069845002171304,0.0126184190022385,pre_etf,0.2514535433070866,127,0.4830179814910563,0.25528203125,0.0123780109656947,128.0,0.505684221349476
2023-10-11,26873.3203125,-0.0189003267351682,0.0127330529531251,pre_etf,0.1953514084507042,142,0.533944097232691,0.2514535433070866,0.0126184190022385,127.0,0.4830179814910563
2023-10-12,26756.798828125,-0.0043359541366684,0.0121005459765421,pre_etf,0.2446165562913907,151,0.4584360566724602,0.1953514084507042,0.0127330529531251,142.0,0.533944097232691
2023-10-13,26862.375,0.0039457699163931,0.0079630143667108,pre_etf,0.1106433566433566,143,0.5657200499076613,0.2446165562913907,0.0121005459765421,151.0,0.4584360566724602
2023-10-14,26861.70703125,-2.486633255627257e-05,0.0078583376554537,pre_etf,0.1882546762589928,139,0.5168711652642245,0.1106433566433566,0.0079630143667108,143.0,0.5657200499076613
2023-10-15,27159.65234375,0.0110918234702426,0.0100940818514974,pre_etf,0.2089365591397849,93,0.4909560003718004,0.1882546762589928,0.0078583376554537,139.0,0.5168711652642245
2023-10-16,28519.466796875,0.050067446958242,0.0219717881614289,pre_etf,0.1632013245033112,151,0.4612827656274409,0.2089365591397849,0.0100940818514974,93.0,0.4909560003718004
2023-10-17,28415.748046875,-0.0036367703063566,0.021702748879555,pre_etf,0.1810581560283687,141,0.4750113633461877,0.1632013245033112,0.0219717881614289,151.0,0.4612827656274409
2023-10-18,28328.341796875,-0.0030759792019486,0.0194498442286005,pre_etf,0.1437955128205128,156,0.4949579875743054,0.1810581560283687,0.021702748879555,141.0,0.4750113633461877
2023-10-19,28719.806640625,0.0138188407410837,0.0187731523279499,pre_etf,0.2204803418803418,117,0.4726667323483299,0.1437955128205128,0.0194498442286005,156.0,0.4949579875743054
2023-10-20,29682.94921875,0.0335358308702053,0.0203646102395302,pre_etf,0.2479751824817518,137,0.465829360448687,0.2204803418803418,0.0187731523279499,117.0,0.4726667323483299
2023-10-21,29918.412109375,0.0079325975626527,0.0196247675116089,pre_etf,0.1514456692913385,127,0.4351763561059306,0.2479751824817518,0.0203646102395302,137.0,0.465829360448687
2023-10-22,29993.896484375,0.0025230073950464,0.0202167038693204,pre_etf,0.2156290780141844,141,0.4256080827204777,0.1514456692913385,0.0196247675116089,127.0,0.4351763561059306
2023-10-23,33086.234375,0.1030989052134629,0.0379480510088442,pre_etf,0.1675148760330578,242,0.472189308274049,0.2156290780141844,0.0202167038693204,141.0,0.4256080827204777
2023-10-24,33901.52734375,0.0246414554013447,0.0362266863185873,pre_etf,0.1803366013071895,306,0.4763153504582669,0.1675148760330578,0.0379480510088442,242.0,0.472189308274049
2023-10-25,34502.8203125,0.017736456610143,0.0342354792596867,pre_etf,0.2525745019920318,251,0.4384849299887635,0.1803366013071895,0.0362266863185873,306.0,0.4763153504582669
2023-10-26,34156.6484375,-0.0100331471996967,0.0370724736671529,pre_etf,0.2304131067961165,206,0.4594310159455277,0.2525745019920318,0.0342354792596867,251.0,0.4384849299887635
2023-10-27,33909.80078125,-0.0072269285056373,0.0387861788401907,pre_etf,0.2588813432835821,134,0.4828918542307299,0.2304131067961165,0.0370724736671529,206.0,0.4594310159455277
2023-10-28,34089.57421875,0.0053015185391298,0.0389329384629688,pre_etf,0.2200028571428571,140,0.4973418860768256,0.2588813432835821,0.0387861788401907,134.0,0.4828918542307299
2023-10-29,34538.48046875,0.0131684322930936,0.0383660410127556,pre_etf,0.2804194630872483,149,0.4484459735271159,0.2200028571428571,0.0389329384629688,140.0,0.4973418860768256
2023-10-30,34502.36328125,-0.0010457086417764,0.0130303239264977,pre_etf,0.2258376543209876,162,0.4457984485976857,0.2804194630872483,0.0383660410127556,149.0,0.4484459735271159
2023-10-31,34667.78125,0.0047943953114624,0.0101610967320389,pre_etf,0.1599321428571428,196,0.460491072145423,0.2258376543209876,0.0130303239264977,162.0,0.4457984485976857
2023-11-01,35437.25390625,0.0221956130016252,0.0112974599979911,pre_etf,0.2771531791907514,173,0.4373991568214206,0.1599321428571428,0.0101610967320389,196.0,0.460491072145423
2023-11-02,34938.2421875,-0.0140815572242178,0.0121962383175661,pre_etf,0.2672497076023392,171,0.5307250134734413,0.2771531791907514,0.0112974599979911,173.0,0.4373991568214206
2023-11-03,34732.32421875,-0.0058937701457594,0.0120134817524979,pre_etf,0.1796753488372093,215,0.4967721487301462,0.2672497076023392,0.0121962383175661,171.0,0.5307250134734413
2023-11-04,35082.1953125,0.0100733567827611,0.0122660531844488,pre_etf,0.2401060606060606,132,0.4941006887771071,0.1796753488372093,0.0120134817524979,215.0,0.4967721487301462
2023-11-05,35049.35546875,-0.0009360829177728,0.0116868922837594,pre_etf,0.1749921259842519,127,0.4819247083732919,0.2401060606060606,0.0122660531844488,132.0,0.4941006887771071
2023-11-06,35037.37109375,-0.0003419285416157,0.0116577284351375,pre_etf,0.2334574999999999,200,0.4668207279071579,0.1749921259842519,0.0116868922837594,127.0,0.4819247083732919
2023-11-07,35443.5625,0.0115930902796088,0.0121759010820489,pre_etf,0.2314179999999999,150,0.4637644574088281,0.2334574999999999,0.0116577284351375,200.0,0.4668207279071579
2023-11-08,35655.27734375,0.0059732946920896,0.0091263890592861,pre_etf,0.1771390804597701,174,0.4919077490835026,0.2314179999999999,0.0121759010820489,150.0,0.4637644574088281
2023-11-09,36693.125,0.0291078273278926,0.0115718006877128,pre_etf,0.181994930875576,217,0.4660054669268018,0.1771390804597701,0.0091263890592861,174.0,0.4919077490835026
2023-11-10,37313.96875,0.0169198930317326,0.0104681215649889,pre_etf,0.2441277777777777,198,0.4425808381075837,0.181994930875576,0.0115718006877128,217.0,0.4660054669268018
2023-11-11,37138.05078125,-0.0047145338500075,0.0119223668742666,pre_etf,0.2645993055555555,144,0.4617443770310516,0.2441277777777777,0.0104681215649889,198.0,0.4425808381075837
2023-11-12,37054.51953125,-0.0022492093215127,0.0120996160272857,pre_etf,0.2242513888888889,144,0.5044496054846132,0.2645993055555555,0.0119223668742666,144.0,0.4617443770310516
2023-11-13,36502.35546875,-0.0149013958212123,0.0147434033997108,pre_etf,0.2028233333333333,150,0.4907854643347102,0.2242513888888889,0.0120996160272857,144.0,0.5044496054846132
2023-11-14,35537.640625,-0.0264288381218549,0.0187753665470387,pre_etf,0.1713847058823529,170,0.5136218504001684,0.2028233333333333,0.0147434033997108,150.0,0.4907854643347102
2023-11-15,37880.58203125,0.0659284455874031,0.0312221799965513,pre_etf,0.2590296296296296,162,0.4714212465123054,0.1713847058823529,0.0187753665470387,170.0,0.5136218504001684
2023-11-16,36154.76953125,-0.0455592920556572,0.0356814878485077,pre_etf,0.2136658008658008,231,0.495237326769029,0.2590296296296296,0.0312221799965513,162.0,0.4714212465123054
2023-11-17,36596.68359375,0.0122228427460457,0.0353180926856042,pre_etf,0.1634988372093023,172,0.4701173970575689,0.2136658008658008,0.0356814878485077,231.0,0.495237326769029
2023-11-18,36585.703125,-0.0003000399946588,0.0353060191083504,pre_etf,0.2285579710144927,138,0.4617467408366034,0.1634988372093023,0.0353180926856042,172.0,0.4701173970575689
2023-11-19,37386.546875,0.021889527372586,0.0363954894468128,pre_etf,0.302522972972973,148,0.509828951587506,0.2285579710144927,0.0353060191083504,138.0,0.4617467408366034
2023-11-20,37476.95703125,0.0024182537251242,0.0356490750964506,pre_etf,0.2519706214689265,177,0.4148268913821959,0.302522972972973,0.0363954894468128,148.0,0.509828951587506
2023-11-21,35813.8125,-0.0443777900607883,0.0387400419920794,pre_etf,0.2763044025157233,159,0.5006367746883651,0.2519706214689265,0.0356490750964506,177.0,0.4148268913821959
2023-11-22,37432.33984375,0.0451928245212653,0.0334453816867105,pre_etf,0.2545122093023256,172,0.4708897612785415,0.2763044025157233,0.0387400419920794,159.0,0.5006367746883651
2023-11-23,37289.62109375,-0.0038127124992917,0.0273953418699134,pre_etf,0.2055833333333333,180,0.4990431089964789,0.2545122093023256,0.0334453816867105,172.0,0.4708897612785415
2023-11-24,37720.28125,0.0115490622757274,0.0273658676123353,pre_etf,0.2826343589743589,195,0.4517543255105581,0.2055833333333333,0.0273953418699134,180.0,0.4990431089964789
2023-11-25,37796.79296875,0.0020283973558654,0.0273097466652524,pre_etf,0.3211,166,0.4561816385979815,0.2826343589743589,0.0273658676123353,195.0,0.4517543255105581
2023-11-26,37479.12109375,-0.0084047309321361,0.0265746904663596,pre_etf,0.2666836257309941,171,0.4936166179283391,0.3211,0.0273097466652524,166.0,0.4561816385979815
2023-11-27,37254.16796875,-0.0060020917896475,0.0266720326000947,pre_etf,0.1623153439153439,189,0.4356302554889347,0.2666836257309941,0.0265746904663596,171.0,0.4936166179283391
2023-11-28,37831.0859375,0.0154859979488453,0.0186740282989675,pre_etf,0.2113645962732919,161,0.5035336908303578,0.1623153439153439,0.0266720326000947,189.0,0.4356302554889347
2023-11-29,37858.4921875,0.0007244373065387,0.0089435211802406,pre_etf,0.19099,200,0.4871918146080716,0.2113645962732919,0.0186740282989675,161.0,0.5035336908303578
2023-11-30,37712.74609375,-0.0038497596002547,0.0089473045539281,pre_etf,0.2199585798816568,169,0.4817056002352176,0.19099,0.0089435211802406,200.0,0.4871918146080716
2023-12-01,38688.75,0.0258799479577476,0.0125177329531484,pre_etf,0.1840879807692307,208,0.4730218152272971,0.2199585798816568,0.0089473045539281,169.0,0.4817056002352176
2023-12-02,39476.33203125,0.0203568745759425,0.0139464843962555,pre_etf,0.1991866666666666,195,0.4857839596892933,0.1840879807692307,0.0125177329531484,208.0,0.4730218152272971
2023-12-03,39978.390625,0.0127179646111132,0.0124345095378711,pre_etf,0.1518720183486238,218,0.4798455247750039,0.1991866666666666,0.0139464843962555,195.0,0.4857839596892933
2023-12-04,41980.09765625,0.0500697251679325,0.0178098779676248,pre_etf,0.1867457943925233,321,0.4538612850338417,0.1518720183486238,0.0124345095378711,218.0,0.4798455247750039
2023-12-05,44080.6484375,0.0500368245555349,0.0215955521246176,pre_etf,0.2207294117647059,323,0.43656135307861,0.1867457943925233,0.0178098779676248,321.0,0.4538612850338417
2023-12-06,43746.4453125,-0.0075816290559757,0.0231494027827123,pre_etf,0.1843733746130031,323,0.4901360435146973,0.2207294117647059,0.0215955521246176,323.0,0.43656135307861
2023-12-07,43292.6640625,-0.0103729856622278,0.0244172682441961,pre_etf,0.2678246963562752,247,0.5115311055533049,0.1843733746130031,0.0231494027827123,323.0,0.4901360435146973
2023-12-08,44166.6015625,0.0201867341482688,0.024289397068106,pre_etf,0.2161181818181818,220,0.4567168496604897,0.2678246963562752,0.0244172682441961,247.0,0.5115311055533049
2023-12-09,43725.984375,-0.0099762529131086,0.0266680372160377,pre_etf,0.283332,175,0.4549515751722641,0.2161181818181818,0.024289397068106,220.0,0.4567168496604897
2023-12-10,43779.69921875,0.0012284421841561,0.0271813624697307,pre_etf,0.236948623853211,218,0.4718850611078031,0.283332,0.0266680372160377,175.0,0.4549515751722641
2023-12-11,41243.83203125,-0.0579233579205116,0.032921082536592,pre_etf,0.1949455319148936,235,0.4919795547781378,0.236948623853211,0.0271813624697307,218.0,0.4718850611078031
2023-12-12,41450.22265625,0.0050041573451182,0.0243212255541282,pre_etf,0.1972944186046511,215,0.4479465515581234,0.1949455319148936,0.032921082536592,235.0,0.4919795547781378
2023-12-13,42890.7421875,0.0347529986315475,0.0293322675252036,pre_etf,0.185071875,224,0.4581101392664332,0.1972944186046511,0.0243212255541282,215.0,0.4479465515581234
2023-12-14,43023.97265625,0.0031062756659134,0.0291668838449519,pre_etf,0.2188165,200,0.4833805822685907,0.185071875,0.0293322675252036,224.0,0.4581101392664332
2023-12-15,41929.7578125,-0.0254326780209833,0.0288647956923864,pre_etf,0.193998,200,0.5111410542921734,0.2188165,0.0291668838449519,200.0,0.4833805822685907
2023-12-16,42240.1171875,0.0074018880907409,0.0293134376455742,pre_etf,0.1520617117117117,222,0.4963515728916238,0.193998,0.0288647956923864,200.0,0.5111410542921734
2023-12-17,41364.6640625,-0.0207256320126656,0.029762938263915,pre_etf,0.1726653846153846,208,0.4852531196193738,0.1520617117117117,0.0293134376455742,222.0,0.4963515728916238
2023-12-18,42623.5390625,0.0304335845227197,0.0228377950929175,pre_etf,0.2142070093457944,214,0.4665902869393354,0.1726653846153846,0.029762938263915,208.0,0.4852531196193738
2023-12-19,42270.52734375,-0.0082820837151126,0.0233767739423922,pre_etf,0.297419730941704,223,0.4850361918937327,0.2142070093457944,0.0228377950929175,214.0,0.4665902869393354
2023-12-20,43652.25,0.0326876134052842,0.0229182733547747,pre_etf,0.223652,225,0.4938997746687654,0.297419730941704,0.0233767739423922,223.0,0.4850361918937327
2023-12-21,43869.15234375,0.0049688697318006,0.0229340243715367,pre_etf,0.1840714876033057,242,0.4889471018799294,0.223652,0.0229182733547747,225.0,0.4938997746687654
2023-12-22,43997.90234375,0.0029348640929083,0.0192874154167888,pre_etf,0.2897930232558139,215,0.5039360109928608,0.1840714876033057,0.0229340243715367,242.0,0.4889471018799294
2023-12-23,43739.54296875,-0.005872083923035,0.0198912613968823,pre_etf,0.2520413265306122,196,0.5206764134905773,0.2897930232558139,0.0192874154167888,215.0,0.5039360109928608
2023-12-24,43016.1171875,-0.0165393996404319,0.0190273404790199,pre_etf,0.2041247191011236,178,0.5257406049367874,0.2520413265306122,0.0198912613968823,196.0,0.5206764134905773
2023-12-25,43613.140625,0.0138790638610564,0.0162802282111931,pre_etf,0.2164045,200,0.476625727537344,0.2041247191011236,0.0190273404790199,178.0,0.5257406049367874
2023-12-26,42520.40234375,-0.0250552532009955,0.0192492556128684,pre_etf,0.2517384615384615,195,0.4529362838462216,0.2164045,0.0162802282111931,200.0,0.476625727537344
2023-12-27,43442.85546875,0.0216943649202225,0.0164828293741852,pre_etf,0.2322515981735159,219,0.4832363102990819,0.2517384615384615,0.0192492556128684,195.0,0.4529362838462216
2023-12-28,42627.85546875,-0.018760276947869,0.0175588204573222,pre_etf,0.1954945098039215,255,0.5130243716959175,0.2322515981735159,0.0164828293741852,219.0,0.4832363102990819
2023-12-29,42099.40234375,-0.0123968967987939,0.0175116167256318,pre_etf,0.2684463302752293,218,0.4646899477792865,0.1954945098039215,0.0175588204573222,255.0,0.5130243716959175
2023-12-30,42156.90234375,0.0013658151137276,0.0177429219434324,pre_etf,0.2213437499999999,192,0.4680222537583967,0.2684463302752293,0.0175116167256318,218.0,0.4646899477792865
2023-12-31,42265.1875,0.0025686222238776,0.0171526028887741,pre_etf,0.2474310734463276,177,0.49632371526633,0.2213437499999999,0.0177429219434324,192.0,0.4680222537583967
2024-01-01,44167.33203125,0.0450049945064126,0.0245229286631994,pre_etf,0.2090728323699422,173,0.4678928762207155,0.2474310734463276,0.0171526028887741,177.0,0.49632371526633
2024-01-02,44957.96875,0.0179009390513014,0.0218339217783338,pre_etf,0.2186997326203208,374,0.4430099292939282,0.2090728323699422,0.0245229286631994,173.0,0.4678928762207155
2024-01-03,42848.17578125,-0.0469281203624218,0.0289947463633839,pre_etf,0.1454217910447761,335,0.4976370608025569,0.2186997326203208,0.0218339217783338,374.0,0.4430099292939282
2024-01-04,44179.921875,0.0310805785653249,0.0301758284764226,pre_etf,0.2052854545454545,275,0.4780243427582005,0.1454217910447761,0.0289947463633839,335.0,0.4976370608025569
2024-01-05,44162.69140625,-0.0003900067727314,0.0293170964123214,pre_etf,0.2570772908366533,251,0.4740479232337496,0.2052854545454545,0.0301758284764226,275.0,0.4780243427582005
2024-01-06,43989.1953125,-0.0039285670375933,0.0295608485277843,pre_etf,0.2474813278008298,241,0.4875718813073235,0.2570772908366533,0.0293170964123214,251.0,0.4740479232337496
2024-01-07,43943.09765625,-0.0010479313368322,0.029671848883925,pre_etf,0.217818992248062,258,0.4458003975579134,0.2474813278008298,0.0295608485277843,241.0,0.4875718813073235
2024-01-08,46970.50390625,0.0688937833577922,0.0356775563967983,pre_etf,0.1949008849557522,339,0.4851752440358534,0.217818992248062,0.029671848883925,258.0,0.4458003975579134
2024-01-09,46139.73046875,-0.0176871306119723,0.0367777438725758,pre_etf,0.1945602272727273,528,0.4918986778869904,0.1949008849557522,0.0356775563967983,339.0,0.4851752440358534
2024-01-10,46627.77734375,0.0105775840049726,0.0290403505823632,post_etf,0.2238076672104404,613,0.4292470163770143,0.1945602272727273,0.0367777438725758,528.0,0.4918986778869904
2024-01-11,46368.5859375,-0.0055587338924432,0.0284286739660747,post_etf,0.2114929955290611,671,0.4765417472073788,0.2238076672104404,0.0290403505823632,613.0,0.4292470163770143
2024-01-12,42853.16796875,-0.075814646870802,0.0425835554086239,post_etf,0.2105429975429975,407,0.4879903678426949,0.2114929955290611,0.0284286739660747,671.0,0.4765417472073788
2024-01-13,42842.3828125,-0.0002516769882185,0.0426001969479232,post_etf,0.182563698630137,292,0.4924269774225308,0.2105429975429975,0.0425835554086239,407.0,0.4879903678426949
2024-01-14,41796.26953125,-0.0244177193838242,0.0433326101650478,post_etf,0.2377995283018867,212,0.4897699546554368,0.182563698630137,0.0426001969479232,292.0,0.4924269774225308
2024-01-15,42511.96875,0.0171235190790146,0.0310258540690832,post_etf,0.2476601694915254,236,0.477787491378142,0.2377995283018867,0.0433326101650478,212.0,0.4897699546554368
2024-01-16,43154.9453125,0.0151246009395882,0.0327566488388589,post_etf,0.1716027237354085,257,0.4651536086509378,0.2476601694915254,0.0310258540690832,236.0,0.477787491378142
2024-01-17,42742.65234375,-0.0095537826722856,0.0316118874904311,post_etf,0.1983931914893617,235,0.4722853572485544,0.1716027237354085,0.0327566488388589,257.0,0.4651536086509378
2024-01-18,41262.05859375,-0.0346397256326677,0.0325359665150724,post_etf,0.1796295546558704,247,0.4791734555089993,0.1983931914893617,0.0316118874904311,235.0,0.4722853572485544
2024-01-19,41618.40625,0.0086362064423022,0.019883818991539,post_etf,0.12368,225,0.5071290069034281,0.1796295546558704,0.0325359665150724,247.0,0.4791734555089993
2024-01-20,41665.5859375,0.0011336255217606,0.0199341378089023,post_etf,0.1765243902439024,164,0.4657948040974329,0.12368,0.019883818991539,225.0,0.5071290069034281
2024-01-21,41545.78515625,-0.0028752933279206,0.0177653494872905,post_etf,0.1927013157894737,152,0.4867455859365555,0.1765243902439024,0.0199341378089023,164.0,0.4657948040974329
2024-01-22,39507.3671875,-0.0490643746672181,0.0234036826535247,post_etf,0.1583088785046729,214,0.4631043903912759,0.1927013157894737,0.0177653494872905,152.0,0.4867455859365555
2024-01-23,39845.55078125,0.0085600134310392,0.02232764749335,post_etf,0.1928627530364372,247,0.4853515443625932,0.1583088785046729,0.0234036826535247,214.0,0.4631043903912759
2024-01-24,40077.07421875,0.0058105217009309,0.0232430939297576,post_etf,0.1948745454545454,220,0.4620571830899265,0.1928627530364372,0.02232764749335,247.0,0.4853515443625932
2024-01-25,39933.80859375,-0.0035747525934159,0.0202922211808602,post_etf,0.2394416666666666,204,0.4670615105735834,0.1948745454545454,0.0232430939297576,220.0,0.4620571830899265
2024-01-26,41816.87109375,0.0471545932209109,0.0281452901558872,post_etf,0.15845,200,0.4713648960477761,0.2394416666666666,0.0202922211808602,204.0,0.4670615105735834
2024-01-27,42120.0546875,0.0072502697074174,0.028244159167333,post_etf,0.1802988636363636,176,0.4877223885998656,0.15845,0.0281452901558872,200.0,0.4713648960477761
2024-01-28,42035.59375,-0.00200524282617,0.0282215763111167,post_etf,0.2574662790697674,172,0.4419991616012967,0.1802988636363636,0.028244159167333,176.0,0.4877223885998656
2024-01-29,43288.24609375,0.0297998013588187,0.0184956845673255,post_etf,0.1726597014925373,201,0.4855038471710707,0.2574662790697674,0.0282215763111167,172.0,0.4419991616012967
2024-01-30,42952.609375,-0.007753530092744,0.020144554567344,post_etf,0.1738078534031413,191,0.4930399894009872,0.1726597014925373,0.0184956845673255,201.0,0.4855038471710707
2024-01-31,42582.60546875,-0.008614235820219,0.0214537068992675,post_etf,0.2354756756756756,185,0.470271117112134,0.1738078534031413,0.020144554567344,191.0,0.4930399894009872
2024-02-01,43075.7734375,0.0115814418427713,0.0207384939754112,post_etf,0.2173930107526881,186,0.4511452620436126,0.2354756756756756,0.0214537068992675,185.0,0.470271117112134
2024-02-02,43185.859375,0.0025556346111748,0.0133277590266207,post_etf,0.1952120218579234,183,0.4774061449304126,0.2173930107526881,0.0207384939754112,186.0,0.4511452620436126
2024-02-03,42992.25,-0.0044831659668692,0.013684822121145,post_etf,0.1300719298245614,171,0.4860144165452121,0.1952120218579234,0.0133277590266207,183.0,0.4774061449304126
2024-02-04,42583.58203125,-0.0095056194721141,0.0144171230605932,post_etf,0.2801784431137724,167,0.473359321364714,0.1300719298245614,0.013684822121145,171.0,0.4860144165452121
2024-02-05,42658.66796875,0.0017632602500394,0.0077318974032511,post_etf,0.2192543352601156,173,0.4922106679884922,0.2801784431137724,0.0144171230605932,167.0,0.473359321364714
2024-02-06,43084.671875,0.0099863386864791,0.0084322536258008,post_etf,0.2166479591836734,196,0.4690231005692667,0.2192543352601156,0.0077318974032511,173.0,0.4922106679884922
2024-02-07,44318.22265625,0.0286308500811809,0.0125101569114522,post_etf,0.2158358695652174,184,0.4692042186677705,0.2166479591836734,0.0084322536258008,196.0,0.4690231005692667
2024-02-08,45301.56640625,0.0221882487848668,0.0138943494998125,post_etf,0.1543338308457711,201,0.4723198283470126,0.2158358695652174,0.0125101569114522,184.0,0.4692042186677705
2024-02-09,47147.19921875,0.0407410374279104,0.0184635689855743,post_etf,0.2031125,256,0.3978633715628678,0.1543338308457711,0.0138943494998125,201.0,0.4723198283470126
2024-02-10,47771.27734375,0.0132368016624795,0.0168496255464178,post_etf,0.2868680851063829,188,0.4466936253315259,0.2031125,0.0184635689855743,256.0,0.3978633715628678
2024-02-11,48293.91796875,0.0109404783388815,0.0132147057396619,post_etf,0.1350477064220183,218,0.5016002318104716,0.2868680851063829,0.0168496255464178,188.0,0.4466936253315259
2024-02-12,49958.22265625,0.0344619935076904,0.0121689487839747,post_etf,0.2287548387096774,341,0.4181889613156042,0.1350477064220183,0.0132147057396619,218.0,0.5016002318104716
2024-02-13,49742.44140625,-0.0043192339224062,0.0154538092566231,post_etf,0.1731768729641694,307,0.4459559141939579,0.2287548387096774,0.0121689487839747,341.0,0.4181889613156042
2024-02-14,51826.6953125,0.0419009169499291,0.0172753637302887,post_etf,0.2242757894736842,380,0.4370618483166798,0.1731768729641694,0.0154538092566231,307.0,0.4459559141939579
2024-02-15,51938.5546875,0.0021583350882306,0.0189580477065985,post_etf,0.2230841463414634,328,0.4690056200883933,0.2242757894736842,0.0172753637302887,380.0,0.4370618483166798
2024-02-16,52160.203125,0.0042675126182003,0.0171976426448376,post_etf,0.1969155378486055,251,0.5129375237956467,0.2230841463414634,0.0189580477065985,328.0,0.4690056200883933
2024-02-17,51662.99609375,-0.0095323062691773,0.0195102890998189,post_etf,0.1646358490566037,212,0.5066673089232255,0.1969155378486055,0.0171976426448376,251.0,0.5129375237956467
2024-02-18,52122.546875,0.0088951631921632,0.0195338130744949,post_etf,0.2916824120603015,199,0.4693716509433691,0.1646358490566037,0.0195102890998189,212.0,0.5066673089232255
2024-02-19,51779.14453125,-0.0065883646202773,0.0174037072115582,post_etf,0.2182756183745583,283,0.4554789799891305,0.2916824120603015,0.0195338130744949,199.0,0.4693716509433691
2024-02-20,52284.875,0.0097670688329889,0.0169198732481482,post_etf,0.2028146153846153,260,0.4831345675530953,0.2182756183745583,0.0174037072115582,283.0,0.4554789799891305
2024-02-21,51839.1796875,-0.0085243641205989,0.0082087127463307,post_etf,0.2110816053511705,299,0.4653174355948367,0.2028146153846153,0.0169198732481482,260.0,0.4831345675530953
2024-02-22,51304.97265625,-0.0103050826511981,0.0089927823913122,post_etf,0.1915861003861003,259,0.4722524511694028,0.2110816053511705,0.0082087127463307,299.0,0.4653174355948367
2024-02-23,50731.94921875,-0.0111689648747954,0.0091715076268611,post_etf,0.2023773913043478,230,0.4377337280720494,0.1915861003861003,0.0089927823913122,259.0,0.4722524511694028
2024-02-24,51571.1015625,0.0165409048276792,0.0115098467783792,post_etf,0.1973361809045226,199,0.465594364246029,0.2023773913043478,0.0091715076268611,230.0,0.4377337280720494
2024-02-25,51733.23828125,0.0031439452297428,0.0109439563362688,post_etf,0.2411903553299492,197,0.4716557227192866,0.1973361809045226,0.0115098467783792,199.0,0.465594364246029
2024-02-26,54522.40234375,0.0539143528448111,0.0230303017429858,post_etf,0.2133145569620253,316,0.4479435940718004,0.2411903553299492,0.0109439563362688,197.0,0.4716557227192866
2024-02-27,57085.37109375,0.0470076269538002,0.0274794616288856,post_etf,0.2020102,500,0.4675546619163577,0.2133145569620253,0.0230303017429858,316.0,0.4479435940718004
2024-02-28,62504.7890625,0.0949353199412474,0.0392922149478706,post_etf,0.1575392699115044,904,0.4538357793691105,0.2020102,0.0274794616288856,500.0,0.4675546619163577
2024-02-29,61198.3828125,-0.0209008984686548,0.0411610659634607,post_etf,0.2246920433996383,553,0.4689284964593752,0.1575392699115044,0.0392922149478706,904.0,0.4538357793691105
2024-03-01,62440.6328125,0.0202987390010944,0.037994903294392,post_etf,0.1876441048034934,458,0.4767253845952282,0.2246920433996383,0.0411610659634607,553.0,0.4689284964593752
2024-03-02,62029.84765625,-0.0065788115486197,0.0403625442093582,post_etf,0.2133646464646464,396,0.4808570752288003,0.1876441048034934,0.037994903294392,458.0,0.4767253845952282
2024-03-03,63167.37109375,0.0183383238953576,0.0392332731038609,post_etf,0.2006353293413174,334,0.4659787918175727,0.2133646464646464,0.0403625442093582,396.0,0.4808570752288003
2024-03-04,68330.4140625,0.0817359164921911,0.0433077372165178,post_etf,0.1823609822646657,733,0.4610043691104504,0.2006353293413174,0.0392332731038609,334.0,0.4659787918175727
2024-03-05,63801.19921875,-0.0662840245576039,0.0565760078725005,post_etf,0.185115458937198,828,0.4472177838521431,0.1823609822646657,0.0433077372165178,733.0,0.4610043691104504
2024-03-06,66106.8046875,0.036137337494942,0.0466301989204994,post_etf,0.1910707753479125,503,0.4853478730655345,0.185115458937198,0.0565760078725005,828.0,0.4472177838521431
2024-03-07,66925.484375,0.0123841969275335,0.0447358556692055,post_etf,0.2124389521640091,439,0.4776534996860901,0.1910707753479125,0.0466301989204994,503.0,0.4853478730655345
2024-03-08,68300.09375,0.0205394012137098,0.044741847337454,post_etf,0.1500835643564356,505,0.4361811861258198,0.2124389521640091,0.0447358556692055,439.0,0.4776534996860901
2024-03-09,68498.8828125,0.0029105240064184,0.044163156937194,post_etf,0.2312359375,384,0.4939712779148833,0.1500835643564356,0.044741847337454,505.0,0.4361811861258198
2024-03-10,69019.7890625,0.0076045948285881,0.0442186444362826,post_etf,0.2241999999999999,440,0.4681934977591673,0.2312359375,0.044163156937194,384.0,0.4939712779148833
2024-03-11,72123.90625,0.0449743070742958,0.0362369713857653,post_etf,0.2029830508474576,708,0.4779865327424848,0.2241999999999999,0.0442186444362826,440.0,0.4681934977591673
2024-03-12,71481.2890625,-0.0089099054795025,0.0188817829026498,post_etf,0.1990507128309572,491,0.4782880147735477,0.2029830508474576,0.0362369713857653,708.0,0.4779865327424848
2024-03-13,73083.5,0.0224144102395678,0.0171373549460118,post_etf,0.174159074074074,540,0.4692511571722437,0.1990507128309572,0.0188817829026498,491.0,0.4782880147735477
2024-03-14,71396.59375,-0.0230819028918976,0.0223405284435753,post_etf,0.2068810101010101,495,0.4795139536065986,0.174159074074074,0.0171373549460118,540.0,0.4692511571722437
2024-03-15,69403.7734375,-0.0279119802196445,0.0256136305944607,post_etf,0.1745537078651685,445,0.4765929913760676,0.2068810101010101,0.0223405284435753,495.0,0.4795139536065986
2024-03-16,65315.1171875,-0.058911152052589,0.0345696241643917,post_etf,0.190066253869969,323,0.4595643727243638,0.1745537078651685,0.0256136305944607,445.0,0.4765929913760676
2024-03-17,68390.625,0.0470872279639511,0.0400028638533996,post_etf,0.2066236245954692,309,0.4760291134743036,0.190066253869969,0.0345696241643917,323.0,0.4595643727243638
2024-03-18,67548.59375,-0.0123120859035869,0.0346180022743309,post_etf,0.2476033434650456,329,0.4469764344415757,0.2066236245954692,0.0400028638533996,309.0,0.4760291134743036
2024-03-19,61912.7734375,-0.0834335698143234,0.0446591851745136,post_etf,0.1641219696969697,396,0.4694356109278992,0.2476033434650456,0.0346180022743309,329.0,0.4469764344415757
2024-03-20,67913.671875,0.0969250463889783,0.0618654993533074,post_etf,0.2300838616714697,347,0.4677416415148532,0.1641219696969697,0.0446591851745136,396.0,0.4694356109278992
2024-03-21,65491.390625,-0.035667063539995,0.0625288488993094,post_etf,0.1977779411764706,272,0.4664682344545607,0.2300838616714697,0.0618654993533074,347.0,0.4677416415148532
2024-03-22,63778.76171875,-0.026150443438534,0.0624510766906723,post_etf,0.1667374545454545,275,0.4831025876161089,0.1977779411764706,0.0625288488993094,272.0,0.4664682344545607
2024-03-23,64062.203125,0.0044441346713488,0.0587201095119963,post_etf,0.1845412244897959,245,0.4725989798038176,0.1667374545454545,0.0624510766906723,275.0,0.4831025876161089
2024-03-24,67234.171875,0.0495138879911882,0.0590595721736999,post_etf,0.1891963114754098,244,0.4717111059930676,0.1845412244897959,0.0587201095119963,245.0,0.4725989798038176
2024-03-25,69958.8125,0.0405246402092314,0.0607191408410891,post_etf,0.221048115942029,345,0.4931872328941149,0.1891963114754098,0.0590595721736999,244.0,0.4717111059930676
2024-03-26,69987.8359375,0.0004148646391046,0.0466364839779488,post_etf,0.2071179211469534,279,0.4559444490427854,0.221048115942029,0.0607191408410891,345.0,0.4931872328941149
2024-03-27,69455.34375,-0.0076083533712275,0.031714822038243,post_etf,0.2708906040268456,298,0.4456483801151946,0.2071179211469534,0.0466364839779488,279.0,0.4559444490427854
2024-03-28,70744.953125,0.0185674608370216,0.0267478813008588,post_etf,0.1664368078175895,307,0.480131379127064,0.2708906040268456,0.031714822038243,298.0,0.4456483801151946
2024-03-29,69892.828125,-0.0120450288304576,0.0238197513010322,post_etf,0.1617705394190871,241,0.4733595141857027,0.1664368078175895,0.0267478813008588,307.0,0.480131379127064
2024-03-30,69645.3046875,-0.0035414711944022,0.0245017201077915,post_etf,0.2350679824561403,228,0.4576365542157903,0.1617705394190871,0.0238197513010322,241.0,0.4733595141857027
2024-03-31,71333.6484375,0.024242032647795,0.0194359113262484,post_etf,0.209038775510204,245,0.4725708468077488,0.2350679824561403,0.0245017201077915,228.0,0.4576365542157903
2024-04-01,69702.1484375,-0.022871394296192,0.0166836124934485,post_etf,0.2246710843373494,249,0.4688630349382225,0.209038775510204,0.0194359113262484,245.0,0.4725708468077488
2024-04-02,65446.97265625,-0.0610479859894921,0.0283053801777856,post_etf,0.2175701067615658,281,0.4559043668080307,0.2246710843373494,0.0166836124934485,249.0,0.4688630349382225
2024-04-03,65980.8125,0.0081568302105263,0.0290687648992326,post_etf,0.1360739316239316,234,0.4568452309323998,0.2175701067615658,0.0283053801777856,281.0,0.4559043668080307
2024-04-04,68508.84375,0.0383146426091676,0.0326888747121805,post_etf,0.2196585365853658,287,0.4665487877882249,0.1360739316239316,0.0290687648992326,234.0,0.4568452309323998
2024-04-05,67837.640625,-0.0097973208750877,0.0326089168364624,post_etf,0.150175390625,256,0.4936244298104877,0.2196585365853658,0.0326888747121805,287.0,0.4665487877882249
2024-04-06,68896.109375,0.0156029711565459,0.0334260278027717,post_etf,0.2285789830508474,295,0.4398566768339715,0.150175390625,0.0326089168364624,256.0,0.4936244298104877
2024-04-07,69362.5546875,0.0067702707269166,0.0318365777207786,post_etf,0.2421381679389312,262,0.451716330383713,0.2285789830508474,0.0334260278027717,295.0,0.4398566768339715
2024-04-08,71631.359375,0.032709358784746,0.0331206453701978,post_etf,0.2123633898305084,295,0.4663469405145115,0.2421381679389312,0.0318365777207786,262.0,0.451716330383713
2024-04-09,69139.015625,-0.0347940311582283,0.0249560056123016,post_etf,0.2392510040160642,249,0.4809280618286168,0.2123633898305084,0.0331206453701978,295.0,0.4663469405145115
2024-04-10,70587.8828125,0.0209558550176423,0.025422169428137,post_etf,0.1927431535269709,241,0.4759142923153431,0.2392510040160642,0.0249560056123016,249.0,0.4809280618286168
2024-04-11,70060.609375,-0.0074697443313405,0.0226517767149247,post_etf,0.2613377880184332,217,0.4617554482931606,0.1927431535269709,0.025422169428137,241.0,0.4759142923153431
2024-04-12,67195.8671875,-0.0408894843058877,0.0280757291582374,post_etf,0.1741531914893617,282,0.4971920426428386,0.2613377880184332,0.0226517767149247,217.0,0.4617554482931606
2024-04-13,63821.47265625,-0.0502172927069198,0.0322880335303471,post_etf,0.1881827242524917,301,0.4696806492719853,0.1741531914893617,0.0280757291582374,282.0,0.4971920426428386
2024-04-14,65738.7265625,0.0300408910426832,0.0354007719011807,post_etf,0.1885965517241379,261,0.4918586345802426,0.1881827242524917,0.0322880335303471,301.0,0.4696806492719853
2024-04-15,63426.2109375,-0.0351773717855853,0.0317940210552536,post_etf,0.2072295620437956,274,0.4386826861026708,0.1885965517241379,0.0354007719011807,261.0,0.4918586345802426
2024-04-16,63811.86328125,0.0060803307977836,0.0316902706347473,post_etf,0.1916326530612245,245,0.4371977010816127,0.2072295620437956,0.0317940210552536,274.0,0.4386826861026708
2024-04-17,61276.69140625,-0.0397288489105271,0.0297470521058681,post_etf,0.1998461279461279,297,0.5050634934598173,0.1916326530612245,0.0316902706347473,245.0,0.4371977010816127
2024-04-18,63512.75390625,0.0364912407749862,0.0365931560293324,post_etf,0.2301017543859649,285,0.4384911672594067,0.1998461279461279,0.0297470521058681,297.0,0.5050634934598173
2024-04-19,63843.5703125,0.0052086610311106,0.0349192559456401,post_etf,0.1991576419213974,458,0.4720891508874933,0.2301017543859649,0.0365931560293324,285.0,0.4384911672594067
2024-04-20,64994.44140625,0.0180264212686844,0.0299340906782067,post_etf,0.1963023668639053,507,0.4476681840362786,0.1991576419213974,0.0349192559456401,458.0,0.4720891508874933
2024-04-21,64926.64453125,-0.0010431180502996,0.0274556727969122,post_etf,0.1606081481481481,270,0.4522594882274171,0.1963023668639053,0.0299340906782067,507.0,0.4476681840362786
2024-04-22,66837.6796875,0.0294337582058501,0.0249754830661529,post_etf,0.244056378600823,243,0.4393501441489358,0.1606081481481481,0.0274556727969122,270.0,0.4522594882274171
2024-04-23,66407.2734375,-0.0064395749824405,0.0255590610010284,post_etf,0.2337656779661017,236,0.4340100063166087,0.244056378600823,0.0249754830661529,243.0,0.4393501441489358
2024-04-24,64276.8984375,-0.0320804467601734,0.0233464557911394,post_etf,0.1575545893719806,207,0.4823674962339503,0.2337656779661017,0.0255590610010284,236.0,0.4340100063166087
2024-04-25,64481.70703125,0.0031863484195515,0.0194180909739181,post_etf,0.2240981481481481,216,0.461745934366001,0.1575545893719806,0.0233464557911394,207.0,0.4823674962339503
2024-04-26,63755.3203125,-0.0112650044825576,0.0200002404218889,post_etf,0.1624256038647343,207,0.4650085974479214,0.2240981481481481,0.0194180909739181,216.0,0.461745934366001
2024-04-27,63419.140625,-0.0052729668026479,0.0183673140917065,post_etf,0.1585583333333333,168,0.5029760795274923,0.1624256038647343,0.0200002404218889,207.0,0.4650085974479214
2024-04-28,63113.23046875,-0.0048236250639039,0.0183435910299656,post_etf,0.1621745341614907,161,0.4769480247206585,0.1585583333333333,0.0183673140917065,168.0,0.5029760795274923
2024-04-29,63841.12109375,0.0115330909160229,0.0135424359522369,post_etf,0.1851046511627907,172,0.4120265536514759,0.1621745341614907,0.0183435910299656,161.0,0.4769480247206585
2024-04-30,60636.85546875,-0.0501912493092746,0.0213700395484501,post_etf,0.1720663755458515,229,0.5011877462373481,0.1851046511627907,0.0135424359522369,172.0,0.4120265536514759
2024-05-01,58254.01171875,-0.0392969544937571,0.022599408319847,post_etf,0.1371735408560311,257,0.4923607656932608,0.1720663755458515,0.0213700395484501,229.0,0.5011877462373481
2024-05-02,59123.43359375,0.0149246695523317,0.0244257754630535,post_etf,0.2499148571428571,175,0.4582881692776236,0.1371735408560311,0.022599408319847,257.0,0.4923607656932608
2024-05-03,62889.8359375,0.0637040529416774,0.0376735170677143,post_etf,0.209568558951965,229,0.4885161556775804,0.2499148571428571,0.0244257754630535,175.0,0.4582881692776236
2024-05-04,63891.47265625,0.015926845790239,0.0381542807415437,post_etf,0.2390299492385787,197,0.4799913990157315,0.209568558951965,0.0376735170677143,229.0,0.4885161556775804
2024-05-05,64031.1328125,0.0021858966532419,0.0380469027715343,post_etf,0.2273448484848485,165,0.5012150571003965,0.2390299492385787,0.0381542807415437,197.0,0.4799913990157315
2024-05-06,63161.94921875,-0.0135743903874885,0.0382565088168358,post_etf,0.1668489247311828,186,0.4571275463669699,0.2273448484848485,0.0380469027715343,165.0,0.5012150571003965
2024-05-07,62334.81640625,-0.0130954288575765,0.0324142516835674,post_etf,0.1141336956521739,184,0.4280383826252911,0.1668489247311828,0.0382565088168358,186.0,0.4571275463669699
2024-05-08,61187.94140625,-0.0183986264197131,0.0284376964616079,post_etf,0.172124861878453,181,0.4165053288849545,0.1141336956521739,0.0324142516835674,184.0,0.4280383826252911
2024-05-09,63049.9609375,0.0304311517670996,0.0296991616519567,post_etf,0.2498011428571428,175,0.4596679911280009,0.172124861878453,0.0284376964616079,181.0,0.4165053288849545
2024-05-10,60792.77734375,-0.0357999205739,0.0224021141170405,post_etf,0.1523722580645161,155,0.4471995621433809,0.2498011428571428,0.0296991616519567,175.0,0.4596679911280009
2024-05-11,60793.7109375,1.5356984674586016e-05,0.0207137017096961,post_etf,0.2477872180451127,133,0.4478741641140271,0.1523722580645161,0.0224021141170405,155.0,0.4471995621433809
2024-05-12,61448.39453125,0.0107689361885321,0.021576612705271,post_etf,0.2148848275862069,145,0.4476501964473044,0.2477872180451127,0.0207137017096961,133.0,0.4478741641140271
2024-05-13,62901.44921875,0.0236467477886836,0.0237766802067479,post_etf,0.2110965714285714,175,0.45449577579782,0.2148848275862069,0.021576612705271,145.0,0.4476501964473044
2024-05-14,61552.7890625,-0.0214408439392201,0.0247132045871229,post_etf,0.1419939759036144,166,0.4662781632665719,0.2110965714285714,0.0237766802067479,175.0,0.45449577579782
2024-05-15,66267.4921875,0.0765960925054549,0.0369600508065037,post_etf,0.1701783783783783,185,0.4500953813982672,0.1419939759036144,0.0247132045871229,166.0,0.4662781632665719
2024-05-16,65231.58203125,-0.0156322522862183,0.0372376362701249,post_etf,0.2103910994764397,191,0.4368472967866889,0.1701783783783783,0.0369600508065037,185.0,0.4500953813982672
2024-05-17,67051.875,0.0279050869543215,0.0330219327186403,post_etf,0.2106677777777778,180,0.4563300691698428,0.2103910994764397,0.0372376362701249,191.0,0.4368472967866889
2024-05-18,66940.8046875,-0.0016564833198177,0.033150383512975,post_etf,0.1779071428571428,140,0.3996188118304197,0.2106677777777778,0.0330219327186403,180.0,0.4563300691698428
2024-05-19,66278.3671875,-0.0098958699868109,0.034414555378917,post_etf,0.2487560975609756,164,0.430099498574746,0.1779071428571428,0.033150383512975,140.0,0.3996188118304197
2024-05-20,71448.1953125,0.0780017424143035,0.0427672429590204,post_etf,0.1902146341463414,164,0.4190955557091996,0.2487560975609756,0.034414555378917,164.0,0.430099498574746
2024-05-21,70136.53125,-0.0183582532317723,0.0422931620595239,post_etf,0.2119571428571428,210,0.4152498329926335,0.1902146341463414,0.0427672429590204,164.0,0.4190955557091996
2024-05-22,69122.3359375,-0.0144603004229696,0.0352446448624509,post_etf,0.2645388059701492,201,0.4496751736382243,0.2119571428571428,0.0422931620595239,210.0,0.4152498329926335
2024-05-23,67929.5625,-0.0172559769765087,0.0354199341958867,post_etf,0.2412564417177914,163,0.4863227013836468,0.2645388059701492,0.0352446448624509,201.0,0.4496751736382243
2024-05-24,68526.1015625,0.0087817297881169,0.034194418560762,post_etf,0.1958426035502958,169,0.4874827447083837,0.2412564417177914,0.0354199341958867,163.0,0.4863227013836468
2024-05-25,69265.9453125,0.0107965247275187,0.034199681916006,post_etf,0.2242127659574468,141,0.4578898733555707,0.1958426035502958,0.034194418560762,169.0,0.4874827447083837
2024-05-26,68518.09375,-0.0107968144970229,0.0342683470336586,post_etf,0.2256743421052631,152,0.4336501689984821,0.2242127659574468,0.034199681916006,141.0,0.4578898733555707
2024-05-27,69394.5546875,0.0127916713605302,0.0141523202094211,post_etf,0.1804177631578947,152,0.4638890848682087,0.2256743421052631,0.0342683470336586,152.0,0.4336501689984821
2024-05-28,68296.21875,-0.0158274081078272,0.0137532099332747,post_etf,0.2059732919254658,161,0.4169734327205037,0.1804177631578947,0.0141523202094211,152.0,0.4638890848682087
2024-05-29,67578.09375,-0.0105148573836674,0.0133130179658552,post_etf,0.1201205882352941,136,0.454251840269029,0.2059732919254658,0.0137532099332747,161.0,0.4169734327205037
2024-05-30,68364.9921875,0.0116442828412868,0.0126740397061289,post_etf,0.2115961538461538,156,0.4500374170658537,0.1201205882352941,0.0133130179658552,136.0,0.454251840269029
2024-05-31,67491.4140625,-0.0127781500011598,0.0130760374448164,post_etf,0.1429075581395349,172,0.4418470760314151,0.2115961538461538,0.0126740397061289,156.0,0.4500374170658537
2024-06-01,67706.9375,0.0031933460054698,0.0121062689468806,post_etf,0.0996065040650406,123,0.426393460208022,0.1429075581395349,0.0130760374448164,172.0,0.4418470760314151
2024-06-02,67751.6015625,0.0006596674454519,0.0116721816878349,post_etf,0.2190161490683229,161,0.4715414976304606,0.0996065040650406,0.0121062689468806,123.0,0.426393460208022
2024-06-03,68804.78125,0.0155447201720899,0.0122670801038677,post_etf,0.2121798701298701,154,0.4495410736655786,0.2190161490683229,0.0116721816878349,161.0,0.4715414976304606
2024-06-04,70567.765625,0.0256229922248316,0.0138992967630766,post_etf,0.1924862318840579,138,0.4397707103619647,0.2121798701298701,0.0122670801038677,154.0,0.4495410736655786
2024-06-05,71082.8203125,0.0072987246080176,0.0121564107531559,post_etf,0.2302971264367816,174,0.4385482731818357,0.1924862318840579,0.0138992967630766,138.0,0.4397707103619647
2024-06-06,70757.1640625,-0.0045813636623915,0.0127262882110027,post_etf,0.1872072289156626,166,0.4357280115721712,0.2302971264367816,0.0121564107531559,174.0,0.4385482731818357
2024-06-07,69342.5859375,-0.0199920127345761,0.0145646359323593,post_etf,0.1831896907216495,194,0.4131004463242223,0.1872072289156626,0.0127262882110027,166.0,0.4357280115721712
2024-06-08,69305.7734375,-0.0005308786729295,0.0146651417163745,post_etf,0.1671175324675324,154,0.4924505375292282,0.1831896907216495,0.0145646359323593,194.0,0.4131004463242223
2024-06-09,69647.9921875,0.0049378101278765,0.0146194386060194,post_etf,0.2060123287671232,146,0.445092591667507,0.1671175324675324,0.0146651417163745,154.0,0.4924505375292282
2024-06-10,69512.28125,-0.001948526199214,0.0137976776674971,post_etf,0.2437988304093567,171,0.4204999134067623,0.2060123287671232,0.0146194386060194,146.0,0.445092591667507
2024-06-11,67332.03125,-0.0313649611377125,0.0140326416966971,post_etf,0.1711705882352941,187,0.4596996805315781,0.2437988304093567,0.0137976776674971,171.0,0.4204999134067623
2024-06-12,68241.1875,0.0135025816557405,0.0152036063060941,post_etf,0.2093336683417085,199,0.4682800276167649,0.1711705882352941,0.0140326416966971,187.0,0.4596996805315781
2024-06-13,66756.3984375,-0.0217579605058895,0.0163349170244769,post_etf,0.1663208588957055,163,0.4430627692138613,0.2093336683417085,0.0152036063060941,199.0,0.4682800276167649
2024-06-14,66011.09375,-0.0111645430991574,0.0155935960556297,post_etf,0.1338251612903225,155,0.4626445681521836,0.1663208588957055,0.0163349170244769,163.0,0.4430627692138613
2024-06-15,66191.0,0.0027253941690672,0.0158616613733957,post_etf,0.2354871212121212,132,0.4553770165889477,0.1338251612903225,0.0155935960556297,155.0,0.4626445681521836
2024-06-16,66639.046875,0.0067689999395688,0.0160939572714553,post_etf,0.228510569105691,123,0.4361300381001977,0.2354871212121212,0.0158616613733957,132.0,0.4553770165889477
2024-06-17,66490.296875,-0.002232174783037,0.0160818890071127,post_etf,0.250255905511811,127,0.4977266693731854,0.228510569105691,0.0160939572714553,123.0,0.4361300381001977
2024-06-18,65140.74609375,-0.0202969582732819,0.0135406775278443,post_etf,0.1897265306122449,147,0.4714778937461497,0.250255905511811,0.0160818890071127,127.0,0.4977266693731854
2024-06-19,64960.296875,-0.0027701435671353,0.0110810032168972,post_etf,0.1477826771653543,127,0.4585957859985556,0.1897265306122449,0.0135406775278443,147.0,0.4714778937461497
2024-06-20,64828.65625,-0.002026478192569,0.0090047641573529,post_etf,0.242329054054054,148,0.4063802676548593,0.1477826771653543,0.0110810032168972,127.0,0.4585957859985556
2024-06-21,64096.19921875,-0.0112983528214036,0.0090222808337099,post_etf,0.2115582733812949,139,0.494318530454423,0.242329054054054,0.0090047641573529,148.0,0.4063802676548593
2024-06-22,64252.578125,0.0024397531859308,0.0089865172095349,post_etf,0.1984115044247787,113,0.4979145386639107,0.2115582733812949,0.0090222808337099,139.0,0.494318530454423
2024-06-23,63180.796875,-0.0166807508939937,0.0085764836210876,post_etf,0.1993296875,128,0.4451081534251769,0.1984115044247787,0.0089865172095349,113.0,0.4979145386639107
2024-06-24,60277.4140625,-0.0459535643123367,0.0164043806917334,post_etf,0.149840606060606,165,0.4642489716416851,0.1993296875,0.0085764836210876,128.0,0.4451081534251769
2024-06-25,61804.640625,0.0253366304154398,0.0216272294584041,post_etf,0.2032965317919075,173,0.4862230085646597,0.149840606060606,0.0164043806917334,165.0,0.4642489716416851
2024-06-26,60811.27734375,-0.0160726325920611,0.0217491049987912,post_etf,0.1016557971014492,138,0.5225310881706795,0.2032965317919075,0.0216272294584041,173.0,0.4862230085646597
2024-06-27,61604.80078125,0.0130489519734049,0.0232687489454874,post_etf,0.2122326666666666,150,0.4734953131872487,0.1016557971014492,0.0217491049987912,138.0,0.5225310881706795
2024-06-28,60320.13671875,-0.0208533108817551,0.0238345431653884,post_etf,0.2115825396825397,126,0.4730969534595403,0.2122326666666666,0.0232687489454874,150.0,0.4734953131872487
2024-06-29,60887.37890625,0.0094038611043745,0.0244980680265597,post_etf,0.1802729927007299,137,0.466607645279082,0.2115825396825397,0.0238345431653884,126.0,0.4730969534595403
2024-06-30,62678.29296875,0.0294135516205669,0.0275866106429943,post_etf,0.3038035398230088,113,0.432575213924288,0.1802729927007299,0.0244980680265597,137.0,0.466607645279082
2024-07-01,62851.98046875,0.0027710949321257,0.0191570003218353,post_etf,0.2921408759124087,137,0.4107155235172522,0.3038035398230088,0.0275866106429943,113.0,0.432575213924288
2024-07-02,62029.015625,-0.0130936978852905,0.018226045621659,post_etf,0.2042806451612903,124,0.4088613082433238,0.2921408759124087,0.0191570003218353,137.0,0.4107155235172522
2024-07-03,60173.921875,-0.0299068707008841,0.0208971111388317,post_etf,0.2152816993464052,153,0.4681498901664751,0.2042806451612903,0.018226045621659,124.0,0.4088613082433238
2024-07-04,56977.703125,-0.0531163442635422,0.0272994784985839,post_etf,0.1330300970873786,206,0.4555787360580861,0.2152816993464052,0.0208971111388317,153.0,0.4681498901664751
2024-07-05,56662.375,-0.005534237213954,0.0269683397521621,post_etf,0.1245157657657657,222,0.5099720746272656,0.1330300970873786,0.0272994784985839,206.0,0.4555787360580861
2024-07-06,58303.5390625,0.0289639123404199,0.0299867538532728,post_etf,0.2230820143884892,139,0.4774261928316354,0.1245157657657657,0.0269683397521621,222.0,0.5099720746272656
2024-07-07,55849.109375,-0.0420974391429121,0.0281193485232434,post_etf,0.1593659259259259,135,0.461667119069891,0.2230820143884892,0.0299867538532728,139.0,0.4774261928316354
2024-07-08,56705.09765625,0.0153268027159116,0.0298628225571696,post_etf,0.1471372781065088,169,0.4448029347974808,0.1593659259259259,0.0281193485232434,135.0,0.461667119069891
2024-07-09,58009.2265625,0.0229984421181268,0.0330346641750929,post_etf,0.2301287878787878,132,0.466682755661817,0.1471372781065088,0.0298628225571696,169.0,0.4448029347974808
2024-07-10,57742.49609375,-0.004598069730556,0.0317310404481872,post_etf,0.2338416666666666,120,0.4917178320099106,0.2301287878787878,0.0330346641750929,132.0,0.466682755661817
2024-07-11,57344.9140625,-0.0068854320153477,0.0240297599340847,post_etf,0.1786041916167664,167,0.47432959771817,0.2338416666666666,0.0317310404481872,120.0,0.4917178320099106
2024-07-12,57899.46484375,0.0096704440195969,0.0240101731131265,post_etf,0.1441211678832116,137,0.4677607827899567,0.1786041916167664,0.0240297599340847,167.0,0.47432959771817
2024-07-13,59231.953125,0.02301382724082,0.0230374519352796,post_etf,0.2056467741935483,124,0.4367402743339363,0.1441211678832116,0.0240101731131265,137.0,0.4677607827899567
2024-07-14,60787.79296875,0.0262669009152312,0.0135031185846694,post_etf,0.2235833333333333,132,0.4705925011757517,0.2056467741935483,0.0230374519352796,124.0,0.4367402743339363
2024-07-15,64870.15234375,0.0671575521272613,0.0248829496021672,post_etf,0.2063906832298137,161,0.4604425787762848,0.2235833333333333,0.0135031185846694,132.0,0.4705925011757517
2024-07-16,65097.1484375,0.0034992378705562,0.0255300331104069,post_etf,0.1836377142857143,175,0.4316807071636098,0.2063906832298137,0.0248829496021672,161.0,0.4604425787762848
2024-07-17,64118.79296875,-0.0150291601434634,0.0272394710448611,post_etf,0.2200168478260869,184,0.4556870062203846,0.1836377142857143,0.0255300331104069,175.0,0.4316807071636098
2024-07-18,63974.06640625,-0.002257162928356,0.0266587962279244,post_etf,0.2356583941605839,137,0.49595187142598,0.2200168478260869,0.0272394710448611,184.0,0.4556870062203846
2024-07-19,66710.15625,0.0427687342301363,0.0282285587556233,post_etf,0.2411652482269503,141,0.4915950965967557,0.2356583941605839,0.0266587962279244,137.0,0.49595187142598
2024-07-20,67163.6484375,0.0067979482134701,0.0286759665657996,post_etf,0.1918074626865671,134,0.4829259627601308,0.2411652482269503,0.0282285587556233,141.0,0.4915950965967557
2024-07-21,68154.5234375,0.014753144342986,0.0284829448226442,post_etf,0.2489071895424836,153,0.4629096274346156,0.1918074626865671,0.0286759665657996,134.0,0.4829259627601308
2024-07-22,67585.25,-0.0083526875222309,0.0189378334253526,post_etf,0.2323350253807106,197,0.467508050178015,0.2489071895424836,0.0284829448226442,153.0,0.4629096274346156
2024-07-23,65927.671875,-0.0245257378644009,0.0222360738904948,post_etf,0.1908433962264151,159,0.4749610352477164,0.2323350253807106,0.0189378334253526,197.0,0.467508050178015
2024-07-24,65372.1328125,-0.0084264929535705,0.0215207532132216,post_etf,0.1392451612903225,186,0.4367200101286069,0.1908433962264151,0.0222360738904948,159.0,0.4749610352477164
2024-07-25,65777.2265625,0.0061967344887139,0.0214157793656459,post_etf,0.3059779411764706,136,0.4743896257205519,0.1392451612903225,0.0215207532132216,186.0,0.4367200101286069
2024-07-26,67912.0625,0.0324555480531172,0.0184702138995458,post_etf,0.1634381502890173,173,0.4321565645999042,0.3059779411764706,0.0214157793656459,136.0,0.4743896257205519
2024-07-27,67813.3359375,-0.0014537411892032,0.0184283403124689,post_etf,0.1638720183486238,218,0.4689463693473041,0.1634381502890173,0.0184702138995458,173.0,0.4321565645999042
2024-07-28,68255.8671875,0.0065257260077553,0.0176913792223467,post_etf,0.1455305882352941,170,0.4507629818478726,0.1638720183486238,0.0184283403124689,218.0,0.4689463693473041
2024-07-29,66819.9140625,-0.0210377976893241,0.0193067863385239,post_etf,0.1406225988700565,177,0.4978307109441087,0.1455305882352941,0.0176913792223467,170.0,0.4507629818478726
2024-07-30,66201.015625,-0.0092621854754424,0.0169915425144415,post_etf,0.1723896969696969,165,0.5052648862923579,0.1406225988700565,0.0193067863385239,177.0,0.4978307109441087
2024-07-31,64619.25,-0.0238933739923268,0.0192357025145919,post_etf,0.1798357615894039,151,0.4872738604856438,0.1723896969696969,0.0169915425144415,165.0,0.5052648862923579
2024-08-01,65357.5,0.0114246141823064,0.0196804847414883,post_etf,0.202271511627907,172,0.4600055902940695,0.1798357615894039,0.0192357025145919,151.0,0.4872738604856438
2024-08-02,61415.06640625,-0.0603210586964005,0.0242920488011882,post_etf,0.1846882758620689,145,0.5157701445550797,0.202271511627907,0.0196804847414883,172.0,0.4600055902940695
2024-08-03,60680.09375,-0.0119673021500665,0.0237047844376515,post_etf,0.1816695652173913,138,0.5031111527879933,0.1846882758620689,0.0242920488011882,145.0,0.5157701445550797
2024-08-04,58116.9765625,-0.0422398356545057,0.0233138876121626,post_etf,0.181681976744186,172,0.4767170175475818,0.1816695652173913,0.0237047844376515,138.0,0.5031111527879933
2024-08-05,53991.45703125,-0.070986478913151,0.0295987401607146,post_etf,0.097167716535433,381,0.4789737563762136,0.181681976744186,0.0233138876121626,172.0,0.4767170175475818
2024-08-06,56034.31640625,0.0378367150532277,0.0388893930341098,post_etf,0.1938526946107784,167,0.4595587486618125,0.097167716535433,0.0295987401607146,381.0,0.4789737563762136
2024-08-07,55027.4609375,-0.0179685509402894,0.0389280693040851,post_etf,0.1592490909090909,165,0.4556120692391319,0.1938526946107784,0.0388893930341098,167.0,0.4595587486618125
2024-08-08,61710.13671875,0.121442560994049,0.066868989424324,post_etf,0.1991329032258064,155,0.5011906809943122,0.1592490909090909,0.0389280693040851,165.0,0.4556120692391319
2024-08-09,60880.11328125,-0.0134503581037733,0.0627816027610231,post_etf,0.213841975308642,162,0.5086027009559392,0.1991329032258064,0.066868989424324,155.0,0.5011906809943122
2024-08-10,60945.8125,0.0010791573012765,0.0625471421286077,post_etf,0.165225352112676,142,0.4676804061872117,0.213841975308642,0.0627816027610231,162.0,0.5086027009559392
2024-08-11,58719.484375,-0.0365296323680974,0.0619042086659921,post_etf,0.2031488372093023,129,0.5017831321765596,0.165225352112676,0.0625471421286077,142.0,0.4676804061872117
2024-08-12,59354.515625,0.0108146598485863,0.0526213553001108,post_etf,0.1317214765100671,149,0.4319120355205846,0.2031488372093023,0.0619042086659921,129.0,0.5017831321765596
2024-08-13,60609.56640625,0.0211449923907958,0.0517719654022358,post_etf,0.1610295081967213,183,0.4523013394319704,0.1317214765100671,0.0526213553001108,149.0,0.4319120355205846
2024-08-14,58737.26953125,-0.0308911115194338,0.0532432270194415,post_etf,0.1983491017964071,167,0.4588460897517964,0.1610295081967213,0.0517719654022358,183.0,0.4523013394319704
2024-08-15,57560.09765625,-0.0200413108132939,0.0215188105021167,post_etf,0.222803550295858,169,0.4756848893079238,0.1983491017964071,0.0532432270194415,167.0,0.4588460897517964
2024-08-16,58894.10546875,0.0231759129469639,0.0246752201380248,post_etf,0.1561170212765957,188,0.4639958593163709,0.222803550295858,0.0215188105021167,169.0,0.4756848893079238
2024-08-17,59478.97265625,0.0099308272507905,0.0252272622092702,post_etf,0.2374487804878048,123,0.4595064396640844,0.1561170212765957,0.0246752201380248,188.0,0.4639958593163709
2024-08-18,58483.96484375,-0.0167287323244552,0.0217355906659236,post_etf,0.1864573643410852,129,0.4295366973145298,0.2374487804878048,0.0252272622092702,123.0,0.4595064396640844
2024-08-19,59493.453125,0.0172609412502557,0.0224144346743969,post_etf,0.160558125,160,0.4680672282079237,0.1864573643410852,0.0217355906659236,129.0,0.4295366973145298
2024-08-20,59012.79296875,-0.0080792109215798,0.0205862244484863,post_etf,0.1947306122448979,147,0.472677668069995,0.160558125,0.0224144346743969,160.0,0.4680672282079237
2024-08-21,61175.19140625,0.0366428757006145,0.0214834184999063,post_etf,0.2260348571428571,175,0.5042821177057214,0.1947306122448979,0.0205862244484863,147.0,0.472677668069995
2024-08-22,60381.9140625,-0.0129673046461273,0.0201798479829742,post_etf,0.1957397590361446,166,0.4718408131511019,0.2260348571428571,0.0214834184999063,175.0,0.5042821177057214
2024-08-23,64094.35546875,0.0614826718213559,0.0286875520758499,post_etf,0.2334475862068965,145,0.4432780383879285,0.1957397590361446,0.0201798479829742,166.0,0.4718408131511019
2024-08-24,64178.9921875,0.0013205019089592,0.028999272360803,post_etf,0.2509261146496815,157,0.4641211822505556,0.2334475862068965,0.0286875520758499,145.0,0.4432780383879285
2024-08-25,64333.54296875,0.0024081210374646,0.0267326436323351,post_etf,0.1478246153846154,130,0.4966032962113628,0.2509261146496815,0.028999272360803,157.0,0.4641211822505556
2024-08-26,62880.66015625,-0.0225835970701276,0.0299708580208747,post_etf,0.2458265734265734,143,0.4828420089707483,0.1478246153846154,0.0267326436323351,130.0,0.4966032962113628
2024-08-27,59504.1328125,-0.0536973901889672,0.0380114904510886,post_etf,0.254440625,160,0.4697899302112687,0.2458265734265734,0.0299708580208747,143.0,0.4828420089707483
2024-08-28,59027.625,-0.008007978437422,0.0348010339314164,post_etf,0.1933242424242424,165,0.4719291084825257,0.254440625,0.0380114904510886,160.0,0.4697899302112687
2024-08-29,59388.1796875,0.0061082363977882,0.0347814583867874,post_etf,0.2081539877300613,163,0.4754023006230655,0.1933242424242424,0.0348010339314164,165.0,0.4719291084825257
2024-08-30,59119.4765625,-0.0045245219909738,0.0209437219583912,post_etf,0.175498,150,0.4343390094115936,0.2081539877300613,0.0347814583867874,163.0,0.4754023006230655
2024-08-31,58969.8984375,-0.0025300989402683,0.0206053739026249,post_etf,0.2334961538461538,104,0.4542984380986247,0.175498,0.0209437219583912,150.0,0.4343390094115936
2024-09-01,57325.48828125,-0.0278855856940782,0.0202948925450193,post_etf,0.193725352112676,142,0.451090578320104,0.2334961538461538,0.0206053739026249,104.0,0.4542984380986247
2024-09-02,59112.48046875,0.031172733823612,0.0266383651986568,post_etf,0.1877282442748091,131,0.4969266542806754,0.193725352112676,0.0202948925450193,142.0,0.451090578320104
2024-09-03,57431.0234375,-0.0284450427036115,0.0204961032439935,post_etf,0.1671120481927711,166,0.4816973909624402,0.1877282442748091,0.0266383651986568,131.0,0.4969266542806754
2024-09-04,57971.5390625,0.0094115617770285,0.0211006308650058,post_etf,0.1522281045751634,153,0.428202134151359,0.1671120481927711,0.0204961032439935,166.0,0.4816973909624402
2024-09-05,56160.48828125,-0.0312403432880655,0.023211585094195,post_etf,0.1830484662576687,163,0.4447342970608418,0.1522281045751634,0.0211006308650058,153.0,0.428202134151359
2024-09-06,53948.75390625,-0.0393823921886807,0.0259851482889847,post_etf,0.1946085365853658,164,0.456390270969794,0.1830484662576687,0.023211585094195,163.0,0.4447342970608418
2024-09-07,54139.6875,0.003539165966313,0.0264776241596812,post_etf,0.1813205882352941,136,0.525047561036867,0.1946085365853658,0.0259851482889847,164.0,0.456390270969794
2024-09-08,54841.56640625,0.0129642216026828,0.0268489748021559,post_etf,0.1955503999999999,125,0.4980257623249571,0.1813205882352941,0.0264776241596812,136.0,0.525047561036867
2024-09-09,57019.53515625,0.0397138319111138,0.0289329020370486,post_etf,0.2361176470588235,153,0.4470740848941044,0.1955503999999999,0.0268489748021559,125.0,0.4980257623249571
2024-09-10,57648.7109375,0.0110343898722757,0.0273551941800768,post_etf,0.1847688741721854,151,0.4193441056674785,0.2361176470588235,0.0289329020370486,153.0,0.4470740848941044
2024-09-11,57343.171875,-0.0053000155169341,0.0271533414999476,post_etf,0.1420769841269841,126,0.4030548078190257,0.1847688741721854,0.0273551941800768,151.0,0.4193441056674785
2024-09-12,58127.01171875,0.0136692794995481,0.0240064268915996,post_etf,0.1847674698795181,166,0.4794589974211614,0.1420769841269841,0.0271533414999476,126.0,0.4030548078190257
2024-09-13,60571.30078125,0.0420508295579824,0.0177231704451773,post_etf,0.1778493333333333,150,0.4061323369713137,0.1847674698795181,0.0240064268915996,166.0,0.4794589974211614
2024-09-14,60005.12109375,-0.0093473258820168,0.0198705748067483,post_etf,0.1364438461538461,130,0.3803056691874316,0.1778493333333333,0.0177231704451773,150.0,0.4061323369713137
2024-09-15,59182.8359375,-0.0137035829819472,0.0226772911833539,post_etf,0.2081241071428571,112,0.495180553156544,0.1364438461538461,0.0198705748067483,130.0,0.3803056691874316
2024-09-16,58192.5078125,-0.0167333671885179,0.020788820094798,post_etf,0.1956862903225806,124,0.5126055250210062,0.2081241071428571,0.0226772911833539,112.0,0.495180553156544
2024-09-17,60308.5390625,0.0363626062794542,0.0243072923599844,post_etf,0.134861875,160,0.4434975454431201,0.1956862903225806,0.020788820094798,124.0,0.5126055250210062
2024-09-18,61649.6796875,0.0222379889456469,0.0242672157923353,post_etf,0.166159477124183,153,0.4227353603923387,0.134861875,0.0243072923599844,160.0,0.4434975454431201
2024-09-19,62940.45703125,0.0209372919744741,0.0245715987733252,post_etf,0.18579625,160,0.461275806373581,0.166159477124183,0.0242672157923353,153.0,0.4227353603923387
2024-09-20,63192.9765625,0.0040120384115518,0.0206267102155795,post_etf,0.1326048780487805,164,0.4699418821663969,0.18579625,0.0245715987733252,160.0,0.461275806373581
2024-09-21,63394.83984375,0.003194394254405,0.0195631475065233,post_etf,0.1520657894736842,114,0.4319100565637198,0.1326048780487805,0.0206267102155795,164.0,0.4699418821663969
2024-09-22,63648.7109375,0.0040046018631125,0.0172957889246339,post_etf,0.2356647482014388,139,0.3915356166565496,0.1520657894736842,0.0195631475065233,114.0,0.4319100565637198
2024-09-23,63329.80078125,-0.0050104731353185,0.0145626534749978,post_etf,0.1461416666666666,132,0.4003144014476138,0.2356647482014388,0.0172957889246339,139.0,0.3915356166565496
2024-09-24,64301.96875,0.0153508767871859,0.0103076279917546,post_etf,0.2067939024390244,164,0.438092295748845,0.1461416666666666,0.0145626534749978,132.0,0.4003144014476138
2024-09-25,63143.14453125,-0.0180215978029444,0.0127848856332238,post_etf,0.1630018518518518,162,0.4395785774727277,0.2067939024390244,0.0103076279917546,164.0,0.438092295748845
2024-09-26,65181.01953125,0.0322738915701519,0.0157392511655801,post_etf,0.2291704142011834,169,0.4849271476461513,0.1630018518518518,0.0127848856332238,162.0,0.4395785774727277
2024-09-27,65790.6640625,0.0093530990407064,0.0158062001668175,post_etf,0.1470344594594594,148,0.4420282971384687,0.2291704142011834,0.0157392511655801,169.0,0.4849271476461513
2024-09-28,65887.6484375,0.0014741358273548,0.0158681269273963,post_etf,0.2129278571428571,140,0.4502946884925289,0.1470344594594594,0.0158062001668175,148.0,0.4420282971384687
2024-09-29,65635.3046875,-0.0038299097931742,0.0162731717385176,post_etf,0.2017617391304348,115,0.4274943427516534,0.2129278571428571,0.0158681269273963,140.0,0.4502946884925289
2024-09-30,63329.5,-0.0351305550949797,0.0221366982481259,post_etf,0.1977975460122699,163,0.4424741741715052,0.2017617391304348,0.0162731717385176,115.0,0.4274943427516534
2024-10-01,60837.0078125,-0.0393575219684348,0.0253277498411726,post_etf,0.1787630952380952,168,0.4536281909624566,0.1977975460122699,0.0221366982481259,163.0,0.4424741741715052
2024-10-02,60632.78515625,-0.003356881996554,0.0249259000984626,post_etf,0.1739162790697674,129,0.4563364121577924,0.1787630952380952,0.0253277498411726,168.0,0.4536281909624566
2024-10-03,60759.40234375,0.0020882627636797,0.0192687760276315,post_etf,0.1608864705882353,170,0.4672288914812599,0.1739162790697674,0.0249259000984626,129.0,0.4563364121577924
2024-10-04,62067.4765625,0.0215287538766344,0.0216861719638981,post_etf,0.1434161290322581,155,0.4034489912050826,0.1608864705882353,0.0192687760276315,170.0,0.4672288914812599
2024-10-05,62089.94921875,0.0003620681473552,0.0216084209038364,post_etf,0.1543911764705882,136,0.4073392382679083,0.1434161290322581,0.0216861719638981,155.0,0.4034489912050826
2024-10-06,62818.953125,0.0117410936137447,0.0229011351928901,post_etf,0.24456,125,0.4652612006590594,0.1543911764705882,0.0216084209038364,136.0,0.4073392382679083
2024-10-07,62236.66015625,-0.0092693835185588,0.0192104602353406,post_etf,0.2333035714285714,140,0.4142719020595942,0.24456,0.0229011351928901,125.0,0.4652612006590594
2024-10-08,62131.96875,-0.0016821501344571,0.0103308390780084,post_etf,0.2015086956521739,161,0.4122073068237789,0.2333035714285714,0.0192104602353406,140.0,0.4142719020595942
2024-10-09,60582.1015625,-0.0249447622324054,0.01481452153074,post_etf,0.1456364705882353,170,0.4481737037368406,0.2015086956521739,0.0103308390780084,161.0,0.4122073068237789
2024-10-10,60274.5,-0.0050774330134892,0.0148915182087786,post_etf,0.1775341935483871,155,0.4577632455953778,0.1456364705882353,0.01481452153074,170.0,0.4481737037368406
2024-10-11,62445.08984375,0.0360117436685496,0.018992618930546,post_etf,0.1751114649681528,157,0.4444927618989227,0.1775341935483871,0.0148915182087786,155.0,0.4577632455953778
2024-10-12,63193.0234375,0.0119774604475944,0.0194279553658319,post_etf,0.1094860465116279,129,0.4958527228648937,0.1751114649681528,0.018992618930546,157.0,0.4444927618989227
2024-10-13,62851.375,-0.0054064265153874,0.0191743640254545,post_etf,0.2177882352941176,153,0.493818634662189,0.1094860465116279,0.0194279553658319,129.0,0.4958527228648937
2024-10-14,66046.125,0.0508302324332601,0.026331553159845,post_etf,0.1450683229813664,161,0.4434579539570747,0.2177882352941176,0.0191743640254545,153.0,0.493818634662189
2024-10-15,67041.109375,0.0150649924579224,0.0259772085268057,post_etf,0.2119659340659341,182,0.4654412750181909,0.1450683229813664,0.026331553159845,161.0,0.4434579539570747
2024-10-16,67612.71875,0.0085262517331365,0.020772656170629,post_etf,0.1796561797752809,178,0.4506567901138502,0.2119659340659341,0.0259772085268057,182.0,0.4654412750181909
2024-10-17,67399.8359375,-0.0031485616380424,0.0204570180278328,post_etf,0.2279322784810126,158,0.4845795999592703,0.1796561797752809,0.020772656170629,178.0,0.4506567901138502
2024-10-18,68418.7890625,0.0151180356869842,0.0185290737031063,post_etf,0.1122909090909091,154,0.4256385625503017,0.2279322784810126,0.0204570180278328,158.0,0.4845795999592703
2024-10-19,68362.734375,-0.0008192879217548,0.0192944991142097,post_etf,0.2704563025210084,119,0.4936407507349983,0.1122909090909091,0.0185290737031063,154.0,0.4256385625503017
2024-10-20,69001.703125,0.0093467406744582,0.017901549428624,post_etf,0.2230452380952381,126,0.4317368918417129,0.2704563025210084,0.0192944991142097,119.0,0.4936407507349983
2024-10-21,67367.8515625,-0.023678423698328,0.0137071252615908,post_etf,0.146475,180,0.4493752399087167,0.2230452380952381,0.017901549428624,126.0,0.4317368918417129
2024-10-22,67361.40625,-9.56734161845496e-05,0.0126223280074224,post_etf,0.2154629629629629,189,0.4359241469783863,0.146475,0.0137071252615908,180.0,0.4493752399087167
2024-10-23,66432.1953125,-0.0137944112100539,0.0131391894237031,post_etf,0.1574691823899371,159,0.4468833440151781,0.2154629629629629,0.0126223280074224,189.0,0.4359241469783863
2024-10-24,68161.0546875,0.0260244203411819,0.0169504197479518,post_etf,0.2103309392265193,181,0.4482919298523894,0.1574691823899371,0.0131391894237031,159.0,0.4468833440151781
2024-10-25,66642.4140625,-0.0222801808446562,0.017894384475671,post_etf,0.2644107594936709,158,0.4311289662644877,0.2103309392265193,0.0169504197479518,181.0,0.4482919298523894
2024-10-26,67014.6953125,0.0055862509670021,0.0182218936486763,post_etf,0.2066785714285714,98,0.4312677536163332,0.2644107594936709,0.017894384475671,158.0,0.4311289662644877
2024-10-27,67929.296875,0.0136477761815534,0.0187603165128213,post_etf,0.1036256198347107,121,0.4210086023525184,0.2066785714285714,0.0182218936486763,98.0,0.4312677536163332
2024-10-28,69907.7578125,0.029125296867722,0.0192402042750959,post_etf,0.1702286516853932,178,0.414626862023152,0.1036256198347107,0.0187603165128213,121.0,0.4210086023525184
2024-10-29,72720.4921875,0.0402349390541754,0.0229755424805405,post_etf,0.1276118749999999,320,0.3981084345869393,0.1702286516853932,0.0192402042750959,178.0,0.414626862023152
2024-10-30,72339.5390625,-0.0052385938755442,0.0216099916180266,post_etf,0.2015483870967742,186,0.4084256289739784,0.1276118749999999,0.0229755424805405,320.0,0.3981084345869393
2024-10-31,70215.1875,-0.0293663961649603,0.0255838415982909,post_etf,0.1625862222222222,225,0.4585879144726744,0.2015483870967742,0.0216099916180266,186.0,0.4084256289739784
2024-11-01,69482.46875,-0.0104353313875292,0.0238478971881287,post_etf,0.2014493506493506,154,0.4857721093830702,0.1625862222222222,0.0255838415982909,225.0,0.4585879144726744
2024-11-02,69289.2734375,-0.0027804900426771,0.0240934755205605,post_etf,0.2353085271317829,129,0.4721473351598999,0.2014493506493506,0.0238478971881287,154.0,0.4857721093830702
2024-11-03,68741.1171875,-0.0079111271168753,0.0241855383760986,post_etf,0.1744780701754386,114,0.4360630103366409,0.2353085271317829,0.0240934755205605,129.0,0.4721473351598999
2024-11-04,67811.5078125,-0.0135233381858542,0.0214105147666356,post_etf,0.1704092485549133,173,0.4321434242239645,0.1744780701754386,0.0241855383760986,114.0,0.4360630103366409
2024-11-05,69359.5625,0.0228287902369077,0.0156266795197642,post_etf,0.2138368421052631,171,0.4194552401129401,0.1704092485549133,0.0214105147666356,173.0,0.4321434242239645
2024-11-06,75639.078125,0.0905356867699389,0.0399884502964389,post_etf,0.1910243767313019,361,0.4095797969514502,0.2138368421052631,0.0156266795197642,171.0,0.4194552401129401
2024-11-07,75904.859375,0.0035138086897459,0.0368021385775595,post_etf,0.2315253456221198,217,0.4606768390629919,0.1910243767313019,0.0399884502964389,361.0,0.4095797969514502
2024-11-08,76545.4765625,0.0084397388095418,0.0355770911887224,post_etf,0.2301147186147186,231,0.4481395210246021,0.2315253456221198,0.0368021385775595,217.0,0.4606768390629919
2024-11-09,76778.8671875,0.0030490452928257,0.0351726500513103,post_etf,0.2293757062146892,177,0.4508023783762022,0.2301147186147186,0.0355770911887224,231.0,0.4481395210246021
2024-11-10,80474.1875,0.0481293935149595,0.0353924102685368,post_etf,0.170321914893617,470,0.4225319530549164,0.2293757062146892,0.0351726500513103,177.0,0.4508023783762022
2024-11-11,88701.484375,0.1022352276001543,0.0417940429781918,post_etf,0.1807018518518518,864,0.4207173626735266,0.170321914893617,0.0353924102685368,470.0,0.4225319530549164
2024-11-12,87955.8125,-0.0084065320919269,0.0454204383089147,post_etf,0.1849967032967032,637,0.4726903104528724,0.1807018518518518,0.0417940429781918,864.0,0.4207173626735266
2024-11-13,90584.1640625,0.0298826363806257,0.0383792285198731,post_etf,0.1812152570480928,603,0.4438446903316596,0.1849967032967032,0.0454204383089147,637.0,0.4726903104528724
2024-11-14,87250.4296875,-0.036802617869276,0.044907161914264,post_etf,0.2015220048899755,409,0.4663280343728533,0.1812152570480928,0.0383792285198731,603.0,0.4438446903316596
2024-11-15,91066.0078125,0.0437313390738136,0.0452506263539415,post_etf,0.1907401869158878,321,0.4632611253102454,0.2015220048899755,0.044907161914264,409.0,0.4663280343728533
2024-11-16,90558.4765625,-0.0055732238866227,0.0460882660541812,post_etf,0.2231713286713286,286,0.475892664239348,0.1907401869158878,0.0452506263539415,321.0,0.4632611253102454
2024-11-17,89845.8515625,-0.0078692246938162,0.0462120999287522,post_etf,0.2210101449275362,276,0.4993282492294265,0.2231713286713286,0.0460882660541812,286.0,0.475892664239348
2024-11-18,90542.640625,0.0077553838088482,0.0268014547015411,post_etf,0.2978029739776952,269,0.4780448194407169,0.2210101449275362,0.0462120999287522,276.0,0.4993282492294265
2024-11-19,92343.7890625,0.0198928198367862,0.0268851557895263,post_etf,0.1775522058823529,408,0.453979196662681,0.2978029739776952,0.0268014547015411,269.0,0.4780448194407169
2024-11-20,94339.4921875,0.0216116659849128,0.0258899895295875,post_etf,0.2212365979381443,388,0.4438524108715174,0.1775522058823529,0.0268851557895263,408.0,0.453979196662681
2024-11-21,98504.7265625,0.044151545428309,0.0211807395015928,post_etf,0.1657550675675675,888,0.4518136287524861,0.2212365979381443,0.0258899895295875,388.0,0.4438524108715174
2024-11-22,98997.6640625,0.0050042014957245,0.018068524929347,post_etf,0.1872923180592992,742,0.4341057691943182,0.1657550675675675,0.0211807395015928,888.0,0.4518136287524861
2024-11-23,97777.28125,-0.0123273899849751,0.0193097310576065,post_etf,0.1962416481069042,449,0.4569631869921554,0.1872923180592992,0.018068524929347,742.0,0.4341057691943182
2024-11-24,98013.8203125,0.0024191617876467,0.0179632614188306,post_etf,0.2215614361702128,376,0.4721471969088296,0.1962416481069042,0.0193097310576065,449.0,0.4569631869921554
2024-11-25,93102.296875,-0.0501105193312582,0.0299219589370743,post_etf,0.1907984536082474,388,0.462644988710564,0.2215614361702128,0.0179632614188306,376.0,0.4721471969088296
2024-11-26,91985.3203125,-0.0119973040407334,0.0295918308380714,post_etf,0.2157321167883211,411,0.4800247877645852,0.1907984536082474,0.0299219589370743,388.0,0.462644988710564
2024-11-27,95962.53125,0.0432374527151537,0.0331596550646459,post_etf,0.2484180821917808,365,0.4382368298850982,0.2157321167883211,0.0295918308380714,411.0,0.4800247877645852
2024-11-28,95652.46875,-0.0032310787967048,0.0277296185018049,post_etf,0.255243870967742,310,0.4431709725933869,0.2484180821917808,0.0331596550646459,365.0,0.4382368298850982
2024-11-29,97461.5234375,0.018912786163713,0.0289422497585106,post_etf,0.2146115384615384,312,0.4777628102824077,0.255243870967742,0.0277296185018049,310.0,0.4431709725933869
2024-11-30,96449.0546875,-0.0103883944585503,0.0288345732374381,post_etf,0.2384652329749104,279,0.4507707426397585,0.2146115384615384,0.0289422497585106,312.0,0.4777628102824077
2024-12-01,97279.7890625,0.0086131935423485,0.029072312056112,post_etf,0.2201403636363636,275,0.4500773013166198,0.2384652329749104,0.0288345732374381,279.0,0.4507707426397585
2024-12-02,95865.3046875,-0.014540372554583,0.0209811566296771,post_etf,0.1585601851851852,324,0.4439770759303553,0.2201403636363636,0.029072312056112,275.0,0.4500773013166198
2024-12-03,96002.1640625,0.0014276215513644,0.0198167149514771,post_etf,0.156182874617737,327,0.4424287951586969,0.1585601851851852,0.0209811566296771,324.0,0.4439770759303553
2024-12-04,98768.53125,0.028815675297684,0.0156460718665501,post_etf,0.1919454794520548,365,0.4366796616937022,0.156182874617737,0.0198167149514771,327.0,0.4424287951586969
2024-12-05,96593.5703125,-0.0220207885039295,0.0184923153554095,post_etf,0.1594788375558867,1342,0.4076878721008949,0.1919454794520548,0.0156460718665501,365.0,0.4366796616937022
2024-12-06,99920.7109375,0.0344447421731697,0.0215949969420841,post_etf,0.2421664682539682,504,0.466853713733187,0.1594788375558867,0.0184923153554095,1342.0,0.4076878721008949
2024-12-07,99923.3359375,2.627082989481444e-05,0.0208015934099864,post_etf,0.1942094086021505,372,0.4983568443442613,0.2421664682539682,0.0215949969420841,504.0,0.466853713733187
2024-12-08,101236.015625,0.0131368681317951,0.0209927957896834,post_etf,0.2460962962962963,351,0.4632850765231926,0.1942094086021505,0.0208015934099864,372.0,0.4983568443442613
2024-12-09,97432.71875,-0.037568614800964,0.025948903878291,post_etf,0.2304203539823008,339,0.4687347482633011,0.2460962962962963,0.0209927957896834,351.0,0.4632850765231926
2024-12-10,96675.4296875,-0.0077724307831654,0.0262499439300244,post_etf,0.1777912280701754,399,0.4489155625613736,0.2304203539823008,0.025948903878291,339.0,0.4687347482633011
2024-12-11,101173.03125,0.0465226953429465,0.0299381015725753,post_etf,0.1836888311688312,385,0.4496991075695957,0.1777912280701754,0.0262499439300244,399.0,0.4489155625613736
2024-12-12,100043.0,-0.0111692932003557,0.0286291252204001,post_etf,0.1998491758241758,364,0.4952540478104113,0.1836888311688312,0.0299381015725753,385.0,0.4496991075695957
2024-12-13,101459.2578125,0.0141564908339413,0.0261119259269434,post_etf,0.2106797583081571,331,0.4810720125466655,0.1998491758241758,0.0286291252204001,364.0,0.4952540478104113
2024-12-14,101372.96875,-0.0008504799301751,0.0261277328167405,post_etf,0.1968399317406143,293,0.4634945687746049,0.2106797583081571,0.0261119259269434,331.0,0.4810720125466655
2024-12-15,104298.6953125,0.028861012936449,0.0278300887741586,post_etf,0.2327507009345794,428,0.4385082756858082,0.1968399317406143,0.0261277328167405,293.0,0.4634945687746049
2024-12-16,106029.71875,0.0165967889848814,0.0207926499160082,post_etf,0.2019508097165991,494,0.4545949248608941,0.2327507009345794,0.0278300887741586,428.0,0.4385082756858082
2024-12-17,106140.6015625,0.0010457710706697,0.0196045723191796,post_etf,0.2175426315789473,380,0.4541438928147325,0.2019508097165991,0.0207926499160082,494.0,0.4545949248608941
2024-12-18,100041.5390625,-0.0574621060198967,0.0280658856444699,post_etf,0.1824997041420118,338,0.4637627587564654,0.2175426315789473,0.0196045723191796,380.0,0.4541438928147325
2024-12-19,97490.953125,-0.0254952688793256,0.0293995217502689,post_etf,0.1856831707317073,410,0.4703412232550962,0.1824997041420118,0.0280658856444699,338.0,0.4637627587564654
2024-12-20,97755.9296875,0.0027179605287093,0.0285733863301697,post_etf,0.1374115089514066,391,0.4875384433447268,0.1856831707317073,0.0293995217502689,410.0,0.4703412232550962
2024-12-21,97224.7265625,-0.0054339734346358,0.0285164887786663,post_etf,0.219982062780269,223,0.4807442911367649,0.1374115089514066,0.0285733863301697,391.0,0.4875384433447268
2024-12-22,95104.9375,-0.0218029830213748,0.0244535664924014,post_etf,0.1479004219409282,237,0.4743436077125814,0.219982062780269,0.0285164887786663,223.0,0.4807442911367649
2024-12-23,94686.2421875,-0.0044024561027654,0.0213299896127161,post_etf,0.2275590909090909,242,0.4793811797926771,0.1479004219409282,0.0244535664924014,237.0,0.4743436077125814
2024-12-24,98676.09375,0.0421376059533464,0.0304530055382276,post_etf,0.2162566929133858,254,0.4655409940794329,0.2275590909090909,0.0213299896127161,242.0,0.4793811797926771
2024-12-25,99299.1953125,0.0063146152104343,0.0223310166265568,post_etf,0.26290036900369,271,0.4465919953751933,0.2162566929133858,0.0304530055382276,254.0,0.4655409940794329
2024-12-26,95795.515625,-0.0352840692865005,0.0243469110258283,post_etf,0.2391084677419355,248,0.49973986201332,0.26290036900369,0.0223310166265568,271.0,0.4465919953751933
2024-12-27,94164.859375,-0.017022260795415,0.0248142595256742,post_etf,0.1674644366197183,284,0.460481762282816,0.2391084677419355,0.0243469110258283,248.0,0.49973986201332
2024-12-28,95163.9296875,0.0106097998672873,0.0255063810168516,post_etf,0.275754732510288,243,0.5029611604628357,0.1674644366197183,0.0248142595256742,284.0,0.460481762282816
2024-12-29,93530.2265625,-0.0171672516085114,0.0249849567472419,post_etf,0.1988939068100358,279,0.4817241707547567,0.275754732510288,0.0255063810168516,243.0,0.5029611604628357
2024-12-30,92643.2109375,-0.0094837322393019,0.025135806365498,post_etf,0.2457908088235293,272,0.4678555197196936,0.1988939068100358,0.0249849567472419,279.0,0.4817241707547567
2024-12-31,93429.203125,0.0084840775653842,0.0170007888920376,post_etf,0.1757097276264591,257,0.5067176954031615,0.2457908088235293,0.025135806365498,272.0,0.4678555197196936
2025-01-01,94419.7578125,0.0106021956130217,0.0176525043937833,post_etf,0.2773873831775701,214,0.4634570191715853,0.1757097276264591,0.0170007888920376,257.0,0.5067176954031615
2025-01-02,96886.875,0.0261292471476068,0.0164975173229692,post_etf,0.2161764890282131,319,0.435184198959604,0.2773873831775701,0.0176525043937833,214.0,0.4634570191715853
2025-01-03,98107.4296875,0.0125977299556827,0.0145703913303002,post_etf,0.2453968253968254,252,0.4752530248188258,0.2161764890282131,0.0164975173229692,319.0,0.435184198959604
2025-01-04,98236.2265625,0.0013128146911018,0.0145002535126276,post_etf,0.2537567272727273,275,0.4704473035913836,0.2453968253968254,0.0145703913303002,252.0,0.4752530248188258
2025-01-05,98314.9609375,0.0008014800420892,0.0112147397960296,post_etf,0.2731112359550561,267,0.4596066247317796,0.2537567272727273,0.0145002535126276,275.0,0.4704473035913836
2025-01-06,102078.0859375,0.0382762192459422,0.0136354315553876,post_etf,0.1855192182410423,307,0.459830142185277,0.2731112359550561,0.0112147397960296,267.0,0.4596066247317796
2025-01-07,96922.703125,-0.0505043052595688,0.0281433066780831,post_etf,0.200531906614786,257,0.4613699713487715,0.1855192182410423,0.0136354315553876,307.0,0.459830142185277
2025-01-08,95043.5234375,-0.0193884366295112,0.0295051264544616,post_etf,0.2217090909090909,286,0.4367377045593064,0.200531906614786,0.0281433066780831,257.0,0.4613699713487715
2025-01-09,92484.0390625,-0.0269296032220764,0.0288774643731162,post_etf,0.1582938983050847,295,0.4610717273763074,0.2217090909090909,0.0295051264544616,286.0,0.4367377045593064
2025-01-10,94701.453125,0.0239761810251548,0.030396300777337,post_etf,0.1865126530612245,245,0.458935773082306,0.1582938983050847,0.0288774643731162,295.0,0.4610717273763074
2025-01-11,94566.59375,-0.0014240475784673,0.0303245388375753,post_etf,0.1825036866359446,217,0.467156847902181,0.1865126530612245,0.030396300777337,245.0,0.458935773082306
2025-01-12,94488.4375,-0.0008264678561502,0.0302785925179389,post_etf,0.2783766990291262,206,0.4164469202739237,0.1825036866359446,0.0303245388375753,217.0,0.467156847902181
2025-01-13,94516.5234375,0.000297242056733,0.0239101687502227,post_etf,0.1036365591397849,279,0.4537321046160839,0.2783766990291262,0.0302785925179389,206.0,0.4164469202739237
2025-01-14,96534.046875,0.0213457220401691,0.0188554532645838,post_etf,0.1356710407239819,221,0.4405409779446828,0.1036365591397849,0.0239101687502227,279.0,0.4537321046160839
2025-01-15,100504.4921875,0.0411299996325777,0.0222737540223743,post_etf,0.230392578125,256,0.4610883914064609,0.1356710407239819,0.0188554532645838,221.0,0.4405409779446828
2025-01-16,99756.90625,-0.007438333563293,0.0179442426671659,post_etf,0.1683003496503496,286,0.499956358972531,0.230392578125,0.0222737540223743,256.0,0.4610883914064609
2025-01-17,104462.0390625,0.0471659856883341,0.0223396096437327,post_etf,0.145695737704918,305,0.4540931613219962,0.1683003496503496,0.0179442426671659,286.0,0.499956358972531
2025-01-18,104408.0703125,-0.0005166350425891,0.0222354049981186,post_etf,0.1974175965665236,233,0.4310661310067111,0.145695737704918,0.0223396096437327,305.0,0.4540931613219962
2025-01-19,101089.609375,-0.0317835673771925,0.0280885864855616,post_etf,0.1749407547169811,265,0.4152728414888409,0.1974175965665236,0.0222354049981186,233.0,0.4310661310067111
2025-01-20,102016.6640625,0.0091706229080479,0.0277746895388646,post_etf,0.1133192411924119,369,0.3981056388828121,0.1749407547169811,0.0280885864855616,265.0,0.4152728414888409
2025-01-21,106146.265625,0.0404796765356885,0.0297964744959735,post_etf,0.1863293286219081,283,0.4099848979512897,0.1133192411924119,0.0277746895388646,369.0,0.3981056388828121
2025-01-22,103653.0703125,-0.0234882998268456,0.0300101291662639,post_etf,0.2116504643962848,323,0.4432463654197947,0.1863293286219081,0.0297964744959735,283.0,0.4099848979512897
2025-01-23,103960.171875,0.0029627830760259,0.0295573518216775,post_etf,0.1787288888888888,360,0.4145741473125549,0.2116504643962848,0.0300101291662639,323.0,0.4432463654197947
2025-01-24,104819.484375,0.0082657856802432,0.0236582136540486,post_etf,0.1993844370860927,302,0.450668495769618,0.1787288888888888,0.0295573518216775,360.0,0.4145741473125549
2025-01-25,104714.6484375,-0.0010001569662844,0.0236631558634641,post_etf,0.2045184210526316,228,0.4562930050343869,0.1993844370860927,0.0236582136540486,302.0,0.450668495769618
2025-01-26,102682.5,-0.0194065344994488,0.0211656660583286,post_etf,0.2405780821917808,219,0.4253480084880445,0.2045184210526316,0.0236631558634641,228.0,0.4562930050343869
2025-01-27,102087.6875,-0.0057927348866652,0.0211265717223333,post_etf,0.1670217665615142,317,0.441202643027658,0.2405780821917808,0.0211656660583286,219.0,0.4253480084880445
2025-01-28,101332.4765625,-0.0073976691606418,0.0115057215624318,post_etf,0.201008,225,0.4348998254196016,0.1670217665615142,0.0211265717223333,317.0,0.441202643027658
2025-01-29,103703.2109375,0.023395602825692,0.0134796143111538,post_etf,0.1484240663900415,241,0.4311445276838485,0.201008,0.0115057215624318,225.0,0.4348998254196016
2025-01-30,104735.3046875,0.0099523798797513,0.0139728396374,post_etf,0.2147570945945946,296,0.4500947023705547,0.1484240663900415,0.0134796143111538,241.0,0.4311445276838485
2025-01-31,102405.0234375,-0.0222492430508784,0.0159948806154871,post_etf,0.1391986607142857,224,0.3983940360188865,0.2147570945945946,0.0139728396374,296.0,0.4500947023705547
2025-02-01,100655.90625,-0.0170803846216345,0.0167603302419564,post_etf,0.1335599056603773,212,0.4274532837710176,0.1391986607142857,0.0159948806154871,224.0,0.3983940360188865
2025-02-02,97688.9765625,-0.0294759621967042,0.0184941262274828,post_etf,0.1578952205882353,272,0.4740333501579227,0.1335599056603773,0.0167603302419564,212.0,0.4274532837710176
2025-02-03,101405.421875,0.0380436508117398,0.0251685726124424,post_etf,0.1908182058047493,379,0.4448572270352024,0.1578952205882353,0.0184941262274828,272.0,0.4740333501579227
2025-02-04,97871.8203125,-0.0348462784056634,0.0283281738649933,post_etf,0.1571704453441295,247,0.456076396281284,0.1908182058047493,0.0251685726124424,379.0,0.4448572270352024
2025-02-05,96615.4453125,-0.0128369432180627,0.0255305046916391,post_etf,0.1924953667953667,259,0.4480124340503525,0.1571704453441295,0.0283281738649933,247.0,0.456076396281284
2025-02-06,96593.296875,-0.0002292432377489,0.0244873622081071,post_etf,0.1875234432234432,273,0.4637363618969872,0.1924953667953667,0.0255305046916391,259.0,0.4480124340503525
2025-02-07,96529.0859375,-0.0006647556256734,0.0242274897904448,post_etf,0.1664826666666666,225,0.4712542266881312,0.1875234432234432,0.0244873622081071,273.0,0.4637363618969872
2025-02-08,96482.453125,-0.0004830959709924,0.0240197614777513,post_etf,0.2061043902439024,205,0.4688854649542221,0.1664826666666666,0.0242274897904448,225.0,0.4712542266881312
2025-02-09,96500.09375,0.0001828376500454,0.0216424099731333,post_etf,0.1817702325581395,215,0.4541620923405041,0.2061043902439024,0.0240197614777513,205.0,0.4688854649542221
2025-02-10,97437.5546875,0.0097146116762192,0.0144630613685365,post_etf,0.1912966346153846,208,0.4476220359746252,0.1817702325581395,0.0216424099731333,215.0,0.4541620923405041
2025-02-11,95747.4296875,-0.0173457247097439,0.0090715643132578,post_etf,0.2199987179487179,234,0.4630044301719631,0.1912966346153846,0.0144630613685365,208.0,0.4476220359746252
2025-02-12,97885.859375,0.0223340688567765,0.0120329441137276,post_etf,0.2348333333333333,225,0.4636579598691259,0.2199987179487179,0.0090715643132578,234.0,0.4630044301719631
2025-02-13,96623.8671875,-0.0128924871841327,0.013297125636811,post_etf,0.2105842105263158,228,0.4306609515246262,0.2348333333333333,0.0120329441137276,225.0,0.4636579598691259
2025-02-14,97508.96875,0.0091602788033979,0.0137124432698311,post_etf,0.174079203539823,226,0.4445244313858558,0.2105842105263158,0.013297125636811,228.0,0.4306609515246262
2025-02-15,97580.3515625,0.0007320640697474,0.0136904682279917,post_etf,0.1953653061224489,196,0.476615517162858,0.174079203539823,0.0137124432698311,226.0,0.4445244313858558
2025-02-16,96175.03125,-0.0144016729802401,0.0150060485746344,post_etf,0.1890028409090909,176,0.42545511422529,0.1953653061224489,0.0136904682279917,196.0,0.476615517162858
2025-02-17,95773.3828125,-0.00417622362353,0.0143520022670941,post_etf,0.2248224409448818,254,0.4311751808824783,0.1890028409090909,0.0150060485746344,176.0,0.42545511422529
2025-02-18,95539.546875,-0.0024415545387781,0.0127793964572538,post_etf,0.2124142857142857,231,0.41146002829192,0.2248224409448818,0.0143520022670941,254.0,0.4311751808824783
2025-02-19,96635.609375,0.0114723435043504,0.0099213341616753,post_etf,0.2085893203883495,206,0.430720301505852,0.2124142857142857,0.0127793964572538,231.0,0.41146002829192
2025-02-20,98333.9375,0.0175745580328421,0.0108770588587624,post_etf,0.2069883333333333,180,0.4382973693068904,0.2085893203883495,0.0099213341616753,206.0,0.430720301505852
2025-02-21,96125.546875,-0.0224580717618472,0.0138406627204838,post_etf,0.20382,220,0.4472752105092267,0.2069883333333333,0.0108770588587624,180.0,0.4382973693068904
2025-02-22,96577.7578125,0.0047043783073406,0.0140491510851305,post_etf,0.1405619883040935,171,0.4622916848695776,0.20382,0.0138406627204838,220.0,0.4472752105092267
2025-02-23,96273.921875,-0.0031460239332733,0.0129095653315094,post_etf,0.1722904522613065,199,0.4931216091118163,0.1405619883040935,0.0140491510851305,171.0,0.4622916848695776
2025-02-24,91418.171875,-0.0504368151357187,0.0232410091685231,post_etf,0.2312653225806451,248,0.480548773941561,0.1722904522613065,0.0129095653315094,199.0,0.4931216091118163
2025-02-25,88736.171875,-0.0293377120214919,0.0246594196722121,post_etf,0.1452563829787234,376,0.4589100685891326,0.2312653225806451,0.0232410091685231,248.0,0.480548773941561
2025-02-26,84347.0234375,-0.0494629004695273,0.0264133970790212,post_etf,0.1663401960784313,306,0.4852417524086495,0.1452563829787234,0.0246594196722121,376.0,0.4589100685891326
2025-02-27,84704.2265625,0.0042349227090945,0.0236798609714785,post_etf,0.1274022727272727,264,0.4902235233120736,0.1663401960784313,0.0264133970790212,306.0,0.4852417524086495
2025-02-28,84373.0078125,-0.0039102977908145,0.0244928003563201,post_etf,0.1388562827225131,382,0.4504191765960494,0.1274022727272727,0.0236798609714785,264.0,0.4902235233120736
2025-03-01,86031.9140625,0.0196615753427511,0.0273133594162545,post_etf,0.1841403141361256,191,0.4875858289874456,0.1388562827225131,0.0244928003563201,382.0,0.4504191765960494
2025-03-02,94248.3515625,0.0955045297961285,0.0506047988336358,post_etf,0.1907167173252279,329,0.4181756957237823,0.1841403141361256,0.0273133594162545,191.0,0.4875858289874456
2025-03-03,86065.671875,-0.0868204011194161,0.0577739462620819,post_etf,0.1407791821561338,269,0.4512949664345697,0.1907167173252279,0.0506047988336358,329.0,0.4181756957237823
2025-03-04,87222.1953125,0.0134376855754954,0.0572976467794928,post_etf,0.1968267441860465,258,0.4494689734294679,0.1407791821561338,0.0577739462620819,269.0,0.4512949664345697
2025-03-05,90623.5625,0.0389965785120813,0.0545287332161846,post_etf,0.1783188596491228,228,0.4057660680460461,0.1968267441860465,0.0572976467794928,258.0,0.4494689734294679
2025-03-06,89961.7265625,-0.0073031330841799,0.0549606646186496,post_etf,0.1768666666666666,261,0.4461412572096594,0.1783188596491228,0.0545287332161846,228.0,0.4057660680460461
2025-03-07,86742.671875,-0.0357824911826653,0.0575579725960585,post_etf,0.1210655172413793,348,0.3821773585518185,0.1768666666666666,0.0549606646186496,261.0,0.4461412572096594
2025-03-08,86154.59375,-0.00677957125701,0.0573320680632502,post_etf,0.213430731707317,205,0.4459002061065173,0.1210655172413793,0.0575579725960585,348.0,0.3821773585518185
2025-03-09,80601.0390625,-0.0644603432710168,0.0439973455950934,post_etf,0.2280634980988593,263,0.4806083974671695,0.213430731707317,0.0573320680632502,205.0,0.4459002061065173
2025-03-10,78532.0,-0.0256701289036189,0.0336645097182731,post_etf,0.1430614649681528,314,0.4555264621419759,0.2280634980988593,0.0439973455950934,263.0,0.4806083974671695
2025-03-11,82862.2109375,0.0551394455444913,0.0417421132923442,post_etf,0.1849153846153846,247,0.4496623302276566,0.1430614649681528,0.0336645097182731,314.0,0.4555264621419759
2025-03-12,83722.359375,0.0103804668952023,0.0377480950082087,post_etf,0.1461632286995515,223,0.4405817741610084,0.1849153846153846,0.0417421132923442,247.0,0.4496623302276566
2025-03-13,81066.703125,-0.0317197970748182,0.0385088673694175,post_etf,0.2223096774193548,186,0.4620342361398132,0.1461632286995515,0.0377480950082087,223.0,0.4405817741610084
2025-03-14,83969.1015625,0.0358025962030881,0.0412100528431752,post_etf,0.1349653266331658,199,0.4823983100605363,0.2223096774193548,0.0385088673694175,186.0,0.4620342361398132
2025-03-15,84343.109375,0.0044541123525254,0.0412979127347635,post_etf,0.1717828571428571,175,0.4463851199767051,0.1349653266331658,0.0412100528431752,199.0,0.4823983100605363
2025-03-16,82579.6875,-0.0209077171575404,0.0327722968306214,post_etf,0.1529343023255814,172,0.4755877327124072,0.1717828571428571,0.0412979127347635,175.0,0.4463851199767051
2025-03-17,84075.6875,0.0181158350835366,0.0302646983137797,post_etf,0.1476737089201878,213,0.431074050421767,0.1529343023255814,0.0327722968306214,172.0,0.4755877327124072
2025-03-18,82718.5,-0.0161424490284424,0.0239494584777102,post_etf,0.14556,220,0.4362457662025848,0.1476737089201878,0.0302646983137797,213.0,0.431074050421767
2025-03-19,86854.2265625,0.0499976010505509,0.0305762449113455,post_etf,0.2265461077844311,167,0.4719844192533181,0.14556,0.0239494584777102,220.0,0.4362457662025848
2025-03-20,84167.1953125,-0.0309372537911718,0.030417832549578,post_etf,0.2006629629629629,189,0.4946641764376603,0.2265461077844311,0.0305762449113455,167.0,0.4719844192533181
2025-03-21,84043.2421875,-0.0014727011460912,0.0273964629197152,post_etf,0.1639572115384615,208,0.4444034166827892,0.2006629629629629,0.030417832549578,189.0,0.4946641764376603
2025-03-22,83832.484375,-0.0025077306278807,0.027352951585714,post_etf,0.1884913043478261,184,0.4564045311988431,0.1639572115384615,0.0273964629197152,208.0,0.4444034166827892
2025-03-23,86054.375,0.0265039339053942,0.0273420273175571,post_etf,0.2744629629629629,162,0.445903861722727,0.1884913043478261,0.027352951585714,184.0,0.4564045311988431
2025-03-24,87498.9140625,0.0167863523789464,0.0272501061182083,post_etf,0.2104659090909091,220,0.460510280671553,0.2744629629629629,0.0273420273175571,162.0,0.445903861722727
2025-03-25,87471.703125,-0.0003109860024155,0.0257167746036928,post_etf,0.1979103896103896,231,0.4463040239619515,0.2104659090909091,0.0272501061182083,220.0,0.460510280671553
2025-03-26,86900.8828125,-0.0065257711020474,0.0182215842682534,post_etf,0.2105576470588235,170,0.4586707601787492,0.1979103896103896,0.0257167746036928,231.0,0.4463040239619515
2025-03-27,87177.1015625,0.0031785494123917,0.0119993482170593,post_etf,0.3183074829931973,147,0.4275715487812337,0.2105576470588235,0.0182215842682534,170.0,0.4586707601787492
2025-03-28,84353.1484375,-0.0323932899165662,0.0186611990580366,post_etf,0.1797412060301507,199,0.4135174774445133,0.3183074829931973,0.0119993482170593,147.0,0.4275715487812337
2025-03-29,82597.5859375,-0.0208120566039186,0.0203845266540426,post_etf,0.2092754285714285,175,0.4497824511453202,0.1797412060301507,0.0186611990580366,199.0,0.4135174774445133
2025-03-30,82334.5234375,-0.0031848691098436,0.0161235083485971,post_etf,0.1944671999999999,125,0.4938931133182824,0.2092754285714285,0.0203845266540426,175.0,0.4497824511453202
2025-03-31,82548.9140625,0.0026038970780313,0.0134211628063418,post_etf,0.0979188679245283,159,0.4488096250250945,0.1944671999999999,0.0161235083485971,125.0,0.4938931133182824
2025-04-01,85169.171875,0.0317418810684309,0.0202793872684148,post_etf,0.1392530487804878,164,0.4504320632573571,0.0979188679245283,0.0134211628063418,159.0,0.4488096250250945
2025-04-02,82485.7109375,-0.0315074208005501,0.0229029205162598,post_etf,0.2264943502824858,177,0.4888283182679033,0.1392530487804878,0.0202793872684148,164.0,0.4504320632573571
2025-04-03,83102.828125,0.0074815041355174,0.0232823860834156,post_etf,0.1490982857142857,175,0.4686710536093488,0.2264943502824858,0.0229029205162598,177.0,0.4888283182679033
2025-04-04,83843.8046875,0.0089163820199409,0.0207467547469069,post_etf,0.1140295454545454,176,0.4572879449622439,0.1490982857142857,0.0232823860834156,175.0,0.4686710536093488
2025-04-05,83504.796875,-0.0040433257264926,0.0189227044959318,post_etf,0.2393220689655172,145,0.4837271502598003,0.1140295454545454,0.0207467547469069,176.0,0.4572879449622439
2025-04-06,78214.484375,-0.0633533964272636,0.0312014250935877,post_etf,0.145610294117647,204,0.4146099451801387,0.2393220689655172,0.0189227044959318,145.0,0.4837271502598003
2025-04-07,79235.3359375,0.0130519502961308,0.0319711296582521,post_etf,0.1367889312977099,262,0.4802824581522993,0.145610294117647,0.0312014250935877,204.0,0.4146099451801387
2025-04-08,76271.953125,-0.037399763343434,0.0291438277825389,post_etf,0.154219540229885,174,0.4384861583460293,0.1367889312977099,0.0319711296582521,262.0,0.4802824581522993
2025-04-09,82573.953125,0.0826253916648998,0.0457419547786593,post_etf,0.1724461883408072,223,0.462233829882299,0.154219540229885,0.0291438277825389,174.0,0.4384861583460293
2025-04-10,79626.140625,-0.0356990599146636,0.0476022456121837,post_etf,0.2694067901234568,162,0.4614369605776593,0.1724461883408072,0.0457419547786593,223.0,0.462233829882299
2025-04-11,83404.8359375,0.0474554622745788,0.051561456150492,post_etf,0.2319263803680981,163,0.454410870374593,0.2694067901234568,0.0476022456121837,162.0,0.4614369605776593
2025-04-12,85287.109375,0.0225679172717334,0.0521588085652454,post_etf,0.2706163934426229,122,0.4617636101187061,0.2319263803680981,0.051561456150492,163.0,0.454410870374593
2025-04-13,83684.9765625,-0.0187851695788582,0.0447330464793558,post_etf,0.2102425196850393,127,0.4483236473585823,0.2706163934426229,0.0521588085652454,122.0,0.4617636101187061
2025-04-14,84542.390625,0.0102457346314681,0.0447194101255709,post_etf,0.1776507042253521,142,0.4716310551295589,0.2102425196850393,0.0447330464793558,127.0,0.4483236473585823
2025-04-15,83668.9921875,-0.0103308935439746,0.0409330173029273,post_etf,0.1528432926829268,164,0.4606593258522106,0.1776507042253521,0.0447194101255709,142.0,0.4716310551295589
2025-04-16,84033.8671875,0.0043609345644122,0.0275779721016938,post_etf,0.1577539772727272,176,0.4772792038043255,0.1528432926829268,0.0409330173029273,164.0,0.4606593258522106
2025-04-17,84895.75,0.0102563744993067,0.0217261934760425,post_etf,0.1686156069364162,173,0.4734371243822979,0.1577539772727272,0.0275779721016938,176.0,0.4772792038043255
2025-04-18,84450.8046875,-0.005241078764249,0.0141489574388721,post_etf,0.274112987012987,154,0.4727064056833014,0.1686156069364162,0.0217261934760425,173.0,0.4734371243822979
2025-04-19,85063.4140625,0.0072540383394437,0.0113149542961522,post_etf,0.18566,140,0.4594842857945049,0.274112987012987,0.0141489574388721,154.0,0.4727064056833014
2025-04-20,85174.3046875,0.0013036230231544,0.0078760373102851,post_etf,0.1784548672566371,113,0.4368484417619551,0.18566,0.0113149542961522,140.0,0.4594842857945049
2025-04-21,87518.90625,0.0275270995296317,0.0122076857997652,post_etf,0.2340337423312883,163,0.4644789502361239,0.1784548672566371,0.0078760373102851,113.0,0.4368484417619551
2025-04-22,93441.890625,0.0676766270145201,0.0248839934086937,post_etf,0.2000674796747967,246,0.4672927409168925,0.2340337423312883,0.0122076857997652,163.0,0.4644789502361239
2025-04-23,93699.109375,0.0027527134594511,0.0250181759535959,post_etf,0.184509947643979,191,0.4301580568208528,0.2000674796747967,0.0248839934086937,246.0,0.4672927409168925
2025-04-24,93943.796875,0.0026114175645013,0.025470055655402,post_etf,0.143475,180,0.4326708833306476,0.184509947643979,0.0250181759535959,191.0,0.4301580568208528
2025-04-25,94720.5,0.0082677425315635,0.0241736784074593,post_etf,0.2509427807486631,187,0.4574211557759061,0.143475,0.025470055655402,180.0,0.4326708833306476
2025-04-26,94646.9296875,-0.0007767095032226,0.0248808094220712,post_etf,0.2165524475524475,143,0.512297181143277,0.2509427807486631,0.0241736784074593,187.0,0.4574211557759061
2025-04-27,93754.84375,-0.0094254080977105,0.026205172228477,post_etf,0.2581941860465116,172,0.4389065074764574,0.2165524475524475,0.0248808094220712,143.0,0.512297181143277
2025-04-28,94978.75,0.0130543255265145,0.0255306177645324,post_etf,0.2461360655737705,183,0.4676957861286087,0.2581941860465116,0.026205172228477,172.0,0.4389065074764574
2025-04-29,94284.7890625,-0.0073064863193083,0.0079996004570715,post_etf,0.2089714285714285,196,0.399597230425966,0.2461360655737705,0.0255306177645324,183.0,0.4676957861286087
2025-04-30,94207.3125,-0.0008217291810309,0.0080063205698658,post_etf,0.1556196629213483,178,0.4934203097163345,0.2089714285714285,0.0079996004570715,196.0,0.399597230425966
2025-05-01,96492.3359375,0.0242552661450776,0.0120037041787611,post_etf,0.1623944444444444,216,0.4988040063122773,0.1556196629213483,0.0080063205698658,178.0,0.4934203097163345
2025-05-02,96910.0703125,0.0043291974532626,0.011855834432144,post_etf,0.1755471153846154,208,0.4742919721762808,0.1623944444444444,0.0120037041787611,216.0,0.4988040063122773
2025-05-03,95891.796875,-0.0105074058270356,0.0129385900130939,post_etf,0.1785568047337278,169,0.4412430994649591,0.1755471153846154,0.011855834432144,208.0,0.4742919721762808
2025-05-04,94315.9765625,-0.0164333171747127,0.014176439604637,post_etf,0.2020771241830065,153,0.4342975498156602,0.1785568047337278,0.0129385900130939,169.0,0.4412430994649591
2025-05-05,94748.0546875,0.0045811763897039,0.0133044417944375,post_etf,0.2018573033707865,178,0.4832486285927305,0.2020771241830065,0.014176439604637,153.0,0.4342975498156602
2025-05-06,96802.4765625,0.0216829979441366,0.0151356390293674,post_etf,0.1488763736263736,182,0.4512711908273724,0.2018573033707865,0.0133044417944375,178.0,0.4832486285927305
2025-05-07,97032.3203125,0.0023743581586117,0.0150182901589136,post_etf,0.2302463157894737,190,0.5007081348012992,0.1488763736263736,0.0151356390293674,182.0,0.4512711908273724
2025-05-08,103241.4609375,0.0639904374645787,0.026740748400326,post_etf,0.1715228739002932,341,0.4322551493300046,0.2302463157894737,0.0150182901589136,190.0,0.5007081348012992
2025-05-09,102970.8515625,-0.0026211308184007,0.0271129560785483,post_etf,0.2539793991416309,233,0.4658755564984504,0.1715228739002932,0.026740748400326,341.0,0.4322551493300046
2025-05-10,104696.328125,0.0167569417589277,0.025766873669835,post_etf,0.1568611111111111,198,0.4699852777182021,0.2539793991416309,0.0271129560785483,233.0,0.4658755564984504
2025-05-11,104106.359375,-0.0056350471937813,0.023978951042439,post_etf,0.187756976744186,172,0.4632497435744576,0.1568611111111111,0.025766873669835,198.0,0.4699852777182021
2025-05-12,102812.953125,-0.0124238928127439,0.0259272835335938,post_etf,0.2231666666666666,237,0.4307624826617641,0.187756976744186,0.023978951042439,172.0,0.4632497435744576
2025-05-13,104169.8125,0.013197358248725,0.0255963313397534,post_etf,0.2364244791666666,192,0.4786842324787928,0.2231666666666666,0.0259272835335938,237.0,0.4307624826617641
2025-05-14,103539.4140625,-0.0060516422404043,0.0262487171940238,post_etf,0.1796318918918919,185,0.4814728099790462,0.2364244791666666,0.0255963313397534,192.0,0.4786842324787928
2025-05-15,103744.640625,0.0019821105262978,0.0106819462542807,post_etf,0.2220106382978723,188,0.4569468370224606,0.1796318918918919,0.0262487171940238,185.0,0.4814728099790462
2025-05-16,103489.2890625,-0.002461347024402,0.0106737255468819,post_etf,0.1921083333333333,168,0.481826372238,0.2220106382978723,0.0106819462542807,188.0,0.4569468370224606
2025-05-17,103191.0859375,-0.0028814878109744,0.0080216681249595,post_etf,0.1708765625,192,0.4648020577657818,0.1921083333333333,0.0106737255468819,168.0,0.481826372238
2025-05-18,106446.0078125,0.0315426651965986,0.0147390360269837,post_etf,0.1799854922279792,193,0.4744553634134212,0.1708765625,0.0080216681249595,192.0,0.4648020577657818
2025-05-19,105606.1796875,-0.007889709931436,0.0140161879480636,post_etf,0.2117058558558558,222,0.4707806472645802,0.1799854922279792,0.0147390360269837,193.0,0.4744553634134212
2025-05-20,106791.0859375,0.0112200465304801,0.0138165525947087,post_etf,0.2423482758620689,232,0.4466493689516343,0.2117058558558558,0.0140161879480636,222.0,0.4707806472645802
2025-05-21,109678.078125,0.0270340184497199,0.0155055788061031,post_etf,0.2479444444444444,360,0.4290040822503141,0.2423482758620689,0.0138165525947087,232.0,0.4466493689516343
2025-05-22,111673.28125,0.0181914486386793,0.0156037458480505,post_etf,0.2206573113207547,424,0.4584120157796843,0.2479444444444444,0.0155055788061031,360.0,0.4290040822503141
2025-05-23,107287.796875,-0.0392706682020235,0.0244595883298331,post_etf,0.1555852173913043,230,0.4483857637603648,0.2206573113207547,0.0156037458480505,424.0,0.4584120157796843
2025-05-24,107791.15625,0.0046916740734872,0.0241972367995789,post_etf,0.219675,196,0.4426856806282911,0.1555852173913043,0.0244595883298331,230.0,0.4483857637603648
2025-05-25,109035.390625,0.0115430098190454,0.0218109486069357,post_etf,0.224743231441048,229,0.5081925396709708,0.219675,0.0241972367995789,196.0,0.4426856806282911
2025-05-26,109440.3671875,0.0037141753716718,0.0212210917579132,post_etf,0.258945,200,0.4840156947235217,0.224743231441048,0.0218109486069357,229.0,0.5081925396709708
2025-05-27,108994.640625,-0.0040727802177084,0.021297511461225,post_etf,0.2134923076923076,247,0.4631808626508157,0.258945,0.0212210917579132,200.0,0.4840156947235217
2025-05-28,107802.328125,-0.0109391846531444,0.0188908730717213,post_etf,0.2052038759689922,258,0.449123831840764,0.2134923076923076,0.021297511461225,247.0,0.4631808626508157
2025-05-29,105641.7578125,-0.0200419633794435,0.0174488694559048,post_etf,0.2051825757575757,264,0.4733393247441349,0.2052038759689922,0.0188908730717213,258.0,0.449123831840764
2025-05-30,103998.5703125,-0.0155543369783418,0.0116521341264395,post_etf,0.1563665048543689,206,0.4571406835755484,0.2051825757575757,0.0174488694559048,264.0,0.4733393247441349
2025-05-31,104638.09375,0.0061493483571777,0.0118525770209759,post_etf,0.1713243902439024,164,0.4737533148462886,0.1563665048543689,0.0116521341264395,206.0,0.4571406835755484
2025-06-01,105652.1015625,0.009690618169351,0.011457334972977,post_etf,0.1642301136363636,176,0.4632789098242947,0.1713243902439024,0.0118525770209759,164.0,0.4737533148462886
2025-06-02,105881.53125,0.0021715582000447,0.0112880226087124,post_etf,0.2300747191011236,178,0.4703870279077985,0.1642301136363636,0.011457334972977,176.0,0.4632789098242947
2025-06-03,105432.46875,-0.0042411787466475,0.011286750186322,post_etf,0.1846539603960396,202,0.4732865917386215,0.2300747191011236,0.0112880226087124,178.0,0.4703870279077985
2025-06-04,104731.984375,-0.0066439151364365,0.0110029892562652,post_etf,0.2494125,200,0.467334745461245,0.1846539603960396,0.011286750186322,202.0,0.4732865917386215
2025-06-05,101575.953125,-0.030134359325224,0.0137607471520794,post_etf,0.2069117391304347,230,0.484365648170849,0.2494125,0.0110029892562652,200.0,0.467334745461245
2025-06-06,104390.34375,0.0277072529315731,0.0176596720713786,post_etf,0.1558005102040816,196,0.4418804350984723,0.2069117391304347,0.0137607471520794,230.0,0.484365648170849
2025-06-07,105615.625,0.0117374960746787,0.0180701151674788,post_etf,0.1975919463087248,149,0.4702040022357142,0.1558005102040816,0.0176596720713786,196.0,0.4418804350984723
2025-06-08,105793.6484375,0.0016855786016509,0.017712905477443,post_etf,0.242459649122807,171,0.4767970250818842,0.1975919463087248,0.0180701151674788,149.0,0.4702040022357142
2025-06-09,110294.1015625,0.0425399179579173,0.0239035746244993,post_etf,0.1778894495412843,218,0.4373222167059208,0.242459649122807,0.017712905477443,171.0,0.4767970250818842
2025-06-10,110257.234375,-0.0003342625487465,0.0236665002118448,post_etf,0.2088215246636771,223,0.4719569015513908,0.1778894495412843,0.0239035746244993,218.0,0.4373222167059208
2025-06-11,108686.625,-0.0142449552984263,0.0245365490117527,post_etf,0.2158358490566037,159,0.4762591095222364,0.2088215246636771,0.0236665002118448,223.0,0.4719569015513908
2025-06-12,105929.0546875,-0.0253717539991695,0.023422387089209,post_etf,0.2048867816091954,174,0.4349474587869079,0.2158358490566037,0.0245365490117527,159.0,0.4762591095222364
2025-06-13,106090.96875,0.0015285141831733,0.0214297085029106,post_etf,0.2469429577464788,142,0.4897098774050499,0.2048867816091954,0.023422387089209,174.0,0.4349474587869079
2025-06-14,105472.40625,-0.0058304915798971,0.0211958056345899,post_etf,0.180108024691358,162,0.4734160988031688,0.2469429577464788,0.0214297085029106,142.0,0.4897098774050499
2025-06-15,105552.0234375,0.0007548627203146,0.0211863582440792,post_etf,0.2229489932885906,149,0.4812192018390106,0.180108024691358,0.0211958056345899,162.0,0.4734160988031688
2025-06-16,106796.7578125,0.011792615001237,0.0121045286494412,post_etf,0.2214367021276595,188,0.4916440167783857,0.2229489932885906,0.0211863582440792,149.0,0.4812192018390106
2025-06-17,104601.1171875,-0.0205590569411744,0.0132918251131122,post_etf,0.2727182389937107,159,0.4483024879935232,0.2214367021276595,0.0121045286494412,188.0,0.4916440167783857
2025-06-18,104883.328125,0.0026979724986506,0.013383901703176,post_etf,0.2505113513513513,185,0.5286725985395248,0.2727182389937107,0.0132918251131122,159.0,0.4483024879935232
2025-06-19,104684.2890625,-0.0018977187896134,0.0099212330929445,post_etf,0.2292,184,0.4793997661010119,0.2505113513513513,0.013383901703176,185.0,0.5286725985395248
2025-06-20,103309.6015625,-0.0131317460557932,0.0106596054421684,post_etf,0.1824251572327044,159,0.4908364159383545,0.2292,0.0099212330929445,184.0,0.4793997661010119
2025-06-21,102257.40625,-0.0101848743639132,0.0109257244120089,post_etf,0.1675858895705521,163,0.4277572251739947,0.1824251572327044,0.0106596054421684,159.0,0.4908364159383545
2025-06-22,100987.140625,-0.0124222359199532,0.0110320102638817,post_etf,0.2479470873786408,206,0.4541799349739469,0.1675858895705521,0.0109257244120089,163.0,0.4277572251739947
2025-06-23,105577.7734375,0.0454575977108471,0.022045537581971,post_etf,0.1752895424836601,153,0.476386129482802,0.2479470873786408,0.0110320102638817,206.0,0.4541799349739469
2025-06-24,106045.6328125,0.0044314192255339,0.0203938991100348,post_etf,0.2326041666666666,144,0.4575436033140082,0.1752895424836601,0.022045537581971,153.0,0.476386129482802
2025-06-25,107361.2578125,0.0124062157498381,0.0207652287828838,post_etf,0.2366748603351955,179,0.4790607899127858,0.2326041666666666,0.0203938991100348,144.0,0.4575436033140082
2025-06-26,106960.0,-0.0037374544661238,0.0208567080169209,post_etf,0.2068736363636363,220,0.4584383946357614,0.2366748603351955,0.0207652287828838,179.0,0.4790607899127858
2025-06-27,107088.4296875,0.0012007263229245,0.0196478311754257,post_etf,0.2105344086021505,186,0.5032745001341951,0.2068736363636363,0.0208567080169209,220.0,0.4584383946357614
2025-06-28,107327.703125,0.0022343537784448,0.0185455485114693,post_etf,0.1011892857142857,140,0.4877721109150628,0.2105344086021505,0.0196478311754257,186.0,0.5032745001341951
2025-06-29,108385.5703125,0.0098564224957646,0.0164317903324922,post_etf,0.1859700729927007,137,0.4820874286653828,0.1011892857142857,0.0185455485114693,140.0,0.4877721109150628
2025-06-30,107135.3359375,-0.0115350629368401,0.008089393718235,post_etf,0.1888821052631578,190,0.4478541821409653,0.1859700729927007,0.0164317903324922,137.0,0.4820874286653828
2025-07-01,105698.28125,-0.0134134520130533,0.0098587406938629,post_etf,0.1969959302325581,172,0.5267106348910344,0.1888821052631578,0.008089393718235,190.0,0.4478541821409653
2025-07-02,108859.3203125,0.0299062484755399,0.014690298594194,post_etf,0.2262687804878048,205,0.4755609039169324,0.1969959302325581,0.0098587406938629,172.0,0.5267106348910344
2025-07-03,109647.9765625,0.0072447287722909,0.0145521041855184,post_etf,0.2408442528735632,174,0.4794648212863719,0.2262687804878048,0.014690298594194,205.0,0.4755609039169324
2025-07-04,108034.3359375,-0.0147165563432009,0.0161527333182763,post_etf,0.2153726315789473,190,0.4894407970839588,0.2408442528735632,0.0145521041855184,174.0,0.4794648212863719
2025-07-05,108231.1796875,0.0018220480395592,0.0161497995234336,post_etf,0.1831668674698795,166,0.5054568499868339,0.2153726315789473,0.0161527333182763,190.0,0.4894407970839588
2025-07-06,109232.0703125,0.0092477105755468,0.0160976610551231,post_etf,0.1462451807228915,166,0.4924964943185156,0.1831668674698795,0.0161497995234336,166.0,0.5054568499868339
2025-07-07,108299.8515625,-0.0085342953523908,0.0157372328860769,post_etf,0.1884587570621468,177,0.456015715619131,0.1462451807228915,0.0160976610551231,166.0,0.4924964943185156
2025-07-08,108950.2734375,0.0060057503829968,0.0142835574316041,post_etf,0.2258545454545454,176,0.4951312101791871,0.1884587570621468,0.0157372328860769,177.0,0.456015715619131
2025-07-09,111326.5546875,0.0218106956047536,0.0120258566214951,post_etf,0.1481476683937823,193,0.4801480203706868,0.2258545454545454,0.0142835574316041,176.0,0.4951312101791871
2025-07-10,115987.203125,0.0418646606874946,0.0190190907629816,post_etf,0.1622117117117117,333,0.4204721228540156,0.1481476683937823,0.0120258566214951,193.0,0.4801480203706868
2025-07-11,117516.9921875,0.0131892917604998,0.0161143512063377,post_etf,0.156831220657277,426,0.4651786017403366,0.1622117117117117,0.0190190907629816,333.0,0.4204721228540156
2025-07-12,117435.2265625,-0.0006957770402219,0.016410015485633,post_etf,0.2156523076923077,195,0.4971863646232944,0.156831220657277,0.0161143512063377,426.0,0.4651786017403366
2025-07-13,119116.1171875,0.0143133425480761,0.0163882664979579,post_etf,0.1481906474820144,278,0.4362048968571749,0.2156523076923077,0.016410015485633,195.0,0.4971863646232944
2025-07-14,119849.703125,0.0061585783252593,0.0140028518503714,post_etf,0.1778373358348968,533,0.4478791289074922,0.1481906474820144,0.0163882664979579,278.0,0.4362048968571749
2025-07-15,117777.1875,-0.0172926221005188,0.0184625069876076,post_etf,0.1859485049833887,301,0.4655092991975822,0.1778373358348968,0.0140028518503714,533.0,0.4478791289074922
2025-07-16,118738.5078125,0.0081621945039229,0.0178834755575661,post_etf,0.1945969696969697,264,0.4601121527091305,0.1859485049833887,0.0184625069876076,301.0,0.4655092991975822
2025-07-17,119289.84375,0.004643278306736,0.0107129100175999,post_etf,0.2530818518518518,270,0.4517598997175828,0.1945969696969697,0.0178834755575661,264.0,0.4601121527091305
2025-07-18,118003.2265625,-0.0107856389702077,0.0111350275720187,post_etf,0.2413197674418604,258,0.464482141615909,0.2530818518518518,0.0107129100175999,270.0,0.4517598997175828
2025-07-19,117939.9765625,-0.0005360022928398,0.0111319884584637,post_etf,0.225731797235023,217,0.465162868383907,0.2413197674418604,0.0111350275720187,258.0,0.464482141615909
2025-07-20,117300.7890625,-0.0054196000256221,0.0094753270900498,post_etf,0.2043662162162162,222,0.4483330773208769,0.225731797235023,0.0111319884584637,217.0,0.465162868383907
2025-07-21,117439.5390625,0.0011828564931994,0.0089181594133394,post_etf,0.2049075539568345,278,0.4446078693904993,0.2043662162162162,0.0094753270900498,222.0,0.4483330773208769
2025-07-22,119995.4140625,0.021763326222183,0.0104688773887574,post_etf,0.1344367588932806,253,0.4733052934691956,0.2049075539568345,0.0089181594133394,278.0,0.4446078693904993
2025-07-23,118754.9609375,-0.010337504434577,0.011175998527734,post_etf,0.1911235294117647,204,0.455772619866523,0.1344367588932806,0.0104688773887574,253.0,0.4733052934691956
2025-07-24,118368.0,-0.0032584822936673,0.011035613996013,post_etf,0.1947076595744681,235,0.4703439123008993,0.1911235294117647,0.011175998527734,204.0,0.455772619866523
2025-07-25,117635.8828125,-0.0061850938387063,0.0104827283200395,post_etf,0.2229136186770428,257,0.4520195300603665,0.1947076595744681,0.011035613996013,235.0,0.4703439123008993
2025-07-26,117947.3671875,0.0026478687246855,0.0105446651261892,post_etf,0.1946340909090909,176,0.4784042561651004,0.2229136186770428,0.0104827283200395,257.0,0.4520195300603665
2025-07-27,119448.4921875,0.0127270750996388,0.0111852842303929,post_etf,0.2193984693877551,196,0.4627432831497496,0.1946340909090909,0.0105446651261892,176.0,0.4784042561651004
2025-07-28,117924.4765625,-0.0127587682112196,0.0126368145504053,post_etf,0.2281118942731277,227,0.4771233274916049,0.2193984693877551,0.0111852842303929,196.0,0.4627432831497496
2025-07-29,117922.1484375,-1.974250866199068e-05,0.0086151596226001,post_etf,0.2103761061946902,226,0.4443849484948504,0.2281118942731277,0.0126368145504053,227.0,0.4771233274916049
2025-07-30,117831.1875,-0.0007713643170961,0.0078840835029596,post_etf,0.218142396313364,217,0.4776965476326547,0.2103761061946902,0.0086151596226001,226.0,0.4443849484948504
2025-07-31,115758.203125,-0.0175928327549105,0.0100936242763175,post_etf,0.191266,200,0.4636145342044703,0.218142396313364,0.0078840835029596,217.0,0.4776965476326547
2025-08-01,113320.0859375,-0.0210621547474024,0.0121909514007241,post_etf,0.1095354430379746,237,0.435611123917699,0.191266,0.0100936242763175,200.0,0.4636145342044703
2025-08-02,112526.9140625,-0.0069993935182635,0.0116824931118369,post_etf,0.199004,200,0.474146668235679,0.1095354430379746,0.0121909514007241,237.0,0.435611123917699
2025-08-03,114217.671875,0.015025363723748,0.0123317464158929,post_etf,0.2733387559808612,209,0.447555618890399,0.199004,0.0116824931118369,200.0,0.474146668235679
2025-08-04,115071.8828125,0.0074787983634865,0.012926195243219,post_etf,0.2178228155339805,206,0.4817081440182401,0.2733387559808612,0.0123317464158929,209.0,0.447555618890399
2025-08-05,114141.4453125,-0.0080857067535434,0.0129320589997184,post_etf,0.2122038834951456,206,0.4284970761598353,0.2178228155339805,0.012926195243219,206.0,0.4817081440182401
2025-08-06,115028.0,0.0077671584153571,0.0137285088355123,post_etf,0.225544776119403,201,0.4293213672589272,0.2122038834951456,0.0129320589997184,206.0,0.4284970761598353
2025-08-07,117496.8984375,0.0214634561802344,0.0148659403120695,post_etf,0.1832957364341085,258,0.4639254938391418,0.225544776119403,0.0137285088355123,201.0,0.4293213672589272
2025-08-08,116688.7265625,-0.0068782400705657,0.0118163957865033,post_etf,0.1384328502415459,207,0.4597774364315256,0.1832957364341085,0.0148659403120695,258.0,0.4639254938391418
2025-08-09,116500.359375,-0.0016142706587778,0.0111162665902669,post_etf,0.2111238095238095,168,0.4673100090725776,0.1384328502415459,0.0118163957865033,207.0,0.4597774364315256
2025-08-10,119306.7578125,0.0240891826648066,0.0128658185560159,post_etf,0.2572742138364779,159,0.4727170985028374,0.2111238095238095,0.0111162665902669,168.0,0.4673100090725776
2025-08-11,118731.4453125,-0.0048221283567536,0.0135049056354204,post_etf,0.2403367424242424,264,0.4453858409874358,0.2572742138364779,0.0128658185560159,159.0,0.4727170985028374
2025-08-12,120172.90625,0.0121405153765801,0.0124726733010776,post_etf,0.2768053475935829,187,0.4460820820765435,0.2403367424242424,0.0135049056354204,264.0,0.4453858409874358
2025-08-13,123344.0625,0.0263882795960923,0.0143901075597437,post_etf,0.0807465201465201,273,0.4892675885022448,0.2768053475935829,0.0124726733010776,187.0,0.4460820820765435
2025-08-14,118359.578125,-0.0404112226723519,0.0227997162121527,post_etf,0.1869003333333333,300,0.4241499156387318,0.0807465201465201,0.0143901075597437,273.0,0.4892675885022448
2025-08-15,117398.3515625,-0.0081212401879706,0.0228784613492718,post_etf,0.2344650485436893,206,0.4427283360627874,0.1869003333333333,0.0227997162121527,300.0,0.4241499156387318
2025-08-16,117491.3515625,0.0007921746665282,0.0228490669266532,post_etf,0.2765494318181818,176,0.4436216089026656,0.2344650485436893,0.0228784613492718,206.0,0.4427283360627874
2025-08-17,117453.0625,-0.0003258883482979,0.020564066701836,post_etf,0.2450520710059171,169,0.4976301966617521,0.2765494318181818,0.0228490669266532,176.0,0.4436216089026656
2025-08-18,116252.3125,-0.010223232791397,0.0207854916573964,post_etf,0.2200223300970873,206,0.4682239125455067,0.2450520710059171,0.020564066701836,169.0,0.4976301966617521
2025-08-19,112831.1796875,-0.0294285140564407,0.021715264445959,post_etf,0.2149923076923077,208,0.4417492677896779,0.2200223300970873,0.0207854916573964,206.0,0.4682239125455067
2025-08-20,114274.7421875,0.0127940034305953,0.0184031323745657,post_etf,0.194045701357466,221,0.4491670634145358,0.2149923076923077,0.021715264445959,208.0,0.4417492677896779
2025-08-21,112419.03125,-0.0162390297451311,0.0135195554835664,post_etf,0.1858900497512438,201,0.4879069448168343,0.194045701357466,0.0184031323745657,221.0,0.4491670634145358
2025-08-22,116874.0859375,0.0396290079888053,0.0222405394682352,post_etf,0.1772999999999999,219,0.4740780112322708,0.1858900497512438,0.0135195554835664,201.0,0.4879069448168343
2025-08-23,115374.328125,-0.0128322527656131,0.0227071466267511,post_etf,0.1934805555555555,144,0.4644276709858184,0.1772999999999999,0.0222405394682352,219.0,0.4740780112322708
2025-08-24,113458.4296875,-0.0166059336477717,0.0232885544373074,post_etf,0.1409502732240437,183,0.4792780462222157,0.1934805555555555,0.0227071466267511,144.0,0.4644276709858184
2025-08-25,110124.3515625,-0.0293859004939791,0.0251015847516243,post_etf,0.2088463302752293,218,0.4825543469885344,0.1409502732240437,0.0232885544373074,183.0,0.4792780462222157
2025-08-26,111802.65625,0.0152400868989226,0.0242426728758715,post_etf,0.1495852017937219,223,0.4552420333450885,0.2088463302752293,0.0251015847516243,218.0,0.4825543469885344
2025-08-27,111222.0625,-0.0051930228625494,0.02347081616356,post_etf,0.2495813829787234,188,0.4214332366663325,0.1495852017937219,0.0242426728758715,223.0,0.4552420333450885
2025-08-28,112544.8046875,0.0118928039794263,0.0233595213287971,post_etf,0.2490056701030927,194,0.4519087038327629,0.2495813829787234,0.02347081616356,188.0,0.4214332366663325
2025-08-29,108410.8359375,-0.0367317599553232,0.0194921185990377,post_etf,0.1864835897435897,195,0.4650583380292759,0.2490056701030927,0.0233595213287971,194.0,0.4519087038327629
2025-08-30,108808.0703125,0.0036641574761864,0.0201515540407811,post_etf,0.2378535353535353,198,0.4651589229681394,0.1864835897435897,0.0194921185990377,195.0,0.4650583380292759
2025-08-31,108236.7109375,-0.0052510753417374,0.0198125316278827,post_etf,0.1309046979865771,149,0.4559282951469645,0.2378535353535353,0.0201515540407811,198.0,0.4651589229681394
2025-09-01,109250.59375,0.0093672729309508,0.0176616876444541,post_etf,0.1600844311377245,167,0.4363369895285627,0.1309046979865771,0.0198125316278827,149.0,0.4559282951469645
2025-09-02,111200.5859375,0.0178488017370614,0.0180839918486879,post_etf,0.15968,160,0.4897419883928359,0.1600844311377245,0.0176616876444541,167.0,0.4363369895285627
2025-09-03,111723.2109375,0.0046998403434108,0.0180544041251211,post_etf,0.1528211111111111,180,0.4778369544965704,0.15968,0.0180839918486879,160.0,0.4897419883928359
2025-09-04,110723.6015625,-0.0089471951854229,0.017630599277493,post_etf,0.1852278606965174,201,0.4373051101003742,0.1528211111111111,0.0180544041251211,180.0,0.4778369544965704
2025-09-05,110650.984375,-0.0006558419928113,0.0090233937577371,post_etf,0.2594675392670157,191,0.5115079968441276,0.1852278606965174,0.017630599277493,201.0,0.4373051101003742
2025-09-06,110224.6953125,-0.0038525555367432,0.0093664838356727,post_etf,0.225025,148,0.5176375162353342,0.2594675392670157,0.0090233937577371,191.0,0.5115079968441276
2025-09-07,111167.6171875,0.0085545428120867,0.0090614686057128,post_etf,0.1336783783783783,148,0.4858937249134605,0.225025,0.0093664838356727,148.0,0.5176375162353342
2025-09-08,112071.4296875,0.0081301778599391,0.0089474875378797,post_etf,0.1629656565656566,198,0.4404515312760008,0.1336783783783783,0.0090614686057128,148.0,0.4858937249134605
2025-09-09,111530.546875,-0.0048262328231931,0.0068143274402963,post_etf,0.2811901639344262,183,0.4360658592907542,0.1629656565656566,0.0089474875378797,198.0,0.4404515312760008
2025-09-10,113955.359375,0.0217412410137076,0.0105878014183422,post_etf,0.1704890909090909,165,0.4377334848771625,0.2811901639344262,0.0068143274402963,183.0,0.4360658592907542
2025-09-11,115507.5390625,0.0136209450438582,0.0097931671952224,post_etf,0.1819337662337662,154,0.4331003523344893,0.1704890909090909,0.0105878014183422,165.0,0.4377334848771625
2025-09-12,116101.578125,0.0051428596550617,0.0093620471119817,post_etf,0.15798515625,128,0.4376004196275903,0.1819337662337662,0.0097931671952224,154.0,0.4331003523344893
2025-09-13,115950.5078125,-0.0013011908618274,0.0089110971997452,post_etf,0.1826141592920354,113,0.504955789413301,0.15798515625,0.0093620471119817,128.0,0.4376004196275903
2025-09-14,115407.65625,-0.0046817523505617,0.0099437041877435,post_etf,0.2282266233766234,154,0.4775227136974957,0.1826141592920354,0.0089110971997452,113.0,0.504955789413301
2025-09-15,115444.875,0.0003224981011604,0.0100244719419412,post_etf,0.1996297142857143,175,0.3827779903763859,0.2282266233766234,0.0099437041877435,154.0,0.4775227136974957
2025-09-16,116843.1875,0.0121123826414988,0.0094876445252145,post_etf,0.2430258620689655,174,0.4656960444958484,0.1996297142857143,0.0100244719419412,175.0,0.3827779903763859
2025-09-17,116468.5078125,-0.0032066883445814,0.0073426600707088,post_etf,0.2265479069767441,215,0.4456365601274588,0.2430258620689655,0.0094876445252145,174.0,0.4656960444958484
2025-09-18,117137.203125,0.0057414259447414,0.0059385886690486,post_etf,0.2002784403669724,218,0.4455972336114359,0.2265479069767441,0.0073426600707088,215.0,0.4456365601274588
2025-09-19,115688.859375,-0.0123645068463384,0.0077987564041758,post_etf,0.2265545454545454,154,0.4883414130484513,0.2002784403669724,0.0059385886690486,218.0,0.4455972336114359
2025-09-20,115721.9609375,0.0002861257573012,0.0077940613164463,post_etf,0.1787688311688311,154,0.4476120387032603,0.2265545454545454,0.0077987564041758,154.0,0.4883414130484513
2025-09-21,115306.09375,-0.0035936756008188,0.0077013803265481,post_etf,0.2396312,125,0.4442079294465889,0.1787688311688311,0.0077940613164463,154.0,0.4476120387032603
2025-09-22,112748.5078125,-0.0221808393149213,0.0113350044215348,post_etf,0.181074358974359,156,0.4459350188264155,0.2396312,0.0077013803265481,125.0,0.4442079294465889
2025-09-23,112014.5,-0.0065101332757383,0.0090696561832886,post_etf,0.3009335106382979,188,0.4513603136312488,0.181074358974359,0.0113350044215348,156.0,0.4459350188264155
2025-09-24,113328.6328125,0.0117318098326555,0.0113104212700137,post_etf,0.1638425675675675,148,0.4293814695663614,0.3009335106382979,0.0090696561832886,188.0,0.4513603136312488
2025-09-25,109049.2890625,-0.0377604815640906,0.0161032204902456,post_etf,0.2402694610778443,167,0.5031224149480938,0.1638425675675675,0.0113104212700137,148.0,0.4293814695663614
2025-09-26,109712.828125,0.0060847628462732,0.0171388964416649,post_etf,0.241450909090909,165,0.4799560759397526,0.2402694610778443,0.0161032204902456,167.0,0.5031224149480938
2025-09-27,109681.9453125,-0.0002814877077529,0.0170976518380591,post_etf,0.1715674796747967,123,0.4377014989835521,0.241450909090909,0.0171388964416649,165.0,0.4799560759397526
2025-09-28,112122.640625,0.0222524801647718,0.020528724209159,post_etf,0.1682742268041237,97,0.4598895395632045,0.1715674796747967,0.0170976518380591,123.0,0.4377014989835521
2025-09-29,114400.3828125,0.0203147390643254,0.020473683029279,post_etf,0.2392778523489933,149,0.4697402132584703,0.1682742268041237,0.020528724209159,97.0,0.4598895395632045
2025-09-30,114056.0859375,-0.003009577997342,0.0202654103863322,post_etf,0.2601344155844156,154,0.461963981192189,0.2392778523489933,0.020473683029279,149.0,0.4697402132584703
2025-10-01,118648.9296875,0.0402682917991483,0.0247455953149211,post_etf,0.2298980198019801,202,0.4391672837093359,0.2601344155844156,0.0202654103863322,154.0,0.461963981192189
2025-10-02,120681.2578125,0.0171289208453273,0.015058198298911,post_etf,0.2300488687782805,221,0.4628453403195636,0.2298980198019801,0.0247455953149211,202.0,0.4391672837093359
2025-10-03,122266.53125,0.0131360367486641,0.0146167859146621,post_etf,0.2307622119815668,217,0.4488138674768515,0.2300488687782805,0.015058198298911,221.0,0.4628453403195636
2025-10-04,122425.4296875,0.0012996069805488,0.0143384666552561,post_etf,0.1959976047904191,167,0.485796197407838,0.2307622119815668,0.0146167859146621,217.0,0.4488138674768515
2025-10-05,123513.4765625,0.0088874254129824,0.0142431253275556,post_etf,0.2084276785714285,224,0.4506849440374404,0.1959976047904191,0.0143384666552561,167.0,0.485796197407838
2025-10-06,124752.53125,0.0100317367949158,0.014012137092809,post_etf,0.2597132158590308,227,0.4710003848914891,0.2084276785714285,0.0142431253275556,224.0,0.4506849440374404
2025-10-07,121451.3828125,-0.0264615748027157,0.0199104278706873,post_etf,0.2211910891089109,202,0.4579003938265063,0.2597132158590308,0.014012137092809,227.0,0.4710003848914891
2025-10-08,123354.8671875,0.015672809406696,0.0150997779938718,post_etf,0.2126586021505376,186,0.4475497485935429,0.2211910891089109,0.0199104278706873,202.0,0.4579003938265063
2025-10-09,121705.5859375,-0.0133702162517275,0.0156333011911941,post_etf,0.2040514450867052,173,0.4761185557614209,0.2126586021505376,0.0150997779938718,186.0,0.4475497485935429
2025-10-10,113214.3671875,-0.0697685211783174,0.0299928673382689,post_etf,0.1104890070921985,282,0.4622997664697811,0.2040514450867052,0.0156333011911941,173.0,0.4761185557614209
2025-10-11,110807.8828125,-0.0212559981103326,0.0297205563278484,post_etf,0.1045051282051282,273,0.4501283387775797,0.1104890070921985,0.0299928673382689,282.0,0.4622997664697811
2025-10-12,115169.765625,0.039364372838716,0.0352986902361752,post_etf,0.1218908296943231,229,0.4472043384296194,0.1045051282051282,0.0297205563278484,273.0,0.4501283387775797
2025-10-13,115271.078125,0.0008796796576793,0.0346220831449868,post_etf,0.1876724867724868,189,0.4916960630185399,0.1218908296943231,0.0352986902361752,229.0,0.4472043384296194
2025-10-14,113118.6640625,-0.0186726288806453,0.0341533024187702,post_etf,0.1159975247524752,202,0.4598068804479502,0.1876724867724868,0.0346220831449868,189.0,0.4916960630185399
2025-10-15,110783.1640625,-0.02064646024028,0.0323884497980125,post_etf,0.1650934343434343,198,0.4394773872636272,0.1159975247524752,0.0341533024187702,202.0,0.4598068804479502
2025-10-16,108186.0390625,-0.0234433185040173,0.0325387261923792,post_etf,0.190975,232,0.4602910037322945,0.1650934343434343,0.0323884497980125,198.0,0.4394773872636272
2025-10-17,106467.7890625,-0.0158823635183403,0.0226219270129111,post_etf,0.0927228840125391,319,0.4454571008397012,0.190975,0.0325387261923792,232.0,0.4602910037322945
2025-10-18,107198.265625,0.0068610099724264,0.0224799005891201,post_etf,0.1971903409090909,176,0.4625136788931888,0.0927228840125391,0.0226219270129111,319.0,0.4454571008397012
2025-10-19,108666.7109375,0.0136984055100004,0.0149709561587226,post_etf,0.2048121621621621,148,0.4746203063768187,0.1971903409090909,0.0224799005891201,176.0,0.4625136788931888
2025-10-20,110588.9296875,0.0176891223946731,0.0177542700412553,post_etf,0.2318956790123457,162,0.4862764766265621,0.2048121621621621,0.0149709561587226,148.0,0.4746203063768187
2025-10-21,108476.890625,-0.0190981056464526,0.0178064528426993,post_etf,0.1638218009478673,211,0.4371666145256162,0.2318956790123457,0.0177542700412553,162.0,0.4862764766265621
2025-10-22,107688.5859375,-0.0072670287925667,0.0166304347396272,post_etf,0.1602408805031446,159,0.476169287019318,0.1638218009478673,0.0178064528426993,211.0,0.4371666145256162
2025-10-23,110069.7265625,0.0221113556675538,0.0166306350659303,post_etf,0.1691940119760479,167,0.5045137190751228,0.1602408805031446,0.0166304347396272,159.0,0.476169287019318
2025-10-24,111033.921875,0.0087598592511493,0.0145469503255537,post_etf,0.2852281437125748,167,0.4398962623994883,0.1691940119760479,0.0166306350659303,167.0,0.5045137190751228
2025-10-25,111641.7265625,0.0054740450236843,0.0145444267663702,post_etf,0.15308,175,0.4493188936166824,0.2852281437125748,0.0145469503255537,167.0,0.4398962623994883
2025-10-26,114472.4453125,0.0253553831274302,0.0161622060107861,post_etf,0.1913619883040936,171,0.4528448350212631,0.15308,0.0145444267663702,175.0,0.4493188936166824
2025-10-27,114119.328125,-0.0030847352525406,0.0159006460088571,post_etf,0.1992415730337078,178,0.4272150722094615,0.1913619883040936,0.0161622060107861,171.0,0.4528448350212631
2025-10-28,112956.1640625,-0.010192524628483,0.0139208640403014,post_etf,0.2419719387755102,196,0.4466565985221772,0.1992415730337078,0.0159006460088571,178.0,0.4272150722094615
2025-10-29,110055.3046875,-0.0256812844086571,0.0179701287965454,post_etf,0.164348,175,0.4929528388810837,0.2419719387755102,0.0139208640403014,196.0,0.4466565985221772
2025-10-30,108305.546875,-0.0158988957185517,0.0170391696077559,post_etf,0.2193245098039215,204,0.4592630543500006,0.164348,0.0179701287965454,175.0,0.4929528388810837
2025-10-31,109556.1640625,0.0115471203791934,0.0173668735400087,post_etf,0.2278191709844559,193,0.4978281502513115,0.2193245098039215,0.0170391696077559,204.0,0.4592630543500006
2025-11-01,110064.015625,0.0046355361822478,0.0173112789202803,post_etf,0.2186868421052631,152,0.4598795970677903,0.2278191709844559,0.0173668735400087,193.0,0.4978281502513115
2025-11-02,110639.625,0.0052297689824543,0.0132166908479809,post_etf,0.113340522875817,153,0.3595659904732203,0.2186868421052631,0.0173112789202803,152.0,0.4598795970677903
2025-11-03,106547.5234375,-0.036985858931644,0.0178810436787938,post_etf,0.1529647668393782,193,0.4416473036660501,0.113340522875817,0.0132166908479809,153.0,0.3595659904732203
2025-11-04,101590.5234375,-0.046523840630681,0.0226984798702284,post_etf,0.0794614130434782,368,0.4582472216055101,0.1529647668393782,0.0178810436787938,193.0,0.4416473036660501
2025-11-05,103891.8359375,0.0226528264854919,0.0259581924043249,post_etf,0.1429265306122449,245,0.4709258554182798,0.0794614130434782,0.0226984798702284,368.0,0.4582472216055101
2025-11-06,101301.2890625,-0.0249350379808326,0.026637693373652,post_etf,0.1578229591836734,196,0.490354516895076,0.1429265306122449,0.0259581924043249,245.0,0.4709258554182798
2025-11-07,103372.40625,0.020445121741957,0.0279714965109672,post_etf,0.1669518518518518,216,0.4548728338484271,0.1578229591836734,0.026637693373652,196.0,0.490354516895076
2025-11-08,102282.1171875,-0.010547196317199,0.0274182957541564,post_etf,0.148075,160,0.440122836912977,0.1669518518518518,0.0279714965109672,216.0,0.4548728338484271
2025-11-09,104719.640625,0.0238313744819302,0.0299368569954615,post_etf,0.1758089285714285,168,0.4340248463913934,0.148075,0.0274182957541564,160.0,0.440122836912977
2025-11-10,105996.59375,0.0121940174486727,0.0275198778845103,post_etf,0.1115850574712643,174,0.404291947831995,0.1758089285714285,0.0299368569954615,168.0,0.4340248463913934
2025-11-11,102997.46875,-0.0282945413045407,0.0229045747504891,post_etf,0.1920171875,192,0.4658356496987628,0.1115850574712643,0.0275198778845103,174.0,0.404291947831995
2025-11-12,101663.1875,-0.0129545052533147,0.0215150666122627,post_etf,0.1577748717948718,195,0.4813233556724979,0.1920171875,0.0229045747504891,192.0,0.4658356496987628
2025-11-13,99697.4921875,-0.0193353696735113,0.0206455192369224,post_etf,0.1475397321428571,224,0.4454465457222584,0.1577748717948718,0.0215150666122627,195.0,0.4813233556724979
2025-11-14,94397.7890625,-0.05315783786249,0.0254393051598263,post_etf,0.1394124183006536,306,0.4759477877164316,0.1475397321428571,0.0206455192369224,224.0,0.4454465457222584
2025-11-15,95549.1484375,0.0121968892114379,0.0271420289238945,post_etf,0.0956570731707317,205,0.4493417717663658,0.1394124183006536,0.0254393051598263,306.0,0.4759477877164316
2025-11-16,94177.078125,-0.014359838208265,0.0228586336020696,post_etf,0.1279177272727272,220,0.5086975936045927,0.0956570731707317,0.0271420289238945,205.0,0.4493417717663658
2025-11-17,92093.875,-0.0221200653755151,0.019539323825429,post_etf,0.2042182130584192,291,0.4931268994315791,0.1279177272727272,0.0228586336020696,220.0,0.5086975936045927
2025-11-18,92948.875,0.0092840050437665,0.021819437543695,post_etf,0.0997639999999999,375,0.4650114522308912,0.2042182130584192,0.019539323825429,291.0,0.4931268994315791
2025-11-19,91465.9921875,-0.0159537467505658,0.0218169256582718,post_etf,0.1733562068965517,290,0.4634702168601112,0.0997639999999999,0.021819437543695,375.0,0.4650114522308912
2025-11-20,86631.8984375,-0.0528512689185111,0.0262176796714238,post_etf,0.1361899182561308,367,0.4518257499752571,0.1733562068965517,0.0218169256582718,290.0,0.4634702168601112
2025-11-21,85090.6875,-0.0177903401090984,0.0216804293636084,post_etf,0.1142759924385633,529,0.4834391590882659,0.1361899182561308,0.0262176796714238,367.0,0.4518257499752571
2025-11-22,84648.359375,-0.0051983141515926,0.0189312219389622,post_etf,0.0975057692307692,260,0.4786328262058505,0.1142759924385633,0.0216804293636084,529.0,0.4834391590882659
2025-11-23,86805.0078125,0.0254777346356571,0.0249028005438597,post_etf,0.1585453874538745,271,0.4739849078380823,0.0975057692307692,0.0189312219389622,260.0,0.4786328262058505
2025-11-24,88270.5625,0.0168832965336012,0.0263987925574127,post_etf,0.0772003623188405,276,0.4292826725002526,0.1585453874538745,0.0249028005438597,271.0,0.4739849078380823
2025-11-25,87341.890625,-0.0105207426881414,0.0255690476097596,post_etf,0.1911877659574468,188,0.4605496849520373,0.0772003623188405,0.0263987925574127,276.0,0.4292826725002526
2025-11-26,90518.3671875,0.0363683055149117,0.0302653708507033,post_etf,0.2047269035532995,197,0.4608515909871236,0.1911877659574468,0.0255690476097596,188.0,0.4605496849520373
2025-11-27,91285.375,0.0084735047298325,0.0198786491432996,post_etf,0.167195652173913,161,0.4211319732797289,0.2047269035532995,0.0302653708507033,197.0,0.4608515909871236
2025-11-28,90919.265625,-0.0040106027389381,0.0174739437976997,post_etf,0.1960956204379562,137,0.4732833117868963,0.167195652173913,0.0198786491432996,161.0,0.4211319732797289
2025-11-29,90851.7578125,-0.0007425028351905,0.0169156014150293,post_etf,0.2849150793650793,126,0.4997213362773233,0.1960956204379562,0.0174739437976997,137.0,0.4732833117868963
2025-11-30,90394.3125,-0.0050350738776466,0.0162641270058973,post_etf,0.1924062015503876,129,0.4512603173598807,0.2849150793650793,0.0169156014150293,126.0,0.4997213362773233
2025-12-01,86321.5703125,-0.0450552924720789,0.0242106744262974,post_etf,0.1330599999999999,220,0.481373056937346,0.1924062015503876,0.0162641270058973,129.0,0.4512603173598807
2025-12-02,91350.203125,0.0582546493801656,0.0329833396083414,post_etf,0.1665869999999999,200,0.4716179140099275,0.1330599999999999,0.0242106744262974,220.0,0.481373056937346
2025-12-03,93527.8046875,0.0238379498677223,0.0314200545938261,post_etf,0.1271429347826087,184,0.4372509571317728,0.1665869999999999,0.0329833396083414,200.0,0.4716179140099275
2025-12-04,92141.625,-0.0148210437755016,0.0322268460485705,post_etf,0.1370608187134503,171,0.4564384640406595,0.1271429347826087,0.0314200545938261,184.0,0.4372509571317728
2025-12-05,89387.7578125,-0.0298873303732162,0.0344112688396543,post_etf,0.1567872832369942,173,0.4943596124940332,0.1370608187134503,0.0322268460485705,171.0,0.4564384640406595
2025-12-06,89272.375,-0.0012908122468182,0.0344087624822861,post_etf,0.20806213592233,103,0.4399084833784571,0.1567872832369942,0.0344112688396543,173.0,0.4943596124940332
2025-12-07,90405.640625,0.0126944715540502,0.0347984021362305,post_etf,0.2639853658536585,123,0.4370521628624836,0.20806213592233,0.0344087624822861,103.0,0.4399084833784571
2025-12-08,90640.203125,0.0025945560296725,0.0284814278158213,post_etf,0.1777070967741935,155,0.4275626832011791,0.2639853658536585,0.0347984021362305,123.0,0.4370521628624836
2025-12-09,92691.7109375,0.0226335306163294,0.0196955979723777,post_etf,0.1432426035502958,169,0.4512438924085714,0.1777070967741935,0.0284814278158213,155.0,0.4275626832011791
2025-12-10,92020.9453125,-0.0072365222112718,0.0173858582534384,post_etf,0.1584246575342465,146,0.4698074968297847,0.1432426035502958,0.0196955979723777,169.0,0.4512438924085714
2025-12-11,92511.3359375,0.0053291196187417,0.0165956878684328,post_etf,0.1759625,144,0.4881387040464136,0.1584246575342465,0.0173858582534384,146.0,0.4698074968297847
2025-12-12,90270.4140625,-0.0242232138612067,0.014908620013014,post_etf,0.2122807947019867,151,0.4783787703922812,0.1759625,0.0165956878684328,144.0,0.4881387040464136
2025-12-13,90298.7109375,0.0003134678764229,0.0148708480949783,post_etf,0.1170457364341085,129,0.4819383432763587,0.2122807947019867,0.014908620013014,151.0,0.4783787703922812
2025-12-14,88175.1796875,-0.0235167393637523,0.0166165668984474,post_etf,0.153351282051282,156,0.3802360198252386,0.1170457364341085,0.0148708480949783,129.0,0.4819383432763587
2025-12-15,86419.78125,-0.019908078936967,0.0174113912751352,post_etf,0.1257554285714285,175,0.466951565902206,0.153351282051282,0.0166165668984474,156.0,0.3802360198252386
2025-12-16,87843.984375,0.0164800593614091,0.0157633631310383,post_etf,0.1696962566844919,187,0.4344475590276138,0.1257554285714285,0.0174113912751352,175.0,0.466951565902206
2025-12-17,86143.7578125,-0.0193550710910589,0.0163782796407513,post_etf,0.0955237804878048,164,0.5128075126339716,0.1696962566844919,0.0157633631310383,187.0,0.4344475590276138
2025-12-18,85462.5078125,-0.0079082921072796,0.015128403691655,post_etf,0.1215295918367347,196,0.4632132107431869,0.0955237804878048,0.0163782796407513,164.0,0.5128075126339716
2025-12-19,88103.3828125,0.0309009771371784,0.0205651793938189,post_etf,0.1654978021978022,182,0.4551170823746082,0.1215295918367347,0.015128403691655,196.0,0.4632132107431869
2025-12-20,88344.0,0.0027310777386615,0.0206557818812346,post_etf,0.1345907692307692,130,0.4938963539461131,0.1654978021978022,0.0205651793938189,182.0,0.4551170823746082
2025-12-21,88621.75,0.0031439599746445,0.0185831846864742,post_etf,0.116442748091603,131,0.4847718269026612,0.1345907692307692,0.0206557818812346,130.0,0.4938963539461131
2025-12-22,88490.015625,-0.0014864790528285,0.0163165655404765,post_etf,0.1719222222222222,207,0.4586275813105087,0.116442748091603,0.0185831846864742,131.0,0.4847718269026612
2025-12-23,87414.0,-0.0121597404791959,0.0161090115336225,post_etf,0.1272080882352941,136,0.5040662017154828,0.1719222222222222,0.0163165655404765,207.0,0.4586275813105087
2025-12-24,87611.9609375,0.0022646365284737,0.0138219119696658,post_etf,0.1764309523809523,126,0.543690915055867,0.1272080882352941,0.0161090115336225,136.0,0.5040662017154828
2025-12-25,87234.7421875,-0.0043055622310417,0.0134313977011754,post_etf,0.1987414634146341,164,0.4206209483568528,0.1764309523809523,0.0138219119696658,126.0,0.543690915055867
2025-12-26,87301.4296875,0.0007644603322913,0.0054767500783942,post_etf,0.1529100671140939,149,0.4538811532955377,0.1987414634146341,0.0134313977011754,164.0,0.4206209483568528
2025-12-27,87802.15625,0.0057356055255037,0.0059425635063716,post_etf,0.2186314685314685,143,0.4484362293004844,0.1529100671140939,0.0054767500783942,149.0,0.4538811532955377
2025-12-28,87835.8359375,0.0003835861092533,0.0057197380463853,post_etf,0.1855226086956521,115,0.4299245788733772,0.2186314685314685,0.0059425635063716,143.0,0.4484362293004844
2025-12-29,87138.140625,-0.0079431738202667,0.0062580725520631,post_etf,0.0897168918918918,148,0.4461858360873504,0.1855226086956521,0.0057197380463853,115.0,0.4299245788733772
2025-12-30,88430.1328125,0.0148269423496205,0.0073096169561968,post_etf,0.2312260869565217,161,0.4780956949871201,0.0897168918918918,0.0062580725520631,148.0,0.4461858360873504
