date,price,return,volatility,regime
2022-01-08,41733.94140625,0.004235994902819673,0.018958435285101865,pre_etf
2022-01-09,41911.6015625,0.004256970472081845,0.02054287730274545,pre_etf
2022-01-10,41821.26171875,-0.0021554853640055605,0.021263159498974275,pre_etf
2022-01-11,42735.85546875,0.021869109453241498,0.025427188169673137,pre_etf
2022-01-12,43949.1015625,0.028389418684672707,0.021515668480150577,pre_etf
2022-01-13,42591.5703125,-0.030888714484173407,0.024629922649597468,pre_etf
2022-01-14,43099.69921875,0.011930269358978673,0.019231065010005974,pre_etf
2022-01-15,43177.3984375,0.001802778677309158,0.019277056930254274,pre_etf
2022-01-16,43113.87890625,-0.0014711291913973579,0.019436220885059176,pre_etf
2022-01-17,42250.55078125,-0.020024366790964976,0.021477908307053706,pre_etf
2022-01-18,42375.6328125,0.0029604828561313745,0.019621168720155277,pre_etf
2022-01-19,41744.328125,-0.014897823244158781,0.015099357526529578,pre_etf
2022-01-20,40680.41796875,-0.02548634039729203,0.013767717193444544,pre_etf
2022-01-21,36457.31640625,-0.10381165615712484,0.03733591068413639,pre_etf
2022-01-22,35030.25,-0.039143484680769114,0.03598745969643565,pre_etf
2022-01-23,36276.8046875,0.03558509252717301,0.04277050113473708,pre_etf
2022-01-24,36654.328125,0.010406744495611076,0.044691450335138355,pre_etf
2022-01-25,36954.00390625,0.008175727030871549,0.04516339390796946,pre_etf
2022-01-26,36852.12109375,-0.002757016878562668,0.04555411258948095,pre_etf
2022-01-27,37138.234375,0.007763821260712289,0.046216242923625396,pre_etf
2022-01-28,37784.33203125,0.017397102127314046,0.0228912983958742,pre_etf
2022-01-29,38138.1796875,0.00936493083845824,0.011865015173069239,pre_etf
2022-01-30,37917.6015625,-0.005783656346668664,0.007990400640177692,pre_etf
2022-01-31,38483.125,0.01491453610450133,0.00853345088535737,pre_etf
2022-02-01,38743.2734375,0.00676006528835682,0.008518002056467841,pre_etf
2022-02-02,36952.984375,-0.046209029430310355,0.02192781958955857,pre_etf
2022-02-03,37154.6015625,0.005456046132945147,0.02181926049605637,pre_etf
2022-02-04,41500.875,0.116978066100073,0.04961015926760146,pre_etf
2022-02-05,41441.1640625,-0.001438787435204647,0.04996323701153374,pre_etf
2022-02-06,42412.43359375,0.023437312952531153,0.049353784086296565,pre_etf
2022-02-07,43840.28515625,0.033665872045371525,0.049721114899733895,pre_etf
2022-02-08,44118.4453125,0.0063448528050995545,0.04973951805644126,pre_etf
2022-02-09,44338.796875,0.004994545046617338,0.04150689361592402,pre_etf
2022-02-10,43565.11328125,-0.01744935921313273,0.044302843495468765,pre_etf
2022-02-11,42407.9375,-0.026561982607033352,0.021152102088444005,pre_etf
2022-02-12,42244.46875,-0.0038546734323026133,0.021261443042245764,pre_etf
2022-02-13,42197.515625,-0.001111462077505676,0.019246005769174384,pre_etf
2022-02-14,42586.91796875,0.009228086961576842,0.013298929687219583,pre_etf
2022-02-15,44575.203125,0.04668769779745485,0.023436493105139174,pre_etf
2022-02-16,43961.859375,-0.013759752216496501,0.024061362401506692,pre_etf
2022-02-17,40538.01171875,-0.07788223029977337,0.037849132048871546,pre_etf
2022-02-18,40030.9765625,-0.012507647384577658,0.03716648733409988,pre_etf
2022-02-19,40122.15625,0.0022777282826873524,0.03734134518139032,pre_etf
2022-02-20,38431.37890625,-0.04214073972532317,0.039472818116235105,pre_etf
2022-02-21,37075.28125,-0.03528620868790788,0.038955222318461574,pre_etf
2022-02-22,38286.02734375,0.03265642371222732,0.035194701716835634,pre_etf
2022-02-23,37296.5703125,-0.025843815613622922,0.035079475088837686,pre_etf
2022-02-24,38332.609375,0.027778400368163814,0.0296824540524956,pre_etf
2022-02-25,39214.21875,0.022998939789759643,0.0316676365465198,pre_etf
2022-02-26,39105.1484375,-0.002781397053842838,0.03159785239350972,pre_etf
2022-02-27,37709.78515625,-0.03568234201898368,0.030341696521210253,pre_etf
2022-02-28,43193.234375,0.1454118392886461,0.05999022947591231,pre_etf
2022-03-01,44354.63671875,0.026888524570001016,0.059883105346997395,pre_etf
2022-03-02,43924.1171875,-0.009706302725009275,0.0579841647959039,pre_etf
2022-03-03,42451.7890625,-0.03351981142193561,0.06198310294109387,pre_etf
2022-03-04,39137.60546875,-0.07806935036049167,0.07122582200866547,pre_etf
2022-03-05,39400.5859375,0.00671938064683042,0.07121467801022827,pre_etf
2022-03-06,38419.984375,-0.024887994408395286,0.07034526751719429,pre_etf
2022-03-07,38062.0390625,-0.009316643885282638,0.033327763187698235,pre_etf
2022-03-08,38737.26953125,0.017740259990833174,0.03142612090922556,pre_etf
2022-03-09,41982.92578125,0.08378639716414904,0.05017176442201665,pre_etf
2022-03-10,39437.4609375,-0.060630954045771346,0.05363444477455027,pre_etf
2022-03-11,38794.97265625,-0.016291319622939393,0.04477084881069084,pre_etf
2022-03-12,38904.01171875,0.002810649293818468,0.044691392145728745,pre_etf
2022-03-13,37849.6640625,-0.027101257933814904,0.04489616879516754,pre_etf
2022-03-14,39666.75390625,0.0480080837903738,0.048287298503638186,pre_etf
2022-03-15,39338.78515625,-0.008268101563720931,0.04831505653305693,pre_etf
2022-03-16,41143.9296875,0.04588714481344902,0.039004194291462235,pre_etf
2022-03-17,40951.37890625,-0.00467993171076464,0.029652682535788805,pre_etf
2022-03-18,41801.15625,0.020750884742987363,0.02833625031297516,pre_etf
2022-03-19,42190.65234375,0.009317830622209256,0.028126547638915884,pre_etf
2022-03-20,41247.82421875,-0.022346848712323064,0.027062583246596928,pre_etf
2022-03-21,41077.99609375,-0.004117262624553253,0.022505075038507617,pre_etf
2022-03-22,42358.80859375,0.031180014163224357,0.023482313550536642,pre_etf
2022-03-23,42892.95703125,0.012610091153007819,0.01791746730896165,pre_etf
2022-03-24,43960.93359375,0.024898646221148013,0.01843134325092154,pre_etf
2022-03-25,44348.73046875,0.008821397620525806,0.017849278299037798,pre_etf
2022-03-26,44500.828125,0.003429583093865096,0.01794956343259875,pre_etf
2022-03-27,46820.4921875,0.052126312256127294,0.019146084487748936,pre_etf
2022-03-28,47128.00390625,0.0065678873583499,0.017395605371077077,pre_etf
2022-03-29,47465.73046875,0.0071661546110000085,0.017177819896640422,pre_etf
2022-03-30,47062.6640625,-0.008491735032190584,0.0196512590619767,pre_etf
2022-03-31,45538.67578125,-0.03238210822970233,0.025244942816221597,pre_etf
2022-04-01,46281.64453125,0.016315115388267687,0.025574918430453494,pre_etf
2022-04-02,45868.94921875,-0.008917040798352427,0.026230476533913416,pre_etf
2022-04-03,46453.56640625,0.012745379989237415,0.016913259275818812,pre_etf
2022-04-04,46622.67578125,0.003640395949819908,0.016730158058916155,pre_etf
2022-04-05,45555.9921875,-0.02287907280900814,0.017969132058973214,pre_etf
2022-04-06,43206.73828125,-0.05156849392240015,0.02505835330149822,pre_etf
2022-04-07,43503.84765625,0.006876459247305178,0.024074667252949683,pre_etf
2022-04-08,42287.6640625,-0.02795577079433975,0.02294571521008146,pre_etf
2022-04-09,42782.13671875,0.011693070951357853,0.02474572845753716,pre_etf
2022-04-10,42207.671875,-0.013427680050824398,0.02269260345765583,pre_etf
2022-04-11,39521.90234375,-0.06363225953812457,0.027927147286298547,pre_etf
2022-04-12,40127.18359375,0.015315083892861292,0.03145903626918247,pre_etf
2022-04-13,41166.73046875,0.025906300465151855,0.031113798651895383,pre_etf
2022-04-14,39935.515625,-0.029908006531745968,0.031588522970053545,pre_etf
2022-04-15,40553.46484375,0.015473675726454417,0.03212755248323222,pre_etf
2022-04-16,40424.484375,-0.0031805042860567623,0.03128075457672723,pre_etf
2022-04-17,39716.953125,-0.017502542356175654,0.03144398472173549,pre_etf
2022-04-18,40826.21484375,0.027929174608607443,0.02225099149551383,pre_etf
2022-04-19,41502.75,0.016571096753378534,0.022354159366619206,pre_etf
2022-04-20,41374.37890625,-0.003093074404708074,0.020448853076685185,pre_etf
2022-04-21,40527.36328125,-0.020471984048854197,0.01827507248817667,pre_etf
2022-04-22,39740.3203125,-0.019420038833716236,0.01881672582289146,pre_etf
2022-04-23,39486.73046875,-0.0063811726165236005,0.01886808036589334,pre_etf
2022-04-24,39469.29296875,-0.0004416040475622163,0.017782656300474663,pre_etf
2022-04-25,40458.30859375,0.025057850055308917,0.017027733341738946,pre_etf
2022-04-26,38117.4609375,-0.057858267871623625,0.02532232493778664,pre_etf
2022-04-27,39241.12109375,0.029478882606909007,0.029788062021158856,pre_etf
2022-04-28,39773.828125,0.013575224570606004,0.030028588607136225,pre_etf
2022-04-29,38609.82421875,-0.02926557389929385,0.031173726499968486,pre_etf
2022-04-30,37714.875,-0.023179313474195662,0.03204960952728196,pre_etf
2022-05-01,38469.09375,0.019997911964443782,0.033546172133928555,pre_etf
2022-05-02,38529.328125,0.001565786170879102,0.03135503283403447,pre_etf
2022-05-03,37750.453125,-0.020215120218891713,0.023269526966578264,pre_etf
2022-05-04,39698.37109375,0.051599856624237495,0.028934666624228087,pre_etf
2022-05-05,36575.140625,-0.07867402068901796,0.041198653387369825,pre_etf
2022-05-06,36040.921875,-0.014606061408683924,0.04049186954786743,pre_etf
2022-05-07,35501.953125,-0.014954355270636377,0.040132046397946305,pre_etf
2022-05-08,34059.265625,-0.040636848764922684,0.03964827080445542,pre_etf
2022-05-09,30296.953125,-0.11046369999353145,0.051846415647788524,pre_etf
2022-05-10,31022.90625,0.02396125848050934,0.05611320417715928,pre_etf
2022-05-11,28936.35546875,-0.06725839173272163,0.04563303655549855,pre_etf
2022-05-12,29047.751953125,0.003849706798608521,0.045610863247018095,pre_etf
2022-05-13,29283.103515625,0.008102229834508146,0.04776475181549301,pre_etf
2022-05-14,30101.265625,0.027939733537411415,0.052284812393059966,pre_etf
2022-05-15,31305.11328125,0.03999325713567892,0.05624493113264118,pre_etf
2022-05-16,29862.91796875,-0.046069001557128786,0.04014120881071612,pre_etf
2022-05-17,30425.857421875,0.018850785235190015,0.03964747833263338,pre_etf
2022-05-18,28720.271484375,-0.05605711989808215,0.03669473003092073,pre_etf
2022-05-19,30314.333984375,0.05550304428240649,0.04245324971561258,pre_etf
2022-05-20,29200.740234375,-0.036734890846488066,0.04551292593330028,pre_etf
2022-05-21,29432.2265625,0.007927413013061102,0.04410810309457758,pre_etf
2022-05-22,30323.72265625,0.030289794482822652,0.04268435274153101,pre_etf
2022-05-23,29098.91015625,-0.04039123144227663,0.04179087881962052,pre_etf
2022-05-24,29655.5859375,0.019130468401079792,0.04181531610985988,pre_etf
2022-05-25,29562.361328125,-0.003143576713387941,0.03479946837670852,pre_etf
2022-05-26,29267.224609375,-0.009983529917456657,0.02671474272260744,pre_etf
2022-05-27,28627.57421875,-0.02185551924250806,0.024216172734969874,pre_etf
2022-05-28,28814.900390625,0.006543557286537771,0.0241216068177744,pre_etf
2022-05-29,29445.95703125,0.02190035821988534,0.022348323444328078,pre_etf
2022-05-30,31726.390625,0.07744470968730455,0.03244286667591147,pre_etf
2022-05-31,31792.310546875,0.0020777630413166825,0.03253386331768769,pre_etf
2022-06-01,29799.080078125,-0.06269536357891181,0.04283050548399733,pre_etf
2022-06-02,30467.48828125,0.02243049790035867,0.04308069640404065,pre_etf
2022-06-03,29704.390625,-0.02504629358369581,0.04344665806622627,pre_etf
2022-06-04,29832.9140625,0.004326748833952898,0.04345091074674635,pre_etf
2022-06-05,29906.662109375,0.00247203631266113,0.04286592264101682,pre_etf
2022-06-06,31370.671875,0.048952630028413324,0.035305014584720504,pre_etf
2022-06-07,31155.478515625,-0.006859698773187373,0.03533385022599024,pre_etf
2022-06-08,30214.35546875,-0.03020730515832104,0.0273077728371085,pre_etf
2022-06-09,30111.998046875,-0.003387708269364409,0.02583906161468782,pre_etf
2022-06-10,29083.8046875,-0.03414563715680452,0.027408559930958948,pre_etf
2022-06-11,28360.810546875,-0.024858994495164377,0.028365941454652537,pre_etf
2022-06-12,26762.6484375,-0.056351073137826724,0.033405299559790554,pre_etf
2022-06-13,22487.388671875,-0.15974726027617203,0.053579073480291055,pre_etf
2022-06-14,22206.79296875,-0.012477914053041661,0.05294950709382995,pre_etf
2022-06-15,22572.83984375,0.01648355417709846,0.05795725376187712,pre_etf
2022-06-16,20381.650390625,-0.09707194434960298,0.0591112027827512,pre_etf
2022-06-17,20471.482421875,0.004407495444594733,0.06279785483230889,pre_etf
2022-06-18,19017.642578125,-0.07101780974085614,0.06249740278801166,pre_etf
2022-06-19,20553.271484375,0.0807475952890373,0.08043074897985392,pre_etf
2022-06-20,20599.537109375,0.002251010260589048,0.05859270957164138,pre_etf
2022-06-21,20710.59765625,0.0053914098304885805,0.058903689413659206,pre_etf
2022-06-22,19987.029296875,-0.034937106663198714,0.058487948226859314,pre_etf
2022-06-23,21085.876953125,0.05497803800296652,0.051007512041630156,pre_etf
2022-06-24,21231.65625,0.006913598955313738,0.05100347620624929,pre_etf
2022-06-25,21502.337890625,0.012748964915301864,0.03799964043703856,pre_etf
2022-06-26,21027.294921875,-0.02209261947079333,0.02853253723983075,pre_etf
2022-06-27,20735.478515625,-0.013877981325425726,0.029301240778241856,pre_etf
2022-06-28,20280.634765625,-0.02193553187871977,0.03046319113652003,pre_etf
2022-06-29,20104.0234375,-0.008708372798288844,0.027268423535235082,pre_etf
2022-06-30,19784.7265625,-0.01588223750298734,0.01376133344672789,pre_etf
2022-07-01,19269.3671875,-0.02604834458398897,0.01303839231177527,pre_etf
2022-07-02,19242.255859375,-0.0014069651515379311,0.00859614204874947,pre_etf
2022-07-03,19297.076171875,0.002848954556089245,0.010472679876369196,pre_etf
2022-07-04,20231.26171875,0.04841073013105235,0.02505894990893584,pre_etf
2022-07-05,20190.115234375,-0.0020338071321012174,0.0236759112649781,pre_etf
2022-07-06,20548.24609375,0.017737930428710857,0.024233187541662673,pre_etf
2022-07-07,21637.587890625,0.053013857820514154,0.028689540689410712,pre_etf
2022-07-08,21731.1171875,0.004322538045727464,0.023608202822103193,pre_etf
2022-07-09,21592.20703125,-0.006392223420980114,0.024339467828235144,pre_etf
2022-07-10,20860.44921875,-0.03388990349346599,0.030929234010854626,pre_etf
2022-07-11,19970.556640625,-0.04265931997884009,0.031997717655029394,pre_etf
2022-07-12,19323.9140625,-0.03237979740682695,0.03408333051476516,pre_etf
2022-07-13,20212.07421875,0.04596171114078618,0.0386838391202195,pre_etf
2022-07-14,20569.919921875,0.017704551212910147,0.03209937132396298,pre_etf
2022-07-15,20836.328125,0.012951348577769028,0.03275496528263333,pre_etf
2022-07-16,21190.31640625,0.01698899533192111,0.033826883669488196,pre_etf
2022-07-17,20779.34375,-0.01939436147960416,0.031954670658432986,pre_etf
2022-07-18,22485.689453125,0.08211740099467768,0.03841735396298596,pre_etf
2022-07-19,23389.43359375,0.0401919693193753,0.03188481170223568,pre_etf
2022-07-20,23231.732421875,-0.006742410894342465,0.03315442709490181,pre_etf
2022-07-21,23164.62890625,-0.0028884421706671937,0.03434090690379601,pre_etf
2022-07-22,22714.978515625,-0.01941107679491816,0.03713624828261831,pre_etf
2022-07-23,22465.478515625,-0.010983941711781742,0.03812487607690823,pre_etf
2022-07-24,22609.1640625,0.006395837363315726,0.03611873167534364,pre_etf
2022-07-25,21361.701171875,-0.05517510011323534,0.02861883761673499,pre_etf
2022-07-26,21239.75390625,-0.005708686992848544,0.019970413087000344,pre_etf
2022-07-27,22930.548828125,0.0796052030234431,0.04072474500335719,pre_etf
2022-07-28,23843.88671875,0.0398306162434614,0.043528024801120516,pre_etf
2022-07-29,23804.6328125,-0.0016462880701044735,0.042374504416089705,pre_etf
2022-07-30,23656.20703125,-0.006235163651508224,0.04206664600267601,pre_etf
2022-07-31,23336.896484375,-0.013497960448739299,0.04286943172703317,pre_etf
2022-08-01,23314.19921875,-0.0009725914343493569,0.034127238383211515,pre_etf
2022-08-02,22978.1171875,-0.014415336683737068,0.03507064274951791,pre_etf
2022-08-03,22846.5078125,-0.0057275961266136655,0.01848783200728287,pre_etf
2022-08-04,22630.95703125,-0.009434736504108754,0.005308929289193926,pre_etf
2022-08-05,23289.314453125,0.029091011085651708,0.014909544340946384,pre_etf
2022-08-06,22961.279296875,-0.014085221654344782,0.015475508153025255,pre_etf
2022-08-07,23175.890625,0.009346662498644243,0.015583754485894871,pre_etf
2022-08-08,23809.486328125,0.02733856978257987,0.018882100170913182,pre_etf
2022-08-09,23164.318359375,-0.02709709734425869,0.021302591162162036,pre_etf
2022-08-10,23947.642578125,0.033815983988709775,0.024164619829985346,pre_etf
2022-08-11,23957.529296875,0.00041284726535173455,0.02332051823574487,pre_etf
2022-08-12,24402.818359375,0.018586602023192844,0.02207197850708413,pre_etf
2022-08-13,24424.068359375,0.0008708010561344626,0.020359158735094272,pre_etf
2022-08-14,24319.333984375,-0.004288162539464846,0.020967982160176084,pre_etf
2022-08-15,24136.97265625,-0.007498615226969818,0.019439993709275887,pre_etf
2022-08-16,23883.291015625,-0.010510085263709001,0.015990802854862235,pre_etf
2022-08-17,23335.998046875,-0.02291530796119967,0.012680934544935792,pre_etf
2022-08-18,23212.73828125,-0.005281958173694035,0.012561175341309558,pre_etf
2022-08-19,20877.552734375,-0.10059931398792521,0.03567266822832798,pre_etf
2022-08-20,21166.060546875,0.013819043648011897,0.03732121955063522,pre_etf
2022-08-21,21534.12109375,0.01738918520335342,0.03963230835688868,pre_etf
2022-08-22,21398.908203125,-0.006279006699941081,0.03968119684195509,pre_etf
2022-08-23,21528.087890625,0.006036741981122917,0.040569259622238354,pre_etf
2022-08-24,21395.01953125,-0.006181150878381003,0.04044755083901482,pre_etf
2022-08-25,21600.904296875,0.009623023027591993,0.04121963004657852,pre_etf
2022-08-26,20260.01953125,-0.06207539958496022,0.02721527158939665,pre_etf
2022-08-27,20041.73828125,-0.010773990107132536,0.026103410033290766,pre_etf
2022-08-28,19616.814453125,-0.021201944769558057,0.02396694213640605,pre_etf
2022-08-29,20297.994140625,0.03472427641744291,0.03010260877893516,pre_etf
2022-08-30,19796.80859375,-0.024691382971281484,0.03010452236549298,pre_etf
2022-08-31,20049.763671875,0.012777568511970205,0.03148510483069323,pre_etf
2022-09-01,20127.140625,0.0038592451457939436,0.030994473691516373,pre_etf
2022-09-02,19969.771484375,-0.007818752974256604,0.020799538120007816,pre_etf
2022-09-03,19832.087890625,-0.006894600364241943,0.02057336103424695,pre_etf
2022-09-04,19986.712890625,0.007796708085036963,0.018740848308492195,pre_etf
2022-09-05,19812.37109375,-0.008722884940063236,0.012604025384279178,pre_etf
2022-09-06,18837.66796875,-0.04919669232863699,0.020461903908272627,pre_etf
2022-09-07,19290.32421875,0.024029314602578067,0.022594776386384827,pre_etf
2022-09-08,19329.833984375,0.0020481649337233954,0.02248279909176882,pre_etf
2022-09-09,21381.15234375,0.10612188190716765,0.047680726976173246,pre_etf
2022-09-10,21680.5390625,0.014002365912589188,0.04704249788098519,pre_etf
2022-09-11,21769.255859375,0.004092001431295067,0.0471410526124569,pre_etf
2022-09-12,22370.44921875,0.027616624254801714,0.046318671862031674,pre_etf
2022-09-13,20296.70703125,-0.09270006906083372,0.05827376790414901,pre_etf
2022-09-14,20241.08984375,-0.0027402074343571003,0.058244378505873814,pre_etf
2022-09-15,19701.2109375,-0.026672422800232853,0.05975420215689625,pre_etf
2022-09-16,19772.583984375,0.003622774615297697,0.03988349902155201,pre_etf
2022-09-17,20127.576171875,0.017953757980268437,0.04031204702254467,pre_etf
2022-09-18,19419.505859375,-0.035179114785287124,0.04078113997821214,pre_etf
2022-09-19,19544.12890625,0.006417415961943007,0.03772304354031766,pre_etf
2022-09-20,18890.7890625,-0.033428956945789956,0.02140911851338529,pre_etf
2022-09-21,18547.400390625,-0.018177571658806957,0.021331149447969978,pre_etf
2022-09-22,19413.55078125,0.04669928789927913,0.029501606052952246,pre_etf
2022-09-23,19297.638671875,-0.005970680514919002,0.029434390846359754,pre_etf
2022-09-24,18937.01171875,-0.01868762076318642,0.028303011412789195,pre_etf
2022-09-25,18802.09765625,-0.007124358610731463,0.02573791319909413,pre_etf
2022-09-26,19222.671875,0.022368473265013344,0.027493707076767106,pre_etf
2022-09-27,19110.546875,-0.005832956039052206,0.024000273551683195,pre_etf
2022-09-28,19426.720703125,0.016544467837213528,0.02271361981420768,pre_etf
2022-09-29,19573.05078125,0.007532412719634118,0.01465903338065753,pre_etf
2022-09-30,19431.7890625,-0.0072171538473359,0.014768685712472873,pre_etf
2022-10-01,19312.095703125,-0.0061596674907298254,0.012568703022073014,pre_etf
2022-10-02,19044.107421875,-0.013876706359042923,0.013674344718976543,pre_etf
2022-10-03,19623.580078125,0.030427924155919772,0.015850317924442598,pre_etf
2022-10-04,20336.84375,0.036347275524413414,0.019503018270911564,pre_etf
2022-10-05,20160.716796875,-0.008660486125090072,0.020210289700779906,pre_etf
2022-10-06,19955.443359375,-0.01018185214187517,0.021004595688506364,pre_etf
2022-10-07,19546.849609375,-0.02047530303595302,0.02261095584532139,pre_etf
2022-10-08,19416.568359375,-0.006665076603316944,0.02263864260925649,pre_etf
2022-10-09,19446.42578125,0.0015377290838616275,0.021681209166177873,pre_etf
2022-10-10,19141.484375,-0.01568110303046133,0.018845624776938234,pre_etf
2022-10-11,19051.41796875,-0.00470529894576166,0.0072144840256089795,pre_etf
2022-10-12,19157.4453125,0.005565325579645286,0.0091547738644532,pre_etf
2022-10-13,19382.904296875,0.011768739552548313,0.011447253055052972,pre_etf
2022-10-14,19185.65625,-0.010176392755898878,0.009484414014928751,pre_etf
2022-10-15,19067.634765625,-0.0061515479500473536,0.009449854736221513,pre_etf
2022-10-16,19268.09375,0.010513049302600663,0.01063175348817377,pre_etf
2022-10-17,19550.7578125,0.014670058500208416,0.009939937925337377,pre_etf
2022-10-18,19334.416015625,-0.011065647631146036,0.011002918426518828,pre_etf
2022-10-19,19139.53515625,-0.010079479991405349,0.011758998175907143,pre_etf
2022-10-20,19053.740234375,-0.004482602172654282,0.010575798802603701,pre_etf
2022-10-21,19172.46875,0.006231244583192241,0.010380461980311676,pre_etf
2022-10-22,19208.189453125,0.0018631248583989013,0.010031723487816481,pre_etf
2022-10-23,19567.0078125,0.018680488353712166,0.011653816380240517,pre_etf
2022-10-24,19345.572265625,-0.011316781236911488,0.011170597365835496,pre_etf
2022-10-25,20095.857421875,0.03878330120960949,0.01788967574386463,pre_etf
2022-10-26,20770.44140625,0.03356831063305088,0.019054678877100162,pre_etf
2022-10-27,20285.8359375,-0.0233314959115013,0.022733033393741824,pre_etf
2022-10-28,20595.3515625,0.015257721000682789,0.02279176038926014,pre_etf
2022-10-29,20818.4765625,0.01083375534148523,0.022475148622058308,pre_etf
2022-10-30,20635.603515625,-0.008784170461560437,0.023446478213815545,pre_etf
2022-10-31,20495.7734375,-0.006776156462742766,0.022883614948249382,pre_etf
2022-11-01,20485.2734375,-0.0005123007449325812,0.018646204957088915,pre_etf
2022-11-02,20159.50390625,-0.015902620594443806,0.013837314421491342,pre_etf
2022-11-03,20209.98828125,0.0025042468919260763,0.011038128614561474,pre_etf
2022-11-04,21147.23046875,0.0463751969796804,0.02057757973124842,pre_etf
2022-11-05,21282.69140625,0.006405611254872046,0.020398426124606895,pre_etf
2022-11-06,20926.486328125,-0.01673684363155281,0.02138326595407373,pre_etf
2022-11-07,20602.81640625,-0.015466997985227438,0.022226557932466463,pre_etf
2022-11-08,18541.271484375,-0.10006131594948431,0.04425308855283533,pre_etf
2022-11-09,15880.7802734375,-0.14349022466876316,0.06630126036482217,pre_etf
2022-11-10,17586.771484375,0.10742489862358795,0.08460247380272032,pre_etf
2022-11-11,17034.29296875,-0.03141443647663533,0.07994691612295374,pre_etf
2022-11-12,16799.185546875,-0.013802006476365758,0.07887111817985733,pre_etf
2022-11-13,16353.365234375,-0.026538209918333333,0.07867267183983084,pre_etf
2022-11-14,16618.19921875,0.016194463988263186,0.08066039885333122,pre_etf
2022-11-15,16884.61328125,0.016031463998783302,0.0749601107301378,pre_etf
2022-11-16,16669.439453125,-0.0127437818409466,0.04772993331357495,pre_etf
2022-11-17,16687.517578125,0.0010845070736082985,0.019105721304584888,pre_etf
2022-11-18,16697.77734375,0.0006148167681003791,0.01594554172945522,pre_etf
2022-11-19,16711.546875,0.0008246325823211276,0.015194565651078054,pre_etf
2022-11-20,16291.83203125,-0.025115259939095247,0.014794717263499117,pre_etf
2022-11-21,15787.2841796875,-0.030969374751391165,0.016585490615560316,pre_etf
2022-11-22,16189.76953125,0.025494274188105903,0.019002412796849937,pre_etf
2022-11-23,16610.70703125,0.02600021570334854,0.022050971199712395,pre_etf
2022-11-24,16604.46484375,-0.0003757930043709612,0.022042649332406704,pre_etf
2022-11-25,16521.841796875,-0.004975953615638518,0.022096583919369313,pre_etf
2022-11-26,16464.28125,-0.0034839061881034583,0.02208746376253269,pre_etf
2022-11-27,16444.626953125,-0.0011937537130568554,0.019612063727994955,pre_etf
2022-11-28,16217.322265625,-0.013822428939733733,0.01552596364215694,pre_etf
2022-11-29,16444.982421875,0.014038085481754337,0.013323999506232512,pre_etf
2022-11-30,17168.56640625,0.044000289316970864,0.019129631928109164,pre_etf
2022-12-01,16967.1328125,-0.011732697360023692,0.02010669774146758,pre_etf
2022-12-02,17088.66015625,0.007162515027905547,0.019798956720363872,pre_etf
2022-12-03,16908.236328125,-0.010558102652595158,0.02047297555696158,pre_etf
2022-12-04,17130.486328125,0.013144481522908036,0.02058546482921453,pre_etf
2022-12-05,16974.826171875,-0.00908673304822849,0.01989024495388727,pre_etf
2022-12-06,17089.50390625,0.006755753090715411,0.0196318269336667,pre_etf
2022-12-07,16848.126953125,-0.01412428087141393,0.011197780015084554,pre_etf
2022-12-08,17233.474609375,0.022871839541696026,0.013838629705351357,pre_etf
2022-12-09,17133.15234375,-0.005821360340788395,0.013949422650356504,pre_etf
2022-12-10,17128.724609375,-0.00025843080632004245,0.013112298120897186,pre_etf
2022-12-11,17104.193359375,-0.0014321702613265819,0.012156342629733368,pre_etf
2022-12-12,17206.4375,0.005977723618808328,0.011634141104817555,pre_etf
2022-12-13,17781.318359375,0.033410801008343594,0.016707669871239894,pre_etf
2022-12-14,17815.650390625,0.0019307922256450727,0.014467992950350934,pre_etf
2022-12-15,17364.865234375,-0.02530276169357326,0.01742434148990408,pre_etf
2022-12-16,16647.484375,-0.04131220425223303,0.02380739316535145,pre_etf
2022-12-17,16795.091796875,0.008866650272798315,0.02428224608769779,pre_etf
2022-12-18,16757.9765625,-0.0022098857704312413,0.02427804940342206,pre_etf
2022-12-19,16439.6796875,-0.01899375344110854,0.024628934534787757,pre_etf
2022-12-20,16906.3046875,0.028384068842582266,0.0233189369265147,pre_etf
2022-12-21,16817.53515625,-0.005250676176186131,0.023019249146194482,pre_etf
2022-12-22,16830.341796875,0.0007615052090579333,0.02182618005160986,pre_etf
2022-12-23,16796.953125,-0.001983838015767403,0.014542521154718487,pre_etf
2022-12-24,16847.755859375,0.003024520816182319,0.01420413573672438,pre_etf
2022-12-25,16841.986328125,-0.000342451024228807,0.014161503771872438,pre_etf
2022-12-26,16919.8046875,0.004620497716771643,0.011153736547626343,pre_etf
2022-12-27,16717.173828125,-0.011975957353969946,0.005603180192813964,pre_etf
2022-12-28,16552.572265625,-0.009846255365429935,0.006325877942657411,pre_etf
2022-12-29,16642.341796875,0.0054232979508825885,0.006913699293759415,pre_etf
2022-12-30,16602.5859375,-0.002388838052975517,0.006919306245667725,pre_etf
2022-12-31,16547.49609375,-0.0033181483870876605,0.006615168927725029,pre_etf
2023-01-01,16625.080078125,0.0046885633896178724,0.007146544411884326,pre_etf
2023-01-02,16688.470703125,0.0038129515588565255,0.007030676099485492,pre_etf
2023-01-03,16679.857421875,-0.000516121662866742,0.0054651647625260725,pre_etf
2023-01-04,16863.23828125,0.010994150293785143,0.0050638291514231454,pre_etf
2023-01-05,16836.736328125,-0.0015715814888571655,0.0051200015780956554,pre_etf
2023-01-06,16951.96875,0.006844106816741524,0.0050888207017796986,pre_etf
2023-01-07,16955.078125,0.00018342264818071996,0.004503798831718878,pre_etf
2023-01-08,17091.14453125,0.008025112314249405,0.004817335231103673,pre_etf
2023-01-09,17196.5546875,0.006167530562816603,0.0048864585800080015,pre_etf
2023-01-10,17446.29296875,0.014522576515372032,0.005659028321003453,pre_etf
2023-01-11,17934.896484375,0.02800615102017323,0.009956132761959524,pre_etf
2023-01-12,18869.587890625,0.052115795988246116,0.017994528121878958,pre_etf
2023-01-13,19909.57421875,0.05511441660269112,0.02237098209785683,pre_etf
2023-01-14,20976.298828125,0.05357847423830919,0.022218966781118534,pre_etf
2023-01-15,20880.798828125,-0.004552757413617381,0.024757330422961486,pre_etf
2023-01-16,21169.6328125,0.013832516023570829,0.02371221535376612,pre_etf
2023-01-17,21161.51953125,-0.00038325091993141047,0.025937783733579606,pre_etf
2023-01-18,20688.78125,-0.022339524368838015,0.032231449683343856,pre_etf
2023-01-19,21086.79296875,0.019238045679950355,0.02920366377241329,pre_etf
2023-01-20,22676.552734375,0.07539125404137925,0.03425725746150052,pre_etf
2023-01-21,22777.625,0.004457126566322689,0.03092261641624521,pre_etf
2023-01-22,22720.416015625,-0.002511630794474806,0.030747057618914917,pre_etf
2023-01-23,22934.431640625,0.009419529327844067,0.030761051191788322,pre_etf
2023-01-24,22636.46875,-0.012991945703908492,0.031946232239821924,pre_etf
2023-01-25,23117.859375,0.021266153759075257,0.028648900811506717,pre_etf
2023-01-26,23032.77734375,-0.003680359408276712,0.029555617469864553,pre_etf
2023-01-27,23078.728515625,0.0019950339114214177,0.010858314650824211,pre_etf
2023-01-28,23031.08984375,-0.0020641809553220147,0.01094828578797315,pre_etf
2023-01-29,23774.56640625,0.03228143207915801,0.015643878150889592,pre_etf
2023-01-30,22840.138671875,-0.03930367092328346,0.023197716496124062,pre_etf
2023-01-31,23139.283203125,0.013097316769725253,0.022923548763967936,pre_etf
2023-02-01,23723.76953125,0.025259482888651652,0.02348592345842907,pre_etf
2023-02-02,23471.87109375,-0.01061797692681965,0.02400184245192717,pre_etf
2023-02-03,23449.322265625,-0.0009606745041729203,0.024047390248199324,pre_etf
2023-02-04,23331.84765625,-0.005009723012217249,0.024166602140756655,pre_etf
2023-02-05,22955.666015625,-0.01612309690031044,0.020781542543585597,pre_etf
2023-02-06,22760.109375,-0.008518883333286542,0.014604159490430453,pre_etf
2023-02-07,23264.291015625,0.022151986720186922,0.01630225570570475,pre_etf
2023-02-08,22939.3984375,-0.013965290320121615,0.012916680394073501,pre_etf
2023-02-09,21819.0390625,-0.04883996317743455,0.021229248583367,pre_etf
2023-02-10,21651.18359375,-0.007693073387383564,0.020891740507350712,pre_etf
2023-02-11,21870.875,0.010146854341645195,0.022366640081365657,pre_etf
2023-02-12,21788.203125,-0.003779998514005456,0.022195291426217005,pre_etf
2023-02-13,21808.1015625,0.0009132665684197239,0.022388342021802395,pre_etf
2023-02-14,22220.8046875,0.018924303145655852,0.02173893026417198,pre_etf
2023-02-15,24307.841796875,0.09392266116037784,0.04313633173210049,pre_etf
2023-02-16,23623.474609375,-0.028154173176657027,0.03901877779030282,pre_etf
2023-02-17,24565.6015625,0.03988096453648349,0.039151820739667186,pre_etf
2023-02-18,24641.27734375,0.0030805588480080637,0.039502729124807796,pre_etf
2023-02-19,24327.642578125,-0.012728023845912761,0.04045182105125728,pre_etf
2023-02-20,24829.1484375,0.020614650916729094,0.039863773182479544,pre_etf
2023-02-21,24436.353515625,-0.01581991113645098,0.04203156588772745,pre_etf
2023-02-22,24188.84375,-0.01012875204423358,0.023561808749591625,pre_etf
2023-02-23,23947.4921875,-0.00997780485063493,0.020846891486781847,pre_etf
2023-02-24,23198.126953125,-0.03129201289670536,0.01620717121061739,pre_etf
2023-02-25,23175.375,-0.0009807668166905703,0.015810741636545077,pre_etf
2023-02-26,23561.212890625,0.016648614774302573,0.018248245090571085,pre_etf
2023-02-27,23522.87109375,-0.0016273269569350157,0.014767132859211666,pre_etf
2023-02-28,23147.353515625,-0.01596393470118429,0.014780593614425724,pre_etf
2023-03-01,23646.55078125,0.02156606219747892,0.018315094748952897,pre_etf
2023-03-02,23475.466796875,-0.007235050302163204,0.01817195123552487,pre_etf
2023-03-03,22362.6796875,-0.047402129167592566,0.022822106274476665,pre_etf
2023-03-04,22353.349609375,-0.0004172164631153219,0.022839631593408776,pre_etf
2023-03-05,22435.513671875,0.0036756935285233716,0.021270341162449184,pre_etf
2023-03-06,22429.7578125,-0.00025655126328649747,0.02133182059663428,pre_etf
2023-03-07,22219.76953125,-0.00936203961743065,0.020990806763925944,pre_etf
2023-03-08,21718.080078125,-0.022578517406286358,0.017854273465042113,pre_etf
2023-03-09,20363.021484375,-0.06239311158608585,0.025824620609210956,pre_etf
2023-03-10,20187.244140625,-0.008632183779056501,0.022916740132404974,pre_etf
2023-03-11,20632.41015625,0.022051846825845045,0.026478893221327356,pre_etf
2023-03-12,22163.94921875,0.07422977009964415,0.041941186332649254,pre_etf
2023-03-13,24197.533203125,0.09175187888693825,0.05468975516698817,pre_etf
2023-03-14,24746.07421875,0.022669294883089997,0.05392428306897303,pre_etf
2023-03-15,24375.9609375,-0.014956444322371198,0.05306845518603561,pre_etf
2023-03-16,25052.7890625,0.027766213062754286,0.03958449658287879,pre_etf
2023-03-17,27423.9296875,0.0946457745317153,0.04167423726756683,pre_etf
2023-03-18,26965.87890625,-0.01670259464889101,0.04747184768413096,pre_etf
2023-03-19,28038.67578125,0.039783493752593824,0.045045263009250075,pre_etf
2023-03-20,27767.236328125,-0.00968089417783835,0.03974718330183497,pre_etf
2023-03-21,28175.81640625,0.014714466837708162,0.03978863866598148,pre_etf
2023-03-22,27307.4375,-0.030820008681536337,0.04243329241325319,pre_etf
2023-03-23,28333.97265625,0.03759177902540278,0.04300356758381549,pre_etf
2023-03-24,27493.28515625,-0.02967065403073854,0.030031690856829666,pre_etf
2023-03-25,27494.70703125,5.17171735541222e-05,0.029061351787571476,pre_etf
2023-03-26,27994.330078125,0.018171608313816145,0.025442056570410442,pre_etf
2023-03-27,27139.888671875,-0.03052194511765327,0.027873944792778278,pre_etf
2023-03-28,27268.130859375,0.004725228944394866,0.02706423865495444,pre_etf
2023-03-29,28348.44140625,0.0396180637553154,0.028632809752482807,pre_etf
2023-03-30,28033.5625,-0.0111074503792854,0.02531977148531153,pre_etf
2023-03-31,28478.484375,0.015871042968584437,0.022492345386365933,pre_etf
2023-04-01,28411.03515625,-0.0023684272611504964,0.02260403893102631,pre_etf
2023-04-02,28199.30859375,-0.00745226498561502,0.022169595956310597,pre_etf
2023-04-03,27790.220703125,-0.014507018470504951,0.01893439618384852,pre_etf
2023-04-04,28168.08984375,0.0135971982612757,0.019319973111284607,pre_etf
2023-04-05,28177.984375,0.000351267384649967,0.011742847860224972,pre_etf
2023-04-06,28044.140625,-0.004749940528704033,0.011037661237135218,pre_etf
2023-04-07,27925.859375,-0.004217681389550476,0.008597341040216974,pre_etf
2023-04-08,27947.794921875,0.0007854922772632111,0.008703505085576983,pre_etf
2023-04-09,28333.05078125,0.013784839213681899,0.010188355670769117,pre_etf
2023-04-10,29652.98046875,0.04658621825410658,0.01808034486584774,pre_etf
2023-04-11,30235.05859375,0.019629666758571807,0.018451028177392144,pre_etf
2023-04-12,30139.052734375,-0.003175315803583212,0.018812864431096955,pre_etf
2023-04-13,30399.06640625,0.00862713483952482,0.017736445079828835,pre_etf
2023-04-14,30485.69921875,0.002849851088919886,0.016857553758571783,pre_etf
2023-04-15,30318.49609375,-0.005484641300179338,0.01774123549839273,pre_etf
2023-04-16,30315.35546875,-0.00010358775680330279,0.018255469597091418,pre_etf
2023-04-17,29445.044921875,-0.028708571396173888,0.014868541734485582,pre_etf
2023-04-18,30397.552734375,0.032348662229154,0.018200618170173776,pre_etf
2023-04-19,28822.6796875,-0.0518092051895368,0.027117268086779982,pre_etf
2023-04-20,28245.98828125,-0.020008250880993006,0.026692448604738458,pre_etf
2023-04-21,27276.91015625,-0.034308522518338824,0.027367057664260386,pre_etf
2023-04-22,27817.5,0.01981858797984626,0.030403636364408664,pre_etf
2023-04-23,27591.384765625,-0.008128524647254443,0.030037111863976104,pre_etf
2023-04-24,27525.33984375,-0.002393679129772508,0.02937868690599986,pre_etf
2023-04-25,28307.59765625,0.02841955147295372,0.028475973835631777,pre_etf
2023-04-26,28422.701171875,0.004066170397882152,0.021770557711547463,pre_etf
2023-04-27,29473.787109375,0.036980508331842854,0.02432799119798259,pre_etf
2023-04-28,29340.26171875,-0.00453030993708059,0.017746644709423696,pre_etf
2023-04-29,29248.48828125,-0.0031279011203009244,0.017879806549644283,pre_etf
2023-04-30,29268.806640625,0.000694680667924441,0.016892434502085225,pre_etf
2023-05-01,28091.568359375,-0.04022160164248023,0.02506461280243123,pre_etf
2023-05-02,28680.537109375,0.020966033026897257,0.02394725249536964,pre_etf
2023-05-03,29006.30859375,0.01135862564681589,0.024203370241830096,pre_etf
2023-05-04,28847.7109375,-0.005467695268338013,0.019096345248462498,pre_etf
2023-05-05,29534.384765625,0.023803407820215394,0.021540577495114673,pre_etf
2023-05-06,28904.623046875,-0.021323001096775096,0.023177534408856854,pre_etf
2023-05-07,28454.978515625,-0.015556145829018653,0.023733456036671912,pre_etf
2023-05-08,27694.2734375,-0.026733637409259936,0.020625533615286983,pre_etf
2023-05-09,27658.775390625,-0.0012817829272578907,0.018080849258252065,pre_etf
2023-05-10,27621.755859375,-0.0013384371045779275,0.016750860276268015,pre_etf
2023-05-11,27000.7890625,-0.022481076150133283,0.01772415101485986,pre_etf
2023-05-12,26804.990234375,-0.007251596524522896,0.010465340169544814,pre_etf
2023-05-13,26784.078125,-0.0007801573211611013,0.010847817164878586,pre_etf
2023-05-14,26930.638671875,0.005471927993601522,0.012137905941963198,pre_etf
2023-05-15,27192.693359375,0.009730726801279843,0.010333828468054829,pre_etf
2023-05-16,27036.650390625,-0.005738415341494774,0.010379032919383678,pre_etf
2023-05-17,27398.802734375,0.013394867282656264,0.0121600815893835,pre_etf
2023-05-18,26832.208984375,-0.02067950762275983,0.011639907807508561,pre_etf
2023-05-19,26890.12890625,0.0021585968530852817,0.011314317048782404,pre_etf
2023-05-20,27129.5859375,0.008905016115201336,0.011715567574103776,pre_etf
2023-05-21,26753.826171875,-0.013850552916312875,0.012943453841058373,pre_etf
2023-05-22,26851.27734375,0.0036425134576618667,0.012301143768573228,pre_etf
2023-05-23,27225.7265625,0.013945303754316907,0.013432113442830433,pre_etf
2023-05-24,26334.818359375,-0.03272302765106416,0.017171220735534898,pre_etf
2023-05-25,26476.20703125,0.005368887301425707,0.01612785116867675,pre_etf
2023-05-26,26719.291015625,0.009181223884829448,0.016625398169151914,pre_etf
2023-05-27,26868.353515625,0.005578834405180588,0.016347328005995507,pre_etf
2023-05-28,28085.646484375,0.0453058267244435,0.022781432348090408,pre_etf
2023-05-29,27745.884765625,-0.0120973437068298,0.02393689679900717,pre_etf
2023-05-30,27702.349609375,-0.0015690671469931194,0.023680679771048683,pre_etf
2023-05-31,27219.658203125,-0.01742420455507676,0.020333751645964977,pre_etf
2023-06-01,26819.97265625,-0.014683709247646393,0.021628991860065346,pre_etf
2023-06-02,27249.58984375,0.01601855426947596,0.022153184909449456,pre_etf
2023-06-03,27075.12890625,-0.0064023326039167605,0.022384032217513825,pre_etf
2023-06-04,27119.06640625,0.001622799291266075,0.011531518065481406,pre_etf
2023-06-05,25760.09765625,-0.05011119223804861,0.02074091707406512,pre_etf
2023-06-06,27238.783203125,0.057402171630208665,0.033164326802056845,pre_etf
2023-06-07,26345.998046875,-0.03277624957004588,0.034825012457206886,pre_etf
2023-06-08,26508.216796875,0.0061572444403654725,0.034663153066860006,pre_etf
2023-06-09,26480.375,-0.0010503081775867784,0.03384436112634349,pre_etf
2023-06-10,25851.240234375,-0.02375852931180167,0.03470910762159045,pre_etf
2023-06-11,25940.16796875,0.0034399794195076883,0.03478298007647506,pre_etf
2023-06-12,25902.5,-0.001452109670044499,0.028802950623229115,pre_etf
2023-06-13,25918.728515625,0.0006265231396582749,0.015009477015416071,pre_etf
2023-06-14,25124.67578125,-0.030636253390914137,0.014405991496152576,pre_etf
2023-06-15,25576.39453125,0.017979087727655774,0.01667440075656683,pre_etf
2023-06-16,26327.462890625,0.029365685552642073,0.021213842815312207,pre_etf
2023-06-17,26510.67578125,0.006959002900740696,0.018655903559530677,pre_etf
2023-06-18,26336.212890625,-0.006580854145875503,0.01906407151872285,pre_etf
2023-06-19,26851.029296875,0.019547852547670663,0.020000319845380917,pre_etf
2023-06-20,28327.48828125,0.05498705349618893,0.027148925466557543,pre_etf
2023-06-21,30027.296875,0.06000562340273241,0.024283006696159026,pre_etf
2023-06-22,29912.28125,-0.0038303689299371557,0.026761893485039955,pre_etf
2023-06-23,30695.46875,0.02618280743799839,0.02666101457696775,pre_etf
2023-06-24,30548.6953125,-0.0047815994828226405,0.028128164450232373,pre_etf
2023-06-25,30480.26171875,-0.002240147837737516,0.027464199578808707,pre_etf
2023-06-26,30271.130859375,-0.006861189753050945,0.029501020907249893,pre_etf
2023-06-27,30688.1640625,0.013776598074988877,0.02449204128508343,pre_etf
2023-06-28,30086.24609375,-0.01961401038928634,0.014992683611806982,pre_etf
2023-06-29,30445.3515625,0.011935868224670187,0.015433239985963243,pre_etf
2023-06-30,30477.251953125,0.0010477918298796851,0.01144946486036274,pre_etf
2023-07-01,30590.078125,0.0037019798257575953,0.011426794326563556,pre_etf
2023-07-02,30620.76953125,0.0010033124506771962,0.01137465336366624,pre_etf
2023-07-03,31156.439453125,0.01749367929268808,0.01235439672656053,pre_etf
2023-07-04,30777.58203125,-0.012159843310882601,0.012879014907247237,pre_etf
2023-07-05,30514.166015625,-0.0085586975402272,0.010452502769898939,pre_etf
2023-07-06,29909.337890625,-0.019821224171432172,0.012200484038862699,pre_etf
2023-07-07,30342.265625,0.014474667943441766,0.013796828519315444,pre_etf
2023-07-08,30292.541015625,-0.0016387902600796256,0.013669440102607755,pre_etf
2023-07-09,30171.234375,-0.004004505286051452,0.013658911039144413,pre_etf
2023-07-10,30414.470703125,0.008061862007427312,0.011742696843092208,pre_etf
2023-07-11,30620.951171875,0.006788889103658935,0.011563590960593208,pre_etf
2023-07-12,30391.646484375,-0.007488490028050299,0.011448426651007234,pre_etf
2023-07-13,31476.048828125,0.03568093437476372,0.014629322749344472,pre_etf
2023-07-14,30334.068359375,-0.036280934592069825,0.021506348818299985,pre_etf
2023-07-15,30295.806640625,-0.001261344778969442,0.021501560295991592,pre_etf
2023-07-16,30249.1328125,-0.001540603578530031,0.021441079255292917,pre_etf
2023-07-17,30145.888671875,-0.0034131272874816654,0.02120985809906533,pre_etf
2023-07-18,29856.5625,-0.009597533349379406,0.02110146272560304,pre_etf
2023-07-19,29913.923828125,0.0019212301525000086,0.021098392287735607,pre_etf
2023-07-20,29792.015625,-0.0040752996439197275,0.013063507939744924,pre_etf
2023-07-21,29908.744140625,0.0039181140710413676,0.004381452386348582,pre_etf
2023-07-22,29771.802734375,-0.004578641136054662,0.004465953319972612,pre_etf
2023-07-23,30084.5390625,0.010504447141318263,0.006666781178075735,pre_etf
2023-07-24,29176.916015625,-0.03016908602087709,0.013052816619674045,pre_etf
2023-07-25,29227.390625,0.0017299501204297574,0.01302958148423176,pre_etf
2023-07-26,29354.97265625,0.004365152978824893,0.013213746742844834,pre_etf
2023-07-27,29210.689453125,-0.004915119656712763,0.013233013322135823,pre_etf
2023-07-28,29319.24609375,0.0037163327075591113,0.013216314345733641,pre_etf
2023-07-29,29356.91796875,0.001284885528077373,0.01326783731111998,pre_etf
2023-07-30,29275.30859375,-0.002779902682116475,0.01209138919428411,pre_etf
2023-07-31,29230.111328125,-0.0015438698273756435,0.0034468893818578156,pre_etf
2023-08-01,29675.732421875,0.015245275282999904,0.0066763838477886025,pre_etf
2023-08-02,29151.958984375,-0.01764989082843693,0.00989415703021958,pre_etf
2023-08-03,29178.6796875,0.0009166006009861949,0.009748989807498594,pre_etf
2023-08-04,29074.091796875,-0.0035843942133476636,0.009660817849862573,pre_etf
2023-08-05,29042.126953125,-0.0010994270766331304,0.009602156069731058,pre_etf
2023-08-06,29041.85546875,-9.347950838400898e-06,0.009597675552564213,pre_etf
2023-08-07,29180.578125,0.004776645775930843,0.009843512729137386,pre_etf
2023-08-08,29765.4921875,0.020044635853149417,0.01117566464040459,pre_etf
2023-08-09,29561.494140625,-0.006853508270246889,0.008734044225124802,pre_etf
2023-08-10,29429.591796875,-0.004461964714047806,0.009077862507163215,pre_etf
2023-08-11,29397.71484375,-0.001083159880198692,0.008902989107232468,pre_etf
2023-08-12,29415.96484375,0.0006207965516027425,0.008839047050376697,pre_etf
2023-08-13,29282.9140625,-0.004523080645381872,0.009157232236582285,pre_etf
2023-08-14,29408.443359375,0.004286776125049352,0.00912731952314561,pre_etf
2023-08-15,29170.34765625,-0.008096168172366025,0.004378851503459989,pre_etf
2023-08-16,28701.779296875,-0.016063173634291772,0.0065963025952541715,pre_etf
2023-08-17,26664.55078125,-0.07097917151940503,0.026108428650785435,pre_etf
2023-08-18,26049.556640625,-0.02306411031148714,0.025657271670483848,pre_etf
2023-08-19,26096.205078125,0.0017907574452629138,0.025793355149167568,pre_etf
2023-08-20,26189.583984375,0.00357825614760654,0.0265981029220144,pre_etf
2023-08-21,26124.140625,-0.002498831574187843,0.025870188005344404,pre_etf
2023-08-22,26031.65625,-0.0035401882238949023,0.026171704521155702,pre_etf
2023-08-23,26431.640625,0.015365306423789304,0.028697947857235655,pre_etf
2023-08-24,26162.373046875,-0.01018731988472621,0.011954254049806993,pre_etf
2023-08-25,26047.66796875,-0.004384352975912553,0.008102286886443277,pre_etf
2023-08-26,26008.462890625,-0.0015051281432193475,0.008077803903776316,pre_etf
2023-08-27,26089.693359375,0.0031232321991347956,0.008041705502874094,pre_etf
2023-08-28,26106.150390625,0.0006307866874213364,0.008000126167876744,pre_etf
2023-08-29,27727.392578125,0.062101924766441385,0.024569312110791313,pre_etf
2023-08-30,27297.265625,-0.015512708305083889,0.026028746545971464,pre_etf
2023-08-31,25931.47265625,-0.0500340578984273,0.0332362553549232,pre_etf
2023-09-01,25800.724609375,-0.005042060225742162,0.0332490135520246,pre_etf
2023-09-02,25868.798828125,0.0026384615075991658,0.03327313679455028,pre_etf
2023-09-03,25969.56640625,0.0038953327054152,0.03328764960487709,pre_etf
2023-09-04,25812.416015625,-0.006051329012069284,0.03335596692783503,pre_etf
2023-09-05,25779.982421875,-0.0012565113521479931,0.01871845409439164,pre_etf
2023-09-06,25753.236328125,-0.0010374752516241204,0.01883225683708693,pre_etf
2023-09-07,26240.1953125,0.018908652030005024,0.008402456712044303,pre_etf
2023-09-08,25905.654296875,-0.012749181613965876,0.009821633792430694,pre_etf
2023-09-09,25895.677734375,-0.0003851113886439439,0.009784544548509551,pre_etf
2023-09-10,25832.2265625,-0.0024502611024840304,0.009677317106567917,pre_etf
2023-09-11,25162.654296875,-0.02592003689674205,0.013615145566399827,pre_etf
2023-09-12,25833.34375,0.026654161568650414,0.017833938997531166,pre_etf
2023-09-13,26228.32421875,0.01528956036711282,0.018658409495069188,pre_etf
2023-09-14,26539.673828125,0.011870739692642074,0.017813964192644218,pre_etf
2023-09-15,26608.693359375,0.0026006171627044328,0.01663630145676836,pre_etf
2023-09-16,26568.28125,-0.001518755875352329,0.01669097958033928,pre_etf
2023-09-17,26534.1875,-0.0012832501161511578,0.016623961473356996,pre_etf
2023-09-18,26754.28125,0.008294723552398242,0.010141808639034485,pre_etf
2023-09-19,27211.1171875,0.017075246134672373,0.007687443760886197,pre_etf
2023-09-20,27132.0078125,-0.00290724465500225,0.007681375630527519,pre_etf
2023-09-21,26567.6328125,-0.02080107760178318,0.01163267888305205,pre_etf
2023-09-22,26579.568359375,0.0004492514240630463,0.011587279768754523,pre_etf
2023-09-23,26579.390625,-6.686879658768241e-06,0.011570477446516157,pre_etf
2023-09-24,26256.826171875,-0.01213588594546644,0.01248070921343818,pre_etf
2023-09-25,26298.48046875,0.0015864178176880905,0.011850927073082319,pre_etf
2023-09-26,26217.25,-0.0030887894396227633,0.008227168333249438,pre_etf
2023-09-27,26352.716796875,0.005167086436411061,0.009130413824636262,pre_etf
2023-09-28,27021.546875,0.02537992888096885,0.011455484449519325,pre_etf
2023-09-29,26911.720703125,-0.004064392478456136,0.011712900723827985,pre_etf
2023-09-30,26967.916015625,0.0020881352448591795,0.011684762243448816,pre_etf
2023-10-01,27983.75,0.037668241913332734,0.015937287553179216,pre_etf
2023-10-02,27530.78515625,-0.016186709920936293,0.018561089810834656,pre_etf
2023-10-03,27429.978515625,-0.003661597010505724,0.01861267553548489,pre_etf
2023-10-04,27799.39453125,0.013467601347721292,0.01876790681723561,pre_etf
2023-10-05,27415.912109375,-0.01379463216164356,0.018495341245978614,pre_etf
2023-10-06,27946.59765625,0.01935684447622399,0.019271892764897356,pre_etf
2023-10-07,27968.83984375,0.0007958817661306572,0.019316858462919795,pre_etf
2023-10-08,27935.08984375,-0.001206700034343422,0.013061687789164403,pre_etf
2023-10-09,27583.677734375,-0.012579594744121514,0.012378010965694703,pre_etf
2023-10-10,27391.01953125,-0.006984500217130485,0.012618419002238538,pre_etf
2023-10-11,26873.3203125,-0.018900326735168282,0.012733052953125193,pre_etf
2023-10-12,26756.798828125,-0.0043359541366684295,0.012100545976542124,pre_etf
2023-10-13,26862.375,0.003945769916393171,0.007963014366710812,pre_etf
2023-10-14,26861.70703125,-2.4866332556272575e-05,0.007858337655453766,pre_etf
2023-10-15,27159.65234375,0.011091823470242623,0.010094081851497417,pre_etf
2023-10-16,28519.466796875,0.05006744695824206,0.021971788161428932,pre_etf
2023-10-17,28415.748046875,-0.0036367703063566736,0.021702748879555023,pre_etf
2023-10-18,28328.341796875,-0.0030759792019486865,0.019449844228600507,pre_etf
2023-10-19,28719.806640625,0.013818840741083749,0.018773152327949922,pre_etf
2023-10-20,29682.94921875,0.033535830870205396,0.020364610239530255,pre_etf
2023-10-21,29918.412109375,0.007932597562652743,0.01962476751160894,pre_etf
2023-10-22,29993.896484375,0.002523007395046406,0.020216703869320417,pre_etf
2023-10-23,33086.234375,0.10309890521346299,0.03794805100884428,pre_etf
2023-10-24,33901.52734375,0.02464145540134477,0.03622668631858733,pre_etf
2023-10-25,34502.8203125,0.017736456610143003,0.034235479259686764,pre_etf
2023-10-26,34156.6484375,-0.010033147199696724,0.03707247366715299,pre_etf
2023-10-27,33909.80078125,-0.007226928505637331,0.03878617884019079,pre_etf
2023-10-28,34089.57421875,0.005301518539129857,0.038932938462968886,pre_etf
2023-10-29,34538.48046875,0.013168432293093613,0.03836604101275566,pre_etf
2023-10-30,34502.36328125,-0.0010457086417764438,0.013030323926497797,pre_etf
2023-10-31,34667.78125,0.004794395311462418,0.010161096732038915,pre_etf
2023-11-01,35437.25390625,0.022195613001625203,0.011297459997991154,pre_etf
2023-11-02,34938.2421875,-0.014081557224217889,0.012196238317566107,pre_etf
2023-11-03,34732.32421875,-0.005893770145759425,0.012013481752497987,pre_etf
2023-11-04,35082.1953125,0.010073356782761111,0.012266053184448874,pre_etf
2023-11-05,35049.35546875,-0.0009360829177728069,0.011686892283759418,pre_etf
2023-11-06,35037.37109375,-0.0003419285416157436,0.01165772843513759,pre_etf
2023-11-07,35443.5625,0.011593090279608864,0.01217590108204891,pre_etf
2023-11-08,35655.27734375,0.005973294692089626,0.00912638905928615,pre_etf
2023-11-09,36693.125,0.029107827327892632,0.011571800687712868,pre_etf
2023-11-10,37313.96875,0.01691989303173269,0.010468121564988907,pre_etf
2023-11-11,37138.05078125,-0.0047145338500075296,0.011922366874266654,pre_etf
2023-11-12,37054.51953125,-0.002249209321512735,0.012099616027285742,pre_etf
2023-11-13,36502.35546875,-0.014901395821212304,0.014743403399710872,pre_etf
2023-11-14,35537.640625,-0.026428838121854925,0.018775366547038746,pre_etf
2023-11-15,37880.58203125,0.06592844558740318,0.031222179996551358,pre_etf
2023-11-16,36154.76953125,-0.04555929205565723,0.03568148784850774,pre_etf
2023-11-17,36596.68359375,0.012222842746045792,0.03531809268560429,pre_etf
2023-11-18,36585.703125,-0.000300039994658885,0.03530601910835046,pre_etf
2023-11-19,37386.546875,0.021889527372586093,0.03639548944681281,pre_etf
2023-11-20,37476.95703125,0.0024182537251242753,0.03564907509645069,pre_etf
2023-11-21,35813.8125,-0.04437779006078835,0.0387400419920794,pre_etf
2023-11-22,37432.33984375,0.045192824521265385,0.03344538168671052,pre_etf
2023-11-23,37289.62109375,-0.003812712499291715,0.02739534186991348,pre_etf
2023-11-24,37720.28125,0.011549062275727495,0.027365867612335355,pre_etf
2023-11-25,37796.79296875,0.0020283973558654633,0.027309746665252474,pre_etf
2023-11-26,37479.12109375,-0.008404730932136117,0.02657469046635961,pre_etf
2023-11-27,37254.16796875,-0.006002091789647501,0.026672032600094767,pre_etf
2023-11-28,37831.0859375,0.01548599794884531,0.01867402829896754,pre_etf
2023-11-29,37858.4921875,0.0007244373065387055,0.008943521180240699,pre_etf
2023-11-30,37712.74609375,-0.0038497596002547985,0.008947304553928156,pre_etf
2023-12-01,38688.75,0.025879947957747618,0.012517732953148427,pre_etf
2023-12-02,39476.33203125,0.020356874575942596,0.013946484396255517,pre_etf
2023-12-03,39978.390625,0.012717964611113297,0.012434509537871117,pre_etf
2023-12-04,41980.09765625,0.05006972516793251,0.017809877967624822,pre_etf
2023-12-05,44080.6484375,0.05003682455553493,0.021595552124617657,pre_etf
2023-12-06,43746.4453125,-0.007581629055975703,0.023149402782712342,pre_etf
2023-12-07,43292.6640625,-0.010372985662227885,0.0244172682441961,pre_etf
2023-12-08,44166.6015625,0.02018673414826888,0.02428939706810601,pre_etf
2023-12-09,43725.984375,-0.009976252913108663,0.026668037216037777,pre_etf
2023-12-10,43779.69921875,0.0012284421841561866,0.027181362469730762,pre_etf
2023-12-11,41243.83203125,-0.05792335792051162,0.03292108253659208,pre_etf
2023-12-12,41450.22265625,0.005004157345118276,0.024321225554128224,pre_etf
2023-12-13,42890.7421875,0.03475299863154757,0.029332267525203612,pre_etf
2023-12-14,43023.97265625,0.0031062756659134827,0.029166883844951957,pre_etf
2023-12-15,41929.7578125,-0.025432678020983368,0.02886479569238646,pre_etf
2023-12-16,42240.1171875,0.007401888090740938,0.029313437645574265,pre_etf
2023-12-17,41364.6640625,-0.02072563201266564,0.02976293826391505,pre_etf
2023-12-18,42623.5390625,0.030433584522719714,0.022837795092917505,pre_etf
2023-12-19,42270.52734375,-0.008282083715112631,0.023376773942392216,pre_etf
2023-12-20,43652.25,0.032687613405284255,0.022918273354774747,pre_etf
2023-12-21,43869.15234375,0.0049688697318006625,0.02293402437153673,pre_etf
2023-12-22,43997.90234375,0.002934864092908329,0.019287415416788824,pre_etf
2023-12-23,43739.54296875,-0.005872083923035065,0.019891261396882368,pre_etf
2023-12-24,43016.1171875,-0.01653939964043194,0.019027340479019935,pre_etf
2023-12-25,43613.140625,0.013879063861056418,0.016280228211193144,pre_etf
2023-12-26,42520.40234375,-0.025055253200995553,0.019249255612868433,pre_etf
2023-12-27,43442.85546875,0.021694364920222586,0.016482829374185236,pre_etf
2023-12-28,42627.85546875,-0.01876027694786908,0.01755882045732229,pre_etf
2023-12-29,42099.40234375,-0.012396896798793966,0.01751161672563184,pre_etf
2023-12-30,42156.90234375,0.0013658151137276864,0.017742921943432445,pre_etf
2023-12-31,42265.1875,0.002568622223877659,0.017152602888774106,pre_etf
2024-01-01,44167.33203125,0.0450049945064126,0.024522928663199425,pre_etf
2024-01-02,44957.96875,0.017900939051301412,0.021833921778333876,pre_etf
2024-01-03,42848.17578125,-0.04692812036242189,0.028994746363383974,pre_etf
2024-01-04,44179.921875,0.03108057856532498,0.030175828476422667,pre_etf
2024-01-05,44162.69140625,-0.0003900067727314882,0.029317096412321497,pre_etf
2024-01-06,43989.1953125,-0.003928567037593367,0.029560848527784334,pre_etf
2024-01-07,43943.09765625,-0.0010479313368322307,0.02967184888392505,pre_etf
2024-01-08,46970.50390625,0.06889378335779228,0.035677556396798385,pre_etf
2024-01-09,46139.73046875,-0.017687130611972357,0.036777743872575805,pre_etf
2024-01-10,46627.77734375,0.010577584004972662,0.029040350582363216,post_etf
2024-01-11,46368.5859375,-0.005558733892443213,0.028428673966074763,post_etf
2024-01-12,42853.16796875,-0.07581464687080208,0.042583555408623915,post_etf
2024-01-13,42842.3828125,-0.0002516769882185965,0.042600196947923226,post_etf
2024-01-14,41796.26953125,-0.0244177193838242,0.043332610165047865,post_etf
2024-01-15,42511.96875,0.01712351907901466,0.031025854069083255,post_etf
2024-01-16,43154.9453125,0.015124600939588229,0.03275664883885891,post_etf
2024-01-17,42742.65234375,-0.009553782672285682,0.0316118874904311,post_etf
2024-01-18,41262.05859375,-0.034639725632667706,0.032535966515072456,post_etf
2024-01-19,41618.40625,0.00863620644230223,0.019883818991539015,post_etf
2024-01-20,41665.5859375,0.0011336255217606617,0.01993413780890236,post_etf
2024-01-21,41545.78515625,-0.0028752933279206916,0.01776534948729054,post_etf
2024-01-22,39507.3671875,-0.049064374667218136,0.023403682653524747,post_etf
2024-01-23,39845.55078125,0.008560013431039293,0.022327647493350065,post_etf
2024-01-24,40077.07421875,0.005810521700930993,0.02324309392975768,post_etf
2024-01-25,39933.80859375,-0.0035747525934159974,0.0202922211808602,post_etf
2024-01-26,41816.87109375,0.04715459322091098,0.02814529015588725,post_etf
2024-01-27,42120.0546875,0.007250269707417489,0.02824415916733307,post_etf
2024-01-28,42035.59375,-0.002005242826170095,0.028221576311116717,post_etf
2024-01-29,43288.24609375,0.029799801358818767,0.01849568456732559,post_etf
2024-01-30,42952.609375,-0.007753530092744043,0.02014455456734401,post_etf
2024-01-31,42582.60546875,-0.00861423582021903,0.021453706899267552,post_etf
2024-02-01,43075.7734375,0.011581441842771323,0.020738493975411262,post_etf
2024-02-02,43185.859375,0.0025556346111748063,0.013327759026620709,post_etf
2024-02-03,42992.25,-0.0044831659668692625,0.013684822121145069,post_etf
2024-02-04,42583.58203125,-0.009505619472114146,0.014417123060593263,post_etf
2024-02-05,42658.66796875,0.0017632602500394778,0.007731897403251117,post_etf
2024-02-06,43084.671875,0.009986338686479135,0.008432253625800806,post_etf
2024-02-07,44318.22265625,0.028630850081180936,0.012510156911452205,post_etf
2024-02-08,45301.56640625,0.022188248784866804,0.013894349499812548,post_etf
2024-02-09,47147.19921875,0.040741037427910465,0.018463568985574365,post_etf
2024-02-10,47771.27734375,0.013236801662479536,0.016849625546417852,post_etf
2024-02-11,48293.91796875,0.010940478338881565,0.013214705739661934,post_etf
2024-02-12,49958.22265625,0.034461993507690414,0.012168948783974776,post_etf
2024-02-13,49742.44140625,-0.004319233922406296,0.01545380925662313,post_etf
2024-02-14,51826.6953125,0.041900916949929146,0.017275363730288793,post_etf
2024-02-15,51938.5546875,0.0021583350882306007,0.018958047706598553,post_etf
2024-02-16,52160.203125,0.004267512618200353,0.017197642644837675,post_etf
2024-02-17,51662.99609375,-0.009532306269177337,0.019510289099818914,post_etf
2024-02-18,52122.546875,0.008895163192163213,0.01953381307449496,post_etf
2024-02-19,51779.14453125,-0.006588364620277343,0.017403707211558282,post_etf
2024-02-20,52284.875,0.009767068832988945,0.01691987324814825,post_etf
2024-02-21,51839.1796875,-0.008524364120598982,0.008208712746330702,post_etf
2024-02-22,51304.97265625,-0.010305082651198116,0.008992782391312258,post_etf
2024-02-23,50731.94921875,-0.011168964874795462,0.009171507626861154,post_etf
2024-02-24,51571.1015625,0.016540904827679226,0.01150984677837923,post_etf
2024-02-25,51733.23828125,0.003143945229742817,0.010943956336268898,post_etf
2024-02-26,54522.40234375,0.053914352844811164,0.02303030174298589,post_etf
2024-02-27,57085.37109375,0.04700762695380023,0.027479461628885687,post_etf
2024-02-28,62504.7890625,0.09493531994124749,0.03929221494787067,post_etf
2024-02-29,61198.3828125,-0.020900898468654838,0.04116106596346077,post_etf
2024-03-01,62440.6328125,0.020298739001094468,0.037994903294392056,post_etf
2024-03-02,62029.84765625,-0.006578811548619723,0.040362544209358205,post_etf
2024-03-03,63167.37109375,0.01833832389535761,0.03923327310386099,post_etf
2024-03-04,68330.4140625,0.08173591649219114,0.04330773721651789,post_etf
2024-03-05,63801.19921875,-0.06628402455760396,0.056576007872500556,post_etf
2024-03-06,66106.8046875,0.03613733749494208,0.04663019892049944,post_etf
2024-03-07,66925.484375,0.012384196927533564,0.0447358556692055,post_etf
2024-03-08,68300.09375,0.020539401213709896,0.04474184733745407,post_etf
2024-03-09,68498.8828125,0.0029105240064184468,0.044163156937194054,post_etf
2024-03-10,69019.7890625,0.007604594828588107,0.04421864443628265,post_etf
2024-03-11,72123.90625,0.04497430707429584,0.03623697138576538,post_etf
2024-03-12,71481.2890625,-0.008909905479502545,0.018881782902649864,post_etf
2024-03-13,73083.5,0.022414410239567806,0.01713735494601184,post_etf
2024-03-14,71396.59375,-0.0230819028918976,0.02234052844357536,post_etf
2024-03-15,69403.7734375,-0.027911980219644583,0.025613630594460753,post_etf
2024-03-16,65315.1171875,-0.05891115205258901,0.034569624164391737,post_etf
2024-03-17,68390.625,0.04708722796395115,0.04000286385339962,post_etf
2024-03-18,67548.59375,-0.0123120859035869,0.03461800227433098,post_etf
2024-03-19,61912.7734375,-0.08343356981432348,0.044659185174513644,post_etf
2024-03-20,67913.671875,0.09692504638897836,0.06186549935330745,post_etf
2024-03-21,65491.390625,-0.03566706353999505,0.06252884889930942,post_etf
2024-03-22,63778.76171875,-0.02615044343853401,0.062451076690672395,post_etf
2024-03-23,64062.203125,0.004444134671348854,0.058720109511996355,post_etf
2024-03-24,67234.171875,0.04951388799118828,0.059059572173699934,post_etf
2024-03-25,69958.8125,0.04052464020923141,0.06071914084108917,post_etf
2024-03-26,69987.8359375,0.00041486463910467286,0.04663648397794881,post_etf
2024-03-27,69455.34375,-0.007608353371227561,0.03171482203824303,post_etf
2024-03-28,70744.953125,0.018567460837021654,0.026747881300858836,post_etf
2024-03-29,69892.828125,-0.01204502883045766,0.023819751301032262,post_etf
2024-03-30,69645.3046875,-0.0035414711944022903,0.024501720107791534,post_etf
2024-03-31,71333.6484375,0.02424203264779501,0.019435911326248428,post_etf
2024-04-01,69702.1484375,-0.022871394296192005,0.016683612493448574,post_etf
2024-04-02,65446.97265625,-0.061047985989492126,0.028305380177785677,post_etf
2024-04-03,65980.8125,0.008156830210526378,0.02906876489923261,post_etf
2024-04-04,68508.84375,0.038314642609167615,0.03268887471218053,post_etf
2024-04-05,67837.640625,-0.009797320875087778,0.032608916836462463,post_etf
2024-04-06,68896.109375,0.015602971156545964,0.03342602780277179,post_etf
2024-04-07,69362.5546875,0.006770270726916605,0.03183657772077863,post_etf
2024-04-08,71631.359375,0.03270935878474601,0.03312064537019782,post_etf
2024-04-09,69139.015625,-0.03479403115822832,0.024956005612301647,post_etf
2024-04-10,70587.8828125,0.0209558550176423,0.025422169428137017,post_etf
2024-04-11,70060.609375,-0.007469744331340511,0.02265177671492477,post_etf
2024-04-12,67195.8671875,-0.04088948430588779,0.028075729158237472,post_etf
2024-04-13,63821.47265625,-0.05021729270691988,0.0322880335303471,post_etf
2024-04-14,65738.7265625,0.03004089104268326,0.035400771901180794,post_etf
2024-04-15,63426.2109375,-0.03517737178558533,0.031794021055253606,post_etf
2024-04-16,63811.86328125,0.006080330797783695,0.03169027063474735,post_etf
2024-04-17,61276.69140625,-0.03972884891052719,0.029747052105868102,post_etf
2024-04-18,63512.75390625,0.03649124077498622,0.036593156029332496,post_etf
2024-04-19,63843.5703125,0.005208661031110617,0.03491925594564011,post_etf
2024-04-20,64994.44140625,0.018026421268684478,0.02993409067820672,post_etf
2024-04-21,64926.64453125,-0.0010431180502996629,0.027455672796912273,post_etf
2024-04-22,66837.6796875,0.029433758205850147,0.02497548306615294,post_etf
2024-04-23,66407.2734375,-0.006439574982440521,0.025559061001028487,post_etf
2024-04-24,64276.8984375,-0.03208044676017341,0.023346455791139465,post_etf
2024-04-25,64481.70703125,0.0031863484195515657,0.019418090973918133,post_etf
2024-04-26,63755.3203125,-0.011265004482557628,0.02000024042188894,post_etf
2024-04-27,63419.140625,-0.005272966802647994,0.01836731409170651,post_etf
2024-04-28,63113.23046875,-0.004823625063903991,0.018343591029965696,post_etf
2024-04-29,63841.12109375,0.011533090916022948,0.013542435952236918,post_etf
2024-04-30,60636.85546875,-0.050191249309274655,0.021370039548450112,post_etf
2024-05-01,58254.01171875,-0.03929695449375714,0.022599408319847032,post_etf
2024-05-02,59123.43359375,0.014924669552331737,0.02442577546305353,post_etf
2024-05-03,62889.8359375,0.06370405294167747,0.03767351706771436,post_etf
2024-05-04,63891.47265625,0.015926845790239064,0.03815428074154376,post_etf
2024-05-05,64031.1328125,0.002185896653241981,0.03804690277153439,post_etf
2024-05-06,63161.94921875,-0.013574390387488533,0.03825650881683584,post_etf
2024-05-07,62334.81640625,-0.01309542885757653,0.032414251683567444,post_etf
2024-05-08,61187.94140625,-0.018398626419713127,0.028437696461607934,post_etf
2024-05-09,63049.9609375,0.03043115176709965,0.029699161651956754,post_etf
2024-05-10,60792.77734375,-0.035799920573900024,0.02240211411704053,post_etf
2024-05-11,60793.7109375,1.5356984674586016e-05,0.020713701709696105,post_etf
2024-05-12,61448.39453125,0.010768936188532141,0.02157661270527105,post_etf
2024-05-13,62901.44921875,0.023646747788683697,0.02377668020674793,post_etf
2024-05-14,61552.7890625,-0.02144084393922019,0.024713204587122953,post_etf
2024-05-15,66267.4921875,0.07659609250545496,0.03696005080650376,post_etf
2024-05-16,65231.58203125,-0.01563225228621834,0.03723763627012495,post_etf
2024-05-17,67051.875,0.02790508695432159,0.03302193271864038,post_etf
2024-05-18,66940.8046875,-0.0016564833198177142,0.03315038351297501,post_etf
2024-05-19,66278.3671875,-0.009895869986810912,0.034414555378917064,post_etf
2024-05-20,71448.1953125,0.07800174241430358,0.042767242959020436,post_etf
2024-05-21,70136.53125,-0.018358253231772315,0.042293162059523916,post_etf
2024-05-22,69122.3359375,-0.01446030042296964,0.03524464486245091,post_etf
2024-05-23,67929.5625,-0.017255976976508713,0.03541993419588678,post_etf
2024-05-24,68526.1015625,0.008781729788116976,0.034194418560762094,post_etf
2024-05-25,69265.9453125,0.010796524727518797,0.03419968191600608,post_etf
2024-05-26,68518.09375,-0.010796814497022966,0.03426834703365866,post_etf
2024-05-27,69394.5546875,0.012791671360530277,0.014152320209421199,post_etf
2024-05-28,68296.21875,-0.015827408107827234,0.01375320993327474,post_etf
2024-05-29,67578.09375,-0.01051485738366742,0.013313017965855236,post_etf
2024-05-30,68364.9921875,0.011644282841286824,0.012674039706128957,post_etf
2024-05-31,67491.4140625,-0.012778150001159894,0.013076037444816415,post_etf
2024-06-01,67706.9375,0.0031933460054698326,0.0121062689468806,post_etf
2024-06-02,67751.6015625,0.0006596674454519835,0.011672181687834947,post_etf
2024-06-03,68804.78125,0.015544720172089965,0.012267080103867713,post_etf
2024-06-04,70567.765625,0.025622992224831664,0.013899296763076696,post_etf
2024-06-05,71082.8203125,0.007298724608017615,0.012156410753155945,post_etf
2024-06-06,70757.1640625,-0.004581363662391591,0.012726288211002756,post_etf
2024-06-07,69342.5859375,-0.01999201273457618,0.0145646359323593,post_etf
2024-06-08,69305.7734375,-0.0005308786729295578,0.014665141716374595,post_etf
2024-06-09,69647.9921875,0.00493781012787653,0.014619438606019435,post_etf
2024-06-10,69512.28125,-0.0019485261992140401,0.013797677667497184,post_etf
2024-06-11,67332.03125,-0.03136496113771259,0.014032641696697115,post_etf
2024-06-12,68241.1875,0.013502581655740586,0.01520360630609413,post_etf
2024-06-13,66756.3984375,-0.021757960505889518,0.016334917024476935,post_etf
2024-06-14,66011.09375,-0.011164543099157487,0.015593596055629799,post_etf
2024-06-15,66191.0,0.0027253941690672523,0.01586166137339577,post_etf
2024-06-16,66639.046875,0.006768999939568809,0.016093957271455375,post_etf
2024-06-17,66490.296875,-0.0022321747830370553,0.016081889007112774,post_etf
2024-06-18,65140.74609375,-0.02029695827328193,0.013540677527844366,post_etf
2024-06-19,64960.296875,-0.0027701435671353414,0.011081003216897227,post_etf
2024-06-20,64828.65625,-0.00202647819256907,0.009004764157352971,post_etf
2024-06-21,64096.19921875,-0.011298352821403679,0.009022280833709935,post_etf
2024-06-22,64252.578125,0.0024397531859308152,0.008986517209534913,post_etf
2024-06-23,63180.796875,-0.01668075089399379,0.008576483621087677,post_etf
2024-06-24,60277.4140625,-0.04595356431233677,0.01640438069173341,post_etf
2024-06-25,61804.640625,0.025336630415439876,0.021627229458404167,post_etf
2024-06-26,60811.27734375,-0.016072632592061153,0.02174910499879121,post_etf
2024-06-27,61604.80078125,0.013048951973404943,0.02326874894548747,post_etf
2024-06-28,60320.13671875,-0.020853310881755127,0.023834543165388456,post_etf
2024-06-29,60887.37890625,0.009403861104374522,0.02449806802655971,post_etf
2024-06-30,62678.29296875,0.029413551620566913,0.02758661064299439,post_etf
2024-07-01,62851.98046875,0.002771094932125795,0.019157000321835337,post_etf
2024-07-02,62029.015625,-0.013093697885290578,0.018226045621659092,post_etf
2024-07-03,60173.921875,-0.02990687070088416,0.020897111138831703,post_etf
2024-07-04,56977.703125,-0.05311634426354228,0.027299478498583957,post_etf
2024-07-05,56662.375,-0.005534237213954074,0.026968339752162184,post_etf
2024-07-06,58303.5390625,0.02896391234041995,0.029986753853272832,post_etf
2024-07-07,55849.109375,-0.042097439142912196,0.028119348523243454,post_etf
2024-07-08,56705.09765625,0.015326802715911692,0.02986282255716966,post_etf
2024-07-09,58009.2265625,0.02299844211812685,0.03303466417509292,post_etf
2024-07-10,57742.49609375,-0.004598069730556098,0.03173104044818725,post_etf
2024-07-11,57344.9140625,-0.006885432015347748,0.024029759934084773,post_etf
2024-07-12,57899.46484375,0.009670444019596935,0.02401017311312657,post_etf
2024-07-13,59231.953125,0.023013827240820017,0.02303745193527965,post_etf
2024-07-14,60787.79296875,0.026266900915231206,0.013503118584669438,post_etf
2024-07-15,64870.15234375,0.06715755212726138,0.024882949602167276,post_etf
2024-07-16,65097.1484375,0.003499237870556282,0.025530033110406903,post_etf
2024-07-17,64118.79296875,-0.01502916014346345,0.027239471044861185,post_etf
2024-07-18,63974.06640625,-0.0022571629283560934,0.026658796227924435,post_etf
2024-07-19,66710.15625,0.042768734230136385,0.028228558755623318,post_etf
2024-07-20,67163.6484375,0.0067979482134701286,0.02867596656579968,post_etf
2024-07-21,68154.5234375,0.014753144342986024,0.02848294482264428,post_etf
2024-07-22,67585.25,-0.00835268752223095,0.01893783342535262,post_etf
2024-07-23,65927.671875,-0.02452573786440093,0.022236073890494885,post_etf
2024-07-24,65372.1328125,-0.008426492953570563,0.021520753213221607,post_etf
2024-07-25,65777.2265625,0.00619673448871394,0.02141577936564591,post_etf
2024-07-26,67912.0625,0.032455548053117234,0.018470213899545836,post_etf
2024-07-27,67813.3359375,-0.0014537411892032726,0.018428340312468972,post_etf
2024-07-28,68255.8671875,0.006525726007755361,0.01769137922234678,post_etf
2024-07-29,66819.9140625,-0.021037797689324123,0.019306786338523924,post_etf
2024-07-30,66201.015625,-0.009262185475442442,0.016991542514441516,post_etf
2024-07-31,64619.25,-0.023893373992326827,0.019235702514591974,post_etf
2024-08-01,65357.5,0.011424614182306447,0.019680484741488324,post_etf
2024-08-02,61415.06640625,-0.06032105869640059,0.024292048801188282,post_etf
2024-08-03,60680.09375,-0.011967302150066583,0.023704784437651553,post_etf
2024-08-04,58116.9765625,-0.04223983565450573,0.02331388761216268,post_etf
2024-08-05,53991.45703125,-0.07098647891315102,0.029598740160714693,post_etf
2024-08-06,56034.31640625,0.03783671505322772,0.038889393034109876,post_etf
2024-08-07,55027.4609375,-0.017968550940289485,0.03892806930408516,post_etf
2024-08-08,61710.13671875,0.12144256099404904,0.06686898942432408,post_etf
2024-08-09,60880.11328125,-0.013450358103773374,0.06278160276102311,post_etf
2024-08-10,60945.8125,0.001079157301276501,0.06254714212860774,post_etf
2024-08-11,58719.484375,-0.036529632368097475,0.0619042086659921,post_etf
2024-08-12,59354.515625,0.010814659848586317,0.05262135530011088,post_etf
2024-08-13,60609.56640625,0.021144992390795814,0.051771965402235845,post_etf
2024-08-14,58737.26953125,-0.0308911115194338,0.053243227019441536,post_etf
2024-08-15,57560.09765625,-0.020041310813293967,0.021518810502116754,post_etf
2024-08-16,58894.10546875,0.023175912946963972,0.024675220138024857,post_etf
2024-08-17,59478.97265625,0.00993082725079053,0.025227262209270244,post_etf
2024-08-18,58483.96484375,-0.016728732324455264,0.02173559066592361,post_etf
2024-08-19,59493.453125,0.01726094125025579,0.022414434674396907,post_etf
2024-08-20,59012.79296875,-0.008079210921579816,0.020586224448486387,post_etf
2024-08-21,61175.19140625,0.03664287570061453,0.0214834184999063,post_etf
2024-08-22,60381.9140625,-0.012967304646127387,0.020179847982974203,post_etf
2024-08-23,64094.35546875,0.061482671821355916,0.028687552075849932,post_etf
2024-08-24,64178.9921875,0.0013205019089592707,0.02899927236080308,post_etf
2024-08-25,64333.54296875,0.0024081210374646833,0.02673264363233512,post_etf
2024-08-26,62880.66015625,-0.022583597070127692,0.029970858020874704,post_etf
2024-08-27,59504.1328125,-0.05369739018896724,0.038011490451088696,post_etf
2024-08-28,59027.625,-0.00800797843742207,0.03480103393141646,post_etf
2024-08-29,59388.1796875,0.006108236397788236,0.034781458386787464,post_etf
2024-08-30,59119.4765625,-0.004524521990973862,0.020943721958391233,post_etf
2024-08-31,58969.8984375,-0.002530098940268344,0.020605373902624943,post_etf
2024-09-01,57325.48828125,-0.027885585694078285,0.020294892545019365,post_etf
2024-09-02,59112.48046875,0.031172733823612075,0.02663836519865684,post_etf
2024-09-03,57431.0234375,-0.02844504270361159,0.020496103243993508,post_etf
2024-09-04,57971.5390625,0.00941156177702851,0.021100630865005836,post_etf
2024-09-05,56160.48828125,-0.031240343288065575,0.02321158509419501,post_etf
2024-09-06,53948.75390625,-0.03938239218868078,0.025985148288984766,post_etf
2024-09-07,54139.6875,0.003539165966313096,0.026477624159681246,post_etf
2024-09-08,54841.56640625,0.012964221602682846,0.026848974802155947,post_etf
2024-09-09,57019.53515625,0.039713831911113884,0.02893290203704862,post_etf
2024-09-10,57648.7109375,0.011034389872275785,0.027355194180076804,post_etf
2024-09-11,57343.171875,-0.005300015516934153,0.027153341499947675,post_etf
2024-09-12,58127.01171875,0.013669279499548104,0.024006426891599632,post_etf
2024-09-13,60571.30078125,0.04205082955798245,0.01772317044517739,post_etf
2024-09-14,60005.12109375,-0.00934732588201681,0.019870574806748396,post_etf
2024-09-15,59182.8359375,-0.013703582981947293,0.0226772911833539,post_etf
2024-09-16,58192.5078125,-0.016733367188517922,0.02078882009479807,post_etf
2024-09-17,60308.5390625,0.0363626062794542,0.02430729235998445,post_etf
2024-09-18,61649.6796875,0.02223798894564699,0.02426721579233536,post_etf
2024-09-19,62940.45703125,0.020937291974474137,0.024571598773325227,post_etf
2024-09-20,63192.9765625,0.004012038411551844,0.02062671021557954,post_etf
2024-09-21,63394.83984375,0.003194394254405042,0.019563147506523337,post_etf
2024-09-22,63648.7109375,0.004004601863112578,0.017295788924633917,post_etf
2024-09-23,63329.80078125,-0.005010473135318549,0.014562653474997892,post_etf
2024-09-24,64301.96875,0.01535087678718594,0.010307627991754666,post_etf
2024-09-25,63143.14453125,-0.018021597802944433,0.01278488563322383,post_etf
2024-09-26,65181.01953125,0.032273891570151925,0.01573925116558017,post_etf
2024-09-27,65790.6640625,0.00935309904070647,0.015806200166817597,post_etf
2024-09-28,65887.6484375,0.0014741358273548943,0.015868126927396392,post_etf
2024-09-29,65635.3046875,-0.003829909793174213,0.016273171738517663,post_etf
2024-09-30,63329.5,-0.035130555094979754,0.022136698248125936,post_etf
2024-10-01,60837.0078125,-0.039357521968434894,0.02532774984117265,post_etf
2024-10-02,60632.78515625,-0.0033568819965540397,0.02492590009846263,post_etf
2024-10-03,60759.40234375,0.0020882627636797935,0.019268776027631558,post_etf
2024-10-04,62067.4765625,0.021528753876634443,0.02168617196389818,post_etf
2024-10-05,62089.94921875,0.0003620681473552878,0.02160842090383644,post_etf
2024-10-06,62818.953125,0.011741093613744757,0.02290113519289019,post_etf
2024-10-07,62236.66015625,-0.009269383518558882,0.019210460235340617,post_etf
2024-10-08,62131.96875,-0.001682150134457161,0.01033083907800843,post_etf
2024-10-09,60582.1015625,-0.024944762232405493,0.01481452153074004,post_etf
2024-10-10,60274.5,-0.005077433013489285,0.014891518208778647,post_etf
2024-10-11,62445.08984375,0.036011743668549645,0.01899261893054609,post_etf
2024-10-12,63193.0234375,0.011977460447594401,0.01942795536583195,post_etf
2024-10-13,62851.375,-0.005406426515387475,0.019174364025454558,post_etf
2024-10-14,66046.125,0.050830232433260125,0.026331553159845086,post_etf
2024-10-15,67041.109375,0.015064992457922477,0.025977208526805733,post_etf
2024-10-16,67612.71875,0.008526251733136592,0.020772656170629043,post_etf
2024-10-17,67399.8359375,-0.0031485616380424464,0.020457018027832823,post_etf
2024-10-18,68418.7890625,0.015118035686984221,0.018529073703106393,post_etf
2024-10-19,68362.734375,-0.0008192879217548965,0.01929449911420975,post_etf
2024-10-20,69001.703125,0.009346740674458287,0.017901549428624028,post_etf
2024-10-21,67367.8515625,-0.023678423698328066,0.013707125261590885,post_etf
2024-10-22,67361.40625,-9.567341618454961e-05,0.012622328007422488,post_etf
2024-10-23,66432.1953125,-0.01379441121005398,0.013139189423703151,post_etf
2024-10-24,68161.0546875,0.02602442034118191,0.016950419747951844,post_etf
2024-10-25,66642.4140625,-0.022280180844656217,0.017894384475671016,post_etf
2024-10-26,67014.6953125,0.00558625096700216,0.018221893648676307,post_etf
2024-10-27,67929.296875,0.01364777618155344,0.01876031651282136,post_etf
2024-10-28,69907.7578125,0.029125296867722028,0.019240204275095915,post_etf
2024-10-29,72720.4921875,0.04023493905417541,0.022975542480540512,post_etf
2024-10-30,72339.5390625,-0.005238593875544262,0.021609991618026632,post_etf
2024-10-31,70215.1875,-0.029366396164960396,0.025583841598290975,post_etf
2024-11-01,69482.46875,-0.010435331387529279,0.023847897188128766,post_etf
2024-11-02,69289.2734375,-0.0027804900426771084,0.024093475520560556,post_etf
2024-11-03,68741.1171875,-0.00791112711687536,0.02418553837609866,post_etf
2024-11-04,67811.5078125,-0.013523338185854272,0.021410514766635677,post_etf
2024-11-05,69359.5625,0.02282879023690776,0.015626679519764264,post_etf
2024-11-06,75639.078125,0.09053568676993895,0.039988450296438986,post_etf
2024-11-07,75904.859375,0.003513808689745934,0.036802138577559575,post_etf
2024-11-08,76545.4765625,0.008439738809541852,0.0355770911887224,post_etf
2024-11-09,76778.8671875,0.0030490452928257916,0.03517265005131038,post_etf
2024-11-10,80474.1875,0.048129393514959595,0.03539241026853683,post_etf
2024-11-11,88701.484375,0.10223522760015435,0.04179404297819187,post_etf
2024-11-12,87955.8125,-0.008406532091926988,0.04542043830891478,post_etf
2024-11-13,90584.1640625,0.029882636380625716,0.03837922851987318,post_etf
2024-11-14,87250.4296875,-0.03680261786927608,0.04490716191426406,post_etf
2024-11-15,91066.0078125,0.04373133907381366,0.04525062635394151,post_etf
2024-11-16,90558.4765625,-0.005573223886622736,0.04608826605418127,post_etf
2024-11-17,89845.8515625,-0.007869224693816235,0.04621209992875228,post_etf
2024-11-18,90542.640625,0.007755383808848215,0.026801454701541147,post_etf
2024-11-19,92343.7890625,0.019892819836786257,0.026885155789526313,post_etf
2024-11-20,94339.4921875,0.02161166598491282,0.025889989529587532,post_etf
2024-11-21,98504.7265625,0.044151545428309014,0.021180739501592806,post_etf
2024-11-22,98997.6640625,0.005004201495724558,0.01806852492934702,post_etf
2024-11-23,97777.28125,-0.012327389984975179,0.019309731057606524,post_etf
2024-11-24,98013.8203125,0.002419161787646784,0.017963261418830652,post_etf
2024-11-25,93102.296875,-0.05011051933125821,0.029921958937074333,post_etf
2024-11-26,91985.3203125,-0.011997304040733403,0.029591830838071462,post_etf
2024-11-27,95962.53125,0.04323745271515378,0.03315965506464591,post_etf
2024-11-28,95652.46875,-0.0032310787967048116,0.027729618501804925,post_etf
2024-11-29,97461.5234375,0.018912786163713058,0.028942249758510657,post_etf
2024-11-30,96449.0546875,-0.010388394458550332,0.028834573237438127,post_etf
2024-12-01,97279.7890625,0.008613193542348574,0.02907231205611209,post_etf
2024-12-02,95865.3046875,-0.01454037255458307,0.020981156629677117,post_etf
2024-12-03,96002.1640625,0.0014276215513644441,0.019816714951477146,post_etf
2024-12-04,98768.53125,0.02881567529768403,0.01564607186655011,post_etf
2024-12-05,96593.5703125,-0.022020788503929523,0.0184923153554095,post_etf
2024-12-06,99920.7109375,0.03444474217316973,0.02159499694208416,post_etf
2024-12-07,99923.3359375,2.627082989481444e-05,0.020801593409986423,post_etf
2024-12-08,101236.015625,0.013136868131795154,0.020992795789683414,post_etf
2024-12-09,97432.71875,-0.03756861480096407,0.025948903878291026,post_etf
2024-12-10,96675.4296875,-0.007772430783165474,0.02624994393002441,post_etf
2024-12-11,101173.03125,0.04652269534294651,0.02993810157257533,post_etf
2024-12-12,100043.0,-0.011169293200355757,0.02862912522040019,post_etf
2024-12-13,101459.2578125,0.014156490833941326,0.026111925926943478,post_etf
2024-12-14,101372.96875,-0.0008504799301751742,0.02612773281674057,post_etf
2024-12-15,104298.6953125,0.02886101293644905,0.027830088774158684,post_etf
2024-12-16,106029.71875,0.016596788984881483,0.02079264991600829,post_etf
2024-12-17,106140.6015625,0.001045771070669721,0.019604572319179666,post_etf
2024-12-18,100041.5390625,-0.057462106019896764,0.028065885644469993,post_etf
2024-12-19,97490.953125,-0.025495268879325628,0.029399521750268907,post_etf
2024-12-20,97755.9296875,0.002717960528709318,0.02857338633016971,post_etf
2024-12-21,97224.7265625,-0.005433973434635808,0.028516488778666346,post_etf
2024-12-22,95104.9375,-0.021802983021374844,0.02445356649240146,post_etf
2024-12-23,94686.2421875,-0.004402456102765462,0.021329989612716125,post_etf
2024-12-24,98676.09375,0.04213760595334648,0.030453005538227655,post_etf
2024-12-25,99299.1953125,0.0063146152104343045,0.02233101662655684,post_etf
2024-12-26,95795.515625,-0.03528406928650052,0.02434691102582834,post_etf
2024-12-27,94164.859375,-0.017022260795415023,0.024814259525674242,post_etf
2024-12-28,95163.9296875,0.010609799867287384,0.025506381016851667,post_etf
2024-12-29,93530.2265625,-0.017167251608511402,0.024984956747241906,post_etf
2024-12-30,92643.2109375,-0.00948373223930199,0.025135806365498014,post_etf
2024-12-31,93429.203125,0.008484077565384274,0.01700078889203769,post_etf
2025-01-01,94419.7578125,0.010602195613021781,0.017652504393783398,post_etf
2025-01-02,96886.875,0.026129247147606893,0.01649751732296925,post_etf
2025-01-03,98107.4296875,0.012597729955682757,0.014570391330300298,post_etf
2025-01-04,98236.2265625,0.0013128146911018934,0.014500253512627653,post_etf
2025-01-05,98314.9609375,0.0008014800420892421,0.011214739796029624,post_etf
2025-01-06,102078.0859375,0.03827621924594227,0.013635431555387623,post_etf
2025-01-07,96922.703125,-0.05050430525956884,0.028143306678083114,post_etf
2025-01-08,95043.5234375,-0.019388436629511285,0.029505126454461676,post_etf
2025-01-09,92484.0390625,-0.026929603222076492,0.02887746437311628,post_etf
2025-01-10,94701.453125,0.023976181025154863,0.03039630077733701,post_etf
2025-01-11,94566.59375,-0.001424047578467369,0.030324538837575375,post_etf
2025-01-12,94488.4375,-0.0008264678561502592,0.030278592517938917,post_etf
2025-01-13,94516.5234375,0.00029724205673309356,0.02391016875022276,post_etf
2025-01-14,96534.046875,0.021345722040169157,0.018855453264583846,post_etf
2025-01-15,100504.4921875,0.041129999632577796,0.02227375402237434,post_etf
2025-01-16,99756.90625,-0.0074383335632930425,0.017944242667165995,post_etf
2025-01-17,104462.0390625,0.04716598568833419,0.022339609643732754,post_etf
2025-01-18,104408.0703125,-0.000516635042589142,0.022235404998118616,post_etf
2025-01-19,101089.609375,-0.03178356737719257,0.028088586485561683,post_etf
2025-01-20,102016.6640625,0.009170622908047932,0.02777468953886462,post_etf
2025-01-21,106146.265625,0.040479676535688514,0.029796474495973543,post_etf
2025-01-22,103653.0703125,-0.023488299826845638,0.030010129166263926,post_etf
2025-01-23,103960.171875,0.002962783076025932,0.029557351821677538,post_etf
2025-01-24,104819.484375,0.008265785680243276,0.02365821365404869,post_etf
2025-01-25,104714.6484375,-0.0010001569662844156,0.02366315586346419,post_etf
2025-01-26,102682.5,-0.019406534499448846,0.021165666058328602,post_etf
2025-01-27,102087.6875,-0.005792734886665207,0.0211265717223333,post_etf
2025-01-28,101332.4765625,-0.007397669160641884,0.011505721562431896,post_etf
2025-01-29,103703.2109375,0.023395602825692086,0.013479614311153899,post_etf
2025-01-30,104735.3046875,0.009952379879751394,0.013972839637400052,post_etf
2025-01-31,102405.0234375,-0.022249243050878498,0.015994880615487123,post_etf
2025-02-01,100655.90625,-0.017080384621634526,0.01676033024195648,post_etf
2025-02-02,97688.9765625,-0.02947596219670423,0.01849412622748288,post_etf
2025-02-03,101405.421875,0.03804365081173988,0.025168572612442413,post_etf
2025-02-04,97871.8203125,-0.034846278405663456,0.02832817386499339,post_etf
2025-02-05,96615.4453125,-0.012836943218062724,0.02553050469163916,post_etf
2025-02-06,96593.296875,-0.00022924323774897726,0.024487362208107172,post_etf
2025-02-07,96529.0859375,-0.0006647556256734743,0.02422748979044481,post_etf
2025-02-08,96482.453125,-0.00048309597099249757,0.024019761477751367,post_etf
2025-02-09,96500.09375,0.00018283765004545316,0.02164240997313336,post_etf
2025-02-10,97437.5546875,0.009714611676219231,0.014463061368536517,post_etf
2025-02-11,95747.4296875,-0.017345724709743937,0.009071564313257887,post_etf
2025-02-12,97885.859375,0.02233406885677658,0.012032944113727653,post_etf
2025-02-13,96623.8671875,-0.012892487184132717,0.013297125636811055,post_etf
2025-02-14,97508.96875,0.009160278803397981,0.013712443269831112,post_etf
2025-02-15,97580.3515625,0.0007320640697474623,0.013690468227991729,post_etf
2025-02-16,96175.03125,-0.014401672980240199,0.015006048574634421,post_etf
2025-02-17,95773.3828125,-0.004176223623530095,0.0143520022670941,post_etf
2025-02-18,95539.546875,-0.0024415545387781457,0.012779396457253858,post_etf
2025-02-19,96635.609375,0.011472343504350446,0.00992133416167536,post_etf
2025-02-20,98333.9375,0.017574558032842136,0.01087705885876248,post_etf
2025-02-21,96125.546875,-0.02245807176184722,0.013840662720483834,post_etf
2025-02-22,96577.7578125,0.0047043783073406065,0.014049151085130598,post_etf
2025-02-23,96273.921875,-0.0031460239332733453,0.012909565331509472,post_etf
2025-02-24,91418.171875,-0.05043681513571874,0.023241009168523185,post_etf
2025-02-25,88736.171875,-0.029337712021491935,0.0246594196722121,post_etf
2025-02-26,84347.0234375,-0.04946290046952739,0.026413397079021284,post_etf
2025-02-27,84704.2265625,0.004234922709094535,0.023679860971478516,post_etf
2025-02-28,84373.0078125,-0.003910297790814532,0.024492800356320135,post_etf
2025-03-01,86031.9140625,0.019661575342751147,0.027313359416254516,post_etf
2025-03-02,94248.3515625,0.09550452979612856,0.050604798833635896,post_etf
2025-03-03,86065.671875,-0.08682040111941614,0.057773946262081904,post_etf
2025-03-04,87222.1953125,0.013437685575495406,0.05729764677949281,post_etf
2025-03-05,90623.5625,0.03899657851208138,0.0545287332161846,post_etf
2025-03-06,89961.7265625,-0.007303133084179958,0.05496066461864966,post_etf
2025-03-07,86742.671875,-0.0357824911826653,0.057557972596058556,post_etf
2025-03-08,86154.59375,-0.006779571257010009,0.057332068063250204,post_etf
2025-03-09,80601.0390625,-0.0644603432710168,0.043997345595093426,post_etf
2025-03-10,78532.0,-0.02567012890361897,0.03366450971827319,post_etf
2025-03-11,82862.2109375,0.05513944554449135,0.04174211329234424,post_etf
2025-03-12,83722.359375,0.010380466895202334,0.03774809500820872,post_etf
2025-03-13,81066.703125,-0.0317197970748182,0.038508867369417575,post_etf
2025-03-14,83969.1015625,0.03580259620308812,0.04121005284317524,post_etf
2025-03-15,84343.109375,0.004454112352525463,0.04129791273476351,post_etf
2025-03-16,82579.6875,-0.020907717157540473,0.03277229683062148,post_etf
2025-03-17,84075.6875,0.018115835083536647,0.03026469831377971,post_etf
2025-03-18,82718.5,-0.016142449028442418,0.02394945847771021,post_etf
2025-03-19,86854.2265625,0.049997601050550955,0.030576244911345536,post_etf
2025-03-20,84167.1953125,-0.030937253791171848,0.030417832549578052,post_etf
2025-03-21,84043.2421875,-0.0014727011460912154,0.027396462919715297,post_etf
2025-03-22,83832.484375,-0.0025077306278807887,0.027352951585714023,post_etf
2025-03-23,86054.375,0.026503933905394295,0.027342027317557138,post_etf
2025-03-24,87498.9140625,0.016786352378946434,0.027250106118208363,post_etf
2025-03-25,87471.703125,-0.0003109860024155253,0.02571677460369285,post_etf
2025-03-26,86900.8828125,-0.00652577110204744,0.018221584268253408,post_etf
2025-03-27,87177.1015625,0.003178549412391707,0.011999348217059336,post_etf
2025-03-28,84353.1484375,-0.032393289916566204,0.018661199058036693,post_etf
2025-03-29,82597.5859375,-0.020812056603918605,0.020384526654042657,post_etf
2025-03-30,82334.5234375,-0.0031848691098436133,0.016123508348597118,post_etf
2025-03-31,82548.9140625,0.0026038970780313253,0.013421162806341824,post_etf
2025-04-01,85169.171875,0.0317418810684309,0.02027938726841489,post_etf
2025-04-02,82485.7109375,-0.031507420800550134,0.02290292051625984,post_etf
2025-04-03,83102.828125,0.007481504135517403,0.023282386083415655,post_etf
2025-04-04,83843.8046875,0.008916382019940938,0.02074675474690694,post_etf
2025-04-05,83504.796875,-0.004043325726492686,0.018922704495931808,post_etf
2025-04-06,78214.484375,-0.06335339642726368,0.031201425093587764,post_etf
2025-04-07,79235.3359375,0.013051950296130821,0.03197112965825217,post_etf
2025-04-08,76271.953125,-0.03739976334343409,0.02914382778253891,post_etf
2025-04-09,82573.953125,0.0826253916648998,0.045741954778659305,post_etf
2025-04-10,79626.140625,-0.0356990599146636,0.04760224561218379,post_etf
2025-04-11,83404.8359375,0.04745546227457886,0.05156145615049206,post_etf
2025-04-12,85287.109375,0.022567917271733462,0.05215880856524549,post_etf
2025-04-13,83684.9765625,-0.01878516957885823,0.04473304647935585,post_etf
2025-04-14,84542.390625,0.010245734631468162,0.04471941012557097,post_etf
2025-04-15,83668.9921875,-0.01033089354397465,0.04093301730292739,post_etf
2025-04-16,84033.8671875,0.004360934564412222,0.027577972101693823,post_etf
2025-04-17,84895.75,0.01025637449930672,0.02172619347604258,post_etf
2025-04-18,84450.8046875,-0.005241078764249063,0.01414895743887211,post_etf
2025-04-19,85063.4140625,0.007254038339443714,0.011314954296152244,post_etf
2025-04-20,85174.3046875,0.0013036230231544543,0.007876037310285137,post_etf
2025-04-21,87518.90625,0.027527099529631727,0.012207685799765278,post_etf
2025-04-22,93441.890625,0.06767662701452015,0.024883993408693718,post_etf
2025-04-23,93699.109375,0.0027527134594511615,0.025018175953595994,post_etf
2025-04-24,93943.796875,0.0026114175645013393,0.025470055655402044,post_etf
2025-04-25,94720.5,0.008267742531563593,0.02417367840745939,post_etf
2025-04-26,94646.9296875,-0.0007767095032226168,0.02488080942207125,post_etf
2025-04-27,93754.84375,-0.00942540809771053,0.026205172228477097,post_etf
2025-04-28,94978.75,0.013054325526514532,0.025530617764532484,post_etf
2025-04-29,94284.7890625,-0.007306486319308303,0.007999600457071567,post_etf
2025-04-30,94207.3125,-0.0008217291810309613,0.008006320569865872,post_etf
2025-05-01,96492.3359375,0.02425526614507767,0.012003704178761178,post_etf
2025-05-02,96910.0703125,0.0043291974532626565,0.011855834432144018,post_etf
2025-05-03,95891.796875,-0.010507405827035687,0.012938590013093974,post_etf
2025-05-04,94315.9765625,-0.016433317174712747,0.014176439604637063,post_etf
2025-05-05,94748.0546875,0.0045811763897039,0.013304441794437577,post_etf
2025-05-06,96802.4765625,0.02168299794413664,0.015135639029367464,post_etf
2025-05-07,97032.3203125,0.0023743581586117557,0.015018290158913674,post_etf
2025-05-08,103241.4609375,0.06399043746457878,0.026740748400326014,post_etf
2025-05-09,102970.8515625,-0.002621130818400763,0.027112956078548335,post_etf
2025-05-10,104696.328125,0.016756941758927724,0.025766873669835023,post_etf
2025-05-11,104106.359375,-0.005635047193781384,0.023978951042439058,post_etf
2025-05-12,102812.953125,-0.01242389281274392,0.025927283533593838,post_etf
2025-05-13,104169.8125,0.013197358248725033,0.025596331339753437,post_etf
2025-05-14,103539.4140625,-0.006051642240404331,0.026248717194023878,post_etf
2025-05-15,103744.640625,0.00198211052629782,0.010681946254280723,post_etf
2025-05-16,103489.2890625,-0.0024613470244020386,0.010673725546881991,post_etf
2025-05-17,103191.0859375,-0.0028814878109744146,0.008021668124959535,post_etf
2025-05-18,106446.0078125,0.03154266519659865,0.014739036026983794,post_etf
2025-05-19,105606.1796875,-0.007889709931436006,0.014016187948063688,post_etf
2025-05-20,106791.0859375,0.011220046530480143,0.013816552594708771,post_etf
2025-05-21,109678.078125,0.027034018449719976,0.015505578806103159,post_etf
2025-05-22,111673.28125,0.018191448638679386,0.015603745848050512,post_etf
2025-05-23,107287.796875,-0.03927066820202352,0.024459588329833196,post_etf
2025-05-24,107791.15625,0.004691674073487251,0.02419723679957891,post_etf
2025-05-25,109035.390625,0.011543009819045436,0.021810948606935745,post_etf
2025-05-26,109440.3671875,0.003714175371671846,0.02122109175791328,post_etf
2025-05-27,108994.640625,-0.004072780217708405,0.021297511461225046,post_etf
2025-05-28,107802.328125,-0.010939184653144474,0.018890873071721343,post_etf
2025-05-29,105641.7578125,-0.020041963379443528,0.017448869455904813,post_etf
2025-05-30,103998.5703125,-0.015554336978341854,0.0116521341264395,post_etf
2025-05-31,104638.09375,0.006149348357177731,0.011852577020975918,post_etf
2025-06-01,105652.1015625,0.009690618169351017,0.011457334972977039,post_etf
2025-06-02,105881.53125,0.0021715582000447764,0.011288022608712443,post_etf
2025-06-03,105432.46875,-0.004241178746647534,0.01128675018632201,post_etf
2025-06-04,104731.984375,-0.0066439151364365845,0.011002989256265238,post_etf
2025-06-05,101575.953125,-0.030134359325224014,0.013760747152079474,post_etf
2025-06-06,104390.34375,0.027707252931573167,0.017659672071378658,post_etf
2025-06-07,105615.625,0.011737496074678777,0.01807011516747881,post_etf
2025-06-08,105793.6484375,0.0016855786016509722,0.017712905477443093,post_etf
2025-06-09,110294.1015625,0.04253991795791734,0.023903574624499352,post_etf
2025-06-10,110257.234375,-0.0003342625487465778,0.02366650021184484,post_etf
2025-06-11,108686.625,-0.014244955298426398,0.024536549011752798,post_etf
2025-06-12,105929.0546875,-0.025371753999169577,0.023422387089209042,post_etf
2025-06-13,106090.96875,0.0015285141831733462,0.021429708502910663,post_etf
2025-06-14,105472.40625,-0.0058304915798971235,0.0211958056345899,post_etf
2025-06-15,105552.0234375,0.0007548627203146641,0.02118635824407928,post_etf
2025-06-16,106796.7578125,0.011792615001237072,0.012104528649441287,post_etf
2025-06-17,104601.1171875,-0.020559056941174436,0.013291825113112261,post_etf
2025-06-18,104883.328125,0.0026979724986506692,0.013383901703176014,post_etf
2025-06-19,104684.2890625,-0.0018977187896134229,0.009921233092944544,post_etf
2025-06-20,103309.6015625,-0.013131746055793259,0.010659605442168468,post_etf
2025-06-21,102257.40625,-0.010184874363913243,0.010925724412008985,post_etf
2025-06-22,100987.140625,-0.012422235919953284,0.011032010263881776,post_etf
2025-06-23,105577.7734375,0.04545759771084712,0.022045537581971048,post_etf
2025-06-24,106045.6328125,0.004431419225533917,0.020393899110034888,post_etf
2025-06-25,107361.2578125,0.012406215749838134,0.020765228782883848,post_etf
2025-06-26,106960.0,-0.003737454466123835,0.020856708016920918,post_etf
2025-06-27,107088.4296875,0.0012007263229245613,0.019647831175425744,post_etf
2025-06-28,107327.703125,0.002234353778444831,0.018545548511469345,post_etf
2025-06-29,108385.5703125,0.009856422495764683,0.016431790332492282,post_etf
2025-06-30,107135.3359375,-0.011535062936840146,0.008089393718235006,post_etf
2025-07-01,105698.28125,-0.013413452013053329,0.00985874069386292,post_etf
2025-07-02,108859.3203125,0.02990624847553991,0.014690298594194082,post_etf
2025-07-03,109647.9765625,0.007244728772290987,0.014552104185518448,post_etf
2025-07-04,108034.3359375,-0.014716556343200904,0.016152733318276373,post_etf
2025-07-05,108231.1796875,0.0018220480395592098,0.016149799523433612,post_etf
2025-07-06,109232.0703125,0.009247710575546852,0.016097661055123162,post_etf
2025-07-07,108299.8515625,-0.008534295352390808,0.015737232886076983,post_etf
2025-07-08,108950.2734375,0.006005750382996888,0.014283557431604157,post_etf
2025-07-09,111326.5546875,0.021810695604753683,0.012025856621495143,post_etf
2025-07-10,115987.203125,0.041864660687494615,0.019019090762981666,post_etf
2025-07-11,117516.9921875,0.013189291760499877,0.016114351206337738,post_etf
2025-07-12,117435.2265625,-0.0006957770402219454,0.01641001548563301,post_etf
2025-07-13,119116.1171875,0.014313342548076147,0.01638826649795794,post_etf
2025-07-14,119849.703125,0.006158578325259345,0.014002851850371463,post_etf
2025-07-15,117777.1875,-0.01729262210051885,0.018462506987607628,post_etf
2025-07-16,118738.5078125,0.00816219450392297,0.01788347555756618,post_etf
2025-07-17,119289.84375,0.004643278306736054,0.010712910017599993,post_etf
2025-07-18,118003.2265625,-0.01078563897020779,0.011135027572018766,post_etf
2025-07-19,117939.9765625,-0.0005360022928398989,0.011131988458463764,post_etf
2025-07-20,117300.7890625,-0.00541960002562214,0.009475327090049807,post_etf
2025-07-21,117439.5390625,0.0011828564931994912,0.008918159413339443,post_etf
2025-07-22,119995.4140625,0.02176332622218302,0.010468877388757476,post_etf
2025-07-23,118754.9609375,-0.010337504434577038,0.011175998527734023,post_etf
2025-07-24,118368.0,-0.0032584822936673197,0.011035613996013004,post_etf
2025-07-25,117635.8828125,-0.006185093838706357,0.0104827283200395,post_etf
2025-07-26,117947.3671875,0.002647868724685587,0.010544665126189226,post_etf
2025-07-27,119448.4921875,0.012727075099638885,0.011185284230392913,post_etf
2025-07-28,117924.4765625,-0.012758768211219684,0.012636814550405332,post_etf
2025-07-29,117922.1484375,-1.9742508661990676e-05,0.008615159622600135,post_etf
2025-07-30,117831.1875,-0.0007713643170961237,0.007884083502959681,post_etf
2025-07-31,115758.203125,-0.017592832754910526,0.010093624276317532,post_etf
2025-08-01,113320.0859375,-0.021062154747402473,0.012190951400724155,post_etf
2025-08-02,112526.9140625,-0.006999393518263508,0.011682493111836969,post_etf
2025-08-03,114217.671875,0.015025363723748075,0.012331746415892903,post_etf
2025-08-04,115071.8828125,0.007478798363486527,0.012926195243219044,post_etf
2025-08-05,114141.4453125,-0.008085706753543476,0.012932058999718403,post_etf
2025-08-06,115028.0,0.007767158415357134,0.01372850883551232,post_etf
2025-08-07,117496.8984375,0.021463456180234486,0.01486594031206959,post_etf
2025-08-08,116688.7265625,-0.0068782400705657,0.01181639578650335,post_etf
2025-08-09,116500.359375,-0.0016142706587778388,0.011116266590266944,post_etf
2025-08-10,119306.7578125,0.02408918266480664,0.012865818556015969,post_etf
2025-08-11,118731.4453125,-0.004822128356753663,0.013504905635420401,post_etf
2025-08-12,120172.90625,0.012140515376580119,0.012472673301077613,post_etf
2025-08-13,123344.0625,0.026388279596092357,0.014390107559743766,post_etf
2025-08-14,118359.578125,-0.040411222672351976,0.022799716212152724,post_etf
2025-08-15,117398.3515625,-0.008121240187970669,0.02287846134927189,post_etf
2025-08-16,117491.3515625,0.0007921746665282559,0.02284906692665328,post_etf
2025-08-17,117453.0625,-0.00032588834829794244,0.020564066701836078,post_etf
2025-08-18,116252.3125,-0.01022323279139703,0.020785491657396415,post_etf
2025-08-19,112831.1796875,-0.029428514056440758,0.021715264445959052,post_etf
2025-08-20,114274.7421875,0.012794003430595335,0.018403132374565763,post_etf
2025-08-21,112419.03125,-0.01623902974513114,0.013519555483566406,post_etf
2025-08-22,116874.0859375,0.03962900798880531,0.022240539468235242,post_etf
2025-08-23,115374.328125,-0.012832252765613172,0.02270714662675111,post_etf
2025-08-24,113458.4296875,-0.016605933647771742,0.02328855443730744,post_etf
2025-08-25,110124.3515625,-0.029385900493979156,0.025101584751624332,post_etf
2025-08-26,111802.65625,0.015240086898922645,0.024242672875871514,post_etf
2025-08-27,111222.0625,-0.005193022862549412,0.02347081616356005,post_etf
2025-08-28,112544.8046875,0.01189280397942638,0.023359521328797147,post_etf
2025-08-29,108410.8359375,-0.036731759955323295,0.019492118599037725,post_etf
2025-08-30,108808.0703125,0.003664157476186425,0.020151554040781165,post_etf
2025-08-31,108236.7109375,-0.00525107534173741,0.01981253162788275,post_etf
2025-09-01,109250.59375,0.009367272930950854,0.01766168764445419,post_etf
2025-09-02,111200.5859375,0.017848801737061493,0.018083991848687954,post_etf
2025-09-03,111723.2109375,0.004699840343410866,0.01805440412512111,post_etf
2025-09-04,110723.6015625,-0.008947195185422974,0.017630599277493032,post_etf
2025-09-05,110650.984375,-0.0006558419928113235,0.00902339375773718,post_etf
2025-09-06,110224.6953125,-0.0038525555367432407,0.009366483835672757,post_etf
2025-09-07,111167.6171875,0.008554542812086785,0.009061468605712854,post_etf
2025-09-08,112071.4296875,0.008130177859939192,0.00894748753787976,post_etf
2025-09-09,111530.546875,-0.004826232823193166,0.0068143274402963,post_etf
2025-09-10,113955.359375,0.02174124101370767,0.010587801418342235,post_etf
2025-09-11,115507.5390625,0.013620945043858246,0.009793167195222413,post_etf
2025-09-12,116101.578125,0.005142859655061782,0.00936204711198178,post_etf
2025-09-13,115950.5078125,-0.0013011908618274504,0.008911097199745232,post_etf
2025-09-14,115407.65625,-0.004681752350561785,0.009943704187743527,post_etf
2025-09-15,115444.875,0.0003224981011604733,0.010024471941941282,post_etf
2025-09-16,116843.1875,0.012112382641498831,0.009487644525214538,post_etf
2025-09-17,116468.5078125,-0.0032066883445814875,0.007342660070708823,post_etf
2025-09-18,117137.203125,0.005741425944741474,0.005938588669048639,post_etf
2025-09-19,115688.859375,-0.012364506846338497,0.007798756404175809,post_etf
2025-09-20,115721.9609375,0.0002861257573012477,0.007794061316446385,post_etf
2025-09-21,115306.09375,-0.003593675600818802,0.007701380326548157,post_etf
2025-09-22,112748.5078125,-0.02218083931492132,0.01133500442153484,post_etf
2025-09-23,112014.5,-0.00651013327573835,0.009069656183288663,post_etf
2025-09-24,113328.6328125,0.011731809832655538,0.011310421270013778,post_etf
2025-09-25,109049.2890625,-0.03776048156409062,0.016103220490245623,post_etf
2025-09-26,109712.828125,0.0060847628462732395,0.01713889644166496,post_etf
2025-09-27,109681.9453125,-0.0002814877077529365,0.017097651838059176,post_etf
2025-09-28,112122.640625,0.02225248016477188,0.020528724209159077,post_etf
2025-09-29,114400.3828125,0.02031473906432546,0.020473683029279034,post_etf
2025-09-30,114056.0859375,-0.003009577997342028,0.02026541038633222,post_etf
2025-10-01,118648.9296875,0.04026829179914837,0.024745595314921147,post_etf
2025-10-02,120681.2578125,0.017128920845327356,0.015058198298911,post_etf
2025-10-03,122266.53125,0.013136036748664148,0.014616785914662148,post_etf
2025-10-04,122425.4296875,0.001299606980548873,0.014338466655256198,post_etf
2025-10-05,123513.4765625,0.008887425412982486,0.01424312532755564,post_etf
2025-10-06,124752.53125,0.010031736794915869,0.01401213709280908,post_etf
2025-10-07,121451.3828125,-0.026461574802715715,0.019910427870687326,post_etf
2025-10-08,123354.8671875,0.01567280940669602,0.015099777993871874,post_etf
2025-10-09,121705.5859375,-0.013370216251727518,0.01563330119119412,post_etf
2025-10-10,113214.3671875,-0.06976852117831744,0.02999286733826894,post_etf
2025-10-11,110807.8828125,-0.02125599811033263,0.02972055632784842,post_etf
2025-10-12,115169.765625,0.03936437283871608,0.0352986902361752,post_etf
2025-10-13,115271.078125,0.000879679657679322,0.03462208314498685,post_etf
2025-10-14,113118.6640625,-0.01867262888064536,0.034153302418770286,post_etf
2025-10-15,110783.1640625,-0.02064646024028005,0.032388449798012545,post_etf
2025-10-16,108186.0390625,-0.023443318504017374,0.03253872619237921,post_etf
2025-10-17,106467.7890625,-0.01588236351834038,0.02262192701291116,post_etf
2025-10-18,107198.265625,0.006861009972426446,0.022479900589120125,post_etf
2025-10-19,108666.7109375,0.013698405510000455,0.0149709561587226,post_etf
2025-10-20,110588.9296875,0.01768912239467313,0.017754270041255314,post_etf
2025-10-21,108476.890625,-0.019098105646452646,0.017806452842699313,post_etf
2025-10-22,107688.5859375,-0.007267028792566799,0.016630434739627272,post_etf
2025-10-23,110069.7265625,0.022111355667553845,0.01663063506593032,post_etf
2025-10-24,111033.921875,0.008759859251149305,0.014546950325553766,post_etf
2025-10-25,111641.7265625,0.005474045023684315,0.014544426766370239,post_etf
2025-10-26,114472.4453125,0.025355383127430242,0.01616220601078619,post_etf
2025-10-27,114119.328125,-0.0030847352525406047,0.015900646008857138,post_etf
2025-10-28,112956.1640625,-0.01019252462848308,0.013920864040301422,post_etf
2025-10-29,110055.3046875,-0.025681284408657135,0.017970128796545446,post_etf
2025-10-30,108305.546875,-0.015898895718551742,0.017039169607755953,post_etf
2025-10-31,109556.1640625,0.011547120379193476,0.01736687354000879,post_etf
2025-11-01,110064.015625,0.004635536182247879,0.017311278920280344,post_etf
2025-11-02,110639.625,0.005229768982454308,0.013216690847980953,post_etf
2025-11-03,106547.5234375,-0.03698585893164408,0.01788104367879382,post_etf
2025-11-04,101590.5234375,-0.046523840630681046,0.02269847987022846,post_etf
2025-11-05,103891.8359375,0.02265282648549194,0.025958192404324953,post_etf
2025-11-06,101301.2890625,-0.02493503798083263,0.026637693373652092,post_etf
2025-11-07,103372.40625,0.020445121741957006,0.0279714965109672,post_etf
2025-11-08,102282.1171875,-0.010547196317199026,0.027418295754156448,post_etf
2025-11-09,104719.640625,0.02383137448193029,0.029936856995461524,post_etf
2025-11-10,105996.59375,0.012194017448672767,0.027519877884510397,post_etf
2025-11-11,102997.46875,-0.028294541304540788,0.022904574750489137,post_etf
2025-11-12,101663.1875,-0.012954505253314763,0.021515066612262712,post_etf
2025-11-13,99697.4921875,-0.01933536967351135,0.02064551923692245,post_etf
2025-11-14,94397.7890625,-0.053157837862490065,0.025439305159826356,post_etf
2025-11-15,95549.1484375,0.012196889211437911,0.02714202892389457,post_etf
2025-11-16,94177.078125,-0.01435983820826503,0.022858633602069658,post_etf
2025-11-17,92093.875,-0.02212006537551514,0.01953932382542904,post_etf
2025-11-18,92948.875,0.009284005043766586,0.021819437543695024,post_etf
2025-11-19,91465.9921875,-0.015953746750565823,0.0218169256582718,post_etf
2025-11-20,86631.8984375,-0.05285126891851111,0.026217679671423855,post_etf
2025-11-21,85090.6875,-0.017790340109098413,0.021680429363608443,post_etf
2025-11-22,84648.359375,-0.0051983141515926645,0.018931221938962264,post_etf
2025-11-23,86805.0078125,0.025477734635657168,0.024902800543859772,post_etf
2025-11-24,88270.5625,0.01688329653360121,0.02639879255741274,post_etf
2025-11-25,87341.890625,-0.010520742688141405,0.025569047609759653,post_etf
2025-11-26,90518.3671875,0.03636830551491177,0.030265370850703383,post_etf
2025-11-27,91285.375,0.008473504729832548,0.019878649143299634,post_etf
2025-11-28,90919.265625,-0.004010602738938163,0.01747394379769976,post_etf
2025-11-29,90851.7578125,-0.0007425028351905061,0.016915601415029364,post_etf
2025-11-30,90394.3125,-0.005035073877646679,0.016264127005897397,post_etf
2025-12-01,86321.5703125,-0.045055292472078956,0.02421067442629744,post_etf
2025-12-02,91350.203125,0.05825464938016567,0.032983339608341405,post_etf
2025-12-03,93527.8046875,0.023837949867722363,0.03142005459382612,post_etf
2025-12-04,92141.625,-0.014821043775501641,0.032226846048570505,post_etf
2025-12-05,89387.7578125,-0.029887330373216225,0.03441126883965438,post_etf
2025-12-06,89272.375,-0.0012908122468182626,0.03440876248228612,post_etf
2025-12-07,90405.640625,0.012694471554050235,0.034798402136230505,post_etf
2025-12-08,90640.203125,0.0025945560296725123,0.028481427815821303,post_etf
2025-12-09,92691.7109375,0.022633530616329445,0.01969559797237773,post_etf
2025-12-10,92020.9453125,-0.007236522211271801,0.017385858253438403,post_etf
2025-12-11,92511.3359375,0.005329119618741718,0.016595687868432834,post_etf
2025-12-12,90270.4140625,-0.024223213861206738,0.014908620013014089,post_etf
2025-12-13,90298.7109375,0.00031346787642294593,0.014870848094978335,post_etf
2025-12-14,88175.1796875,-0.023516739363752315,0.016616566898447427,post_etf
2025-12-15,86419.78125,-0.019908078936967,0.01741139127513523,post_etf
2025-12-16,87843.984375,0.01648005936140917,0.01576336313103838,post_etf
2025-12-17,86143.7578125,-0.01935507109105894,0.01637827964075138,post_etf
2025-12-18,85462.5078125,-0.007908292107279613,0.015128403691655034,post_etf
2025-12-19,88103.3828125,0.03090097713717843,0.020565179393818935,post_etf
2025-12-20,88344.0,0.002731077738661547,0.020655781881234687,post_etf
2025-12-21,88621.75,0.0031439599746445612,0.018583184686474217,post_etf
2025-12-22,88490.015625,-0.0014864790528285043,0.01631656554047657,post_etf
2025-12-23,87414.0,-0.01215974047919599,0.016109011533622597,post_etf
2025-12-24,87611.9609375,0.0022646365284737513,0.013821911969665895,post_etf
2025-12-25,87234.7421875,-0.004305562231041726,0.013431397701175447,post_etf
2025-12-26,87301.4296875,0.0007644603322913834,0.005476750078394277,post_etf
2025-12-27,87802.15625,0.005735605525503784,0.005942563506371688,post_etf
2025-12-28,87835.8359375,0.00038358610925337544,0.005719738046385316,post_etf
2025-12-29,87138.140625,-0.007943173820266769,0.006258072552063179,post_etf
2025-12-30,88430.1328125,0.014826942349620564,0.007309616956196823,post_etf
